To honour the JVM settings for this build a single-use Daemon process will be forked. For more on this, please refer to https://docs.gradle.org/9.4.1/userguide/gradle_daemon.html#sec:disabling_the_daemon in the Gradle documentation.
Daemon will be stopped at the end of the build 
> Task :domain:checkKotlinGradlePluginConfigurationErrors SKIPPED
> Task :app:preBuild UP-TO-DATE
> Task :data:preBuild UP-TO-DATE
> Task :data:preDebugBuild UP-TO-DATE
> Task :app:preDebugBuild UP-TO-DATE
> Task :app:mergeDebugNativeDebugMetadata NO-SOURCE
> Task :data:processDebugNavigationResources
> Task :app:generateDebugResources
> Task :app:processDebugGoogleServices
> Task :data:generateDebugBuildConfig
> Task :data:generateDebugResources
> Task :data:packageDebugResources
> Task :app:packageDebugResources
> Task :app:processDebugNavigationResources FAILED
> Task :app:generateDebugAssets UP-TO-DATE
> Task :app:javaPreCompileDebug
> Task :domain:processResources NO-SOURCE
> Task :domain:processTestResources
> Task :data:javaPreCompileDebug FROM-CACHE
> Task :data:generateDebugAssets UP-TO-DATE
> Task :data:mergeDebugAssets
> Task :data:writeDebugAarMetadata
> Task :data:extractDeepLinksDebug
> Task :data:parseDebugLocalResources
> Task :data:generateDebugRFile
> Task :data:mapDebugSourceSetPaths
> Task :data:processDebugManifest
> Task :data:mergeDebugJniLibFolders
> Task :data:mergeDebugNativeLibs NO-SOURCE
> Task :data:compileDebugLibraryResources
> Task :data:preReleaseBuild UP-TO-DATE
> Task :data:copyDebugJniLibsProjectOnly
> Task :data:mergeReleaseJniLibFolders
> Task :data:mergeReleaseNativeLibs NO-SOURCE
> Task :data:copyReleaseJniLibsProjectOnly
> Task :data:generateReleaseBuildConfig
> Task :data:generateReleaseResources FROM-CACHE
> Task :data:packageReleaseResources
> Task :data:processReleaseNavigationResources FROM-CACHE
> Task :data:parseReleaseLocalResources FROM-CACHE
> Task :data:generateReleaseRFile FROM-CACHE
> Task :data:javaPreCompileRelease FROM-CACHE
> Task :data:writeReleaseAarMetadata
> Task :data:extractDeepLinksRelease FROM-CACHE
> Task :data:processReleaseManifest FROM-CACHE
> Task :data:mapReleaseSourceSetPaths
> Task :data:compileReleaseLibraryResources
> Task :data:prepareReleaseArtProfile
> Task :data:generateReleaseAssets UP-TO-DATE
> Task :data:mergeReleaseAssets
> Task :data:extractProguardFiles
> Task :data:prepareLintJarForPublish
> Task :data:stripReleaseDebugSymbols NO-SOURCE
> Task :data:checkReleaseAarMetadata
> Task :data:copyReleaseJniLibsProjectAndLocalJars
> Task :data:extractDeepLinksForAarRelease
> Task :data:writeReleaseLintModelMetadata
> Task :data:stripDebugDebugSymbols NO-SOURCE
> Task :data:checkDebugAarMetadata
> Task :data:copyDebugJniLibsProjectAndLocalJars
> Task :data:extractDeepLinksForAarDebug FROM-CACHE
> Task :data:prepareDebugArtProfile
> Task :data:writeDebugLintModelMetadata
> Task :data:preDebugAndroidTestBuild UP-TO-DATE
> Task :data:preDebugUnitTestBuild UP-TO-DATE
> Task :app:generateDebugGlobalSynthetics
> Task :app:mergeDebugAssets FAILED
> Task :app:checkDebugDuplicateClasses FAILED
> Task :app:desugarDebugFileDependencies FAILED
> Task :app:checkDebugAarMetadata FAILED
> Task :app:mapDebugSourceSetPaths
> Task :app:mergeDebugResources FAILED
> Task :app:createDebugCompatibleScreenManifests
> Task :app:extractDeepLinksDebug
> Task :app:processDebugMainManifest FAILED
> Task :app:mergeDebugJniLibFolders
> Task :data:mergeReleaseResources
> Task :app:validateSigningDebug
> Task :app:writeDebugAppMetadata
> Task :app:writeDebugSigningConfigVersions
> Task :app:preReleaseBuild UP-TO-DATE
> Task :app:mergeReleaseJniLibFolders
> Task :app:checkReleaseDuplicateClasses FAILED
> Task :app:generateReleaseResources FROM-CACHE
> Task :app:processReleaseGoogleServices FROM-CACHE
> Task :data:generateDebugUnitTestStubRFile
> Task :data:javaPreCompileDebugUnitTest FROM-CACHE
> Task :app:packageReleaseResources
> Task :app:processReleaseNavigationResources FAILED
> Task :app:javaPreCompileRelease FROM-CACHE
> Task :app:checkReleaseAarMetadata FAILED
> Task :app:mapReleaseSourceSetPaths
> Task :app:mergeReleaseResources FAILED
> Task :app:createReleaseCompatibleScreenManifests
> Task :app:extractDeepLinksRelease FROM-CACHE
> Task :app:processReleaseMainManifest FAILED
> Task :app:desugarReleaseFileDependencies FAILED
> Task :app:mergeReleaseStartupProfile
> Task :app:mergeReleaseArtProfile FAILED
> Task :app:generateReleaseAssets UP-TO-DATE
> Task :app:mergeReleaseAssets FAILED
> Task :app:extractReleaseVersionControlInfo
> Task :app:extractProguardFiles
> Task :app:collectReleaseDependencies FAILED
> Task :app:writeReleaseAppMetadata
> Task :app:writeReleaseSigningConfigVersions
> Task :app:preDebugAndroidTestBuild SKIPPED
> Task :app:preDebugUnitTestBuild UP-TO-DATE
> Task :app:javaPreCompileDebugUnitTest FROM-CACHE
> Task :data:verifyReleaseResources
> Task :domain:compileKotlin
w: file:///home/runner/work/pocketcare-app/pocketcare-app/apps/android/domain/src/main/kotlin/com/sanvya/app/domain/investments/InvestmentsModel.kt:104:50 Unnecessary non-null assertion (!!) on a non-null receiver of type 'Double'.
w: file:///home/runner/work/pocketcare-app/pocketcare-app/apps/android/domain/src/main/kotlin/com/sanvya/app/domain/statements/StatementAnalysis.kt:36:46 Unnecessary non-null assertion (!!) on a non-null receiver of type 'String'.
w: file:///home/runner/work/pocketcare-app/pocketcare-app/apps/android/domain/src/main/kotlin/com/sanvya/app/domain/statements/StatementAnalysis.kt:37:42 Unnecessary non-null assertion (!!) on a non-null receiver of type 'String'.
w: file:///home/runner/work/pocketcare-app/pocketcare-app/apps/android/domain/src/main/kotlin/com/sanvya/app/domain/statements/StatementCsv.kt:203:26 Unnecessary non-null assertion (!!) on a non-null receiver of type 'String'.

> Task :domain:compileJava NO-SOURCE
> Task :domain:classes UP-TO-DATE
> Task :domain:jar
> Task :app:mergeDebugNativeLibs FAILED
> Task :app:mergeReleaseNativeLibs FAILED
> Task :domain:assemble

> Task :domain:compileTestKotlin
e: file:///home/runner/work/pocketcare-app/pocketcare-app/apps/android/domain/src/test/kotlin/com/sanvya/app/domain/assistant/AssistantVectors.kt:263:58 Unresolved reference 'jsonArray'.
e: file:///home/runner/work/pocketcare-app/pocketcare-app/apps/android/domain/src/test/kotlin/com/sanvya/app/domain/assistant/AssistantVectors.kt:263:74 Unresolved reference 'it'.
e: file:///home/runner/work/pocketcare-app/pocketcare-app/apps/android/domain/src/test/kotlin/com/sanvya/app/domain/assistant/AssistantVectors.kt:268:60 Unresolved reference 'jsonArray'.
e: file:///home/runner/work/pocketcare-app/pocketcare-app/apps/android/domain/src/test/kotlin/com/sanvya/app/domain/assistant/AssistantVectors.kt:268:76 Unresolved reference 'it'.

> Task :domain:compileTestKotlin FAILED
> Task :data:extractReleaseAnnotations
> Task :data:extractDebugAnnotations

> Task :data:compileDebugKotlin
w: file:///home/runner/work/pocketcare-app/pocketcare-app/apps/android/data/src/main/kotlin/com/sanvya/app/data/repository/LedgerRepository.kt:1570:38 Unnecessary non-null assertion (!!) on a non-null receiver of type 'List<String>'.
w: file:///home/runner/work/pocketcare-app/pocketcare-app/apps/android/data/src/main/kotlin/com/sanvya/app/data/repository/RepairRepository.kt:234:16 Redundant creation of Json format. Creating instances for each usage can be slow.

> Task :data:compileReleaseKotlin
w: file:///home/runner/work/pocketcare-app/pocketcare-app/apps/android/data/src/main/kotlin/com/sanvya/app/data/repository/LedgerRepository.kt:1570:38 Unnecessary non-null assertion (!!) on a non-null receiver of type 'List<String>'.
w: file:///home/runner/work/pocketcare-app/pocketcare-app/apps/android/data/src/main/kotlin/com/sanvya/app/data/repository/RepairRepository.kt:234:16 Redundant creation of Json format. Creating instances for each usage can be slow.

> Task :data:compileDebugJavaWithJavac
> Task :data:processDebugJavaRes
> Task :data:bundleLibCompileToJarDebug
> Task :data:bundleLibRuntimeToDirDebug
> Task :data:compileReleaseJavaWithJavac
> Task :data:bundleLibRuntimeToJarRelease
> Task :data:bundleLibCompileToJarRelease
> Task :data:processReleaseJavaRes
> Task :data:createFullJarRelease
> Task :data:bundleLibRuntimeToDirRelease
> Task :data:generateReleaseLintModel
> Task :data:mergeReleaseGeneratedProguardFiles
> Task :data:mergeReleaseConsumerProguardFiles
> Task :data:mergeReleaseJavaResource
> Task :data:syncReleaseLibJars
> Task :data:bundleReleaseLocalLintAar
> Task :data:generateReleaseLintVitalModel
> Task :data:mergeDebugGeneratedProguardFiles
> Task :data:mergeDebugConsumerProguardFiles
> Task :data:mergeDebugJavaResource
> Task :data:syncDebugLibJars
> Task :data:bundleDebugLocalLintAar
> Task :data:bundleLibRuntimeToJarDebug
> Task :data:createFullJarDebug
> Task :data:generateDebugLintModel
> Task :data:generateDebugAndroidTestLintModel
> Task :data:generateDebugUnitTestLintModel
> Task :data:lintAnalyzeDebugAndroidTest
> Task :data:bundleDebugAar
> Task :data:assembleDebug
> Task :data:bundleReleaseAar
> Task :data:assembleRelease
> Task :data:assemble
> Task :data:generateDebugLintReportModel
> Task :data:compileDebugUnitTestKotlin
> Task :data:compileDebugUnitTestJavaWithJavac NO-SOURCE
> Task :data:processDebugUnitTestJavaRes
> Task :data:lintAnalyzeDebugUnitTest
> Task :data:testDebugUnitTest
> Task :data:test
> Task :data:lintVitalAnalyzeRelease
> Task :data:lintAnalyzeDebug

> Task :data:lintReportDebug
Wrote HTML report to file:///home/runner/work/pocketcare-app/pocketcare-app/apps/android/data/build/reports/lint-results-debug.html

> Task :data:lintDebug
> Task :data:lint
> Task :data:check
> Task :data:build
gradle/actions: Writing build results to /home/runner/work/_temp/.gradle-actions/build-results/__run_2-1787849262334.json

[Incubating] Problems report is available at: file:///home/runner/work/pocketcare-app/pocketcare-app/apps/android/build/reports/problems/problems-report.html

FAILURE: Build completed with 19 failures.

1: Task failed with an exception.
-----------
* What went wrong:
Execution failed for task ':app:processDebugNavigationResources'.
> Could not resolve all files for configuration ':app:debugRuntimeClasspath'.
   > Could not resolve com.tom-roush:pdfbox-android:2.0.27.0.
     Required by:
         project ':app'
      > Repository MavenRepo is disabled due to earlier error below:
         > Could not download org.jetbrains.kotlin.jvm.gradle.plugin-2.4.10.jar (org.jetbrains.kotlin.jvm:org.jetbrains.kotlin.jvm.gradle.plugin:2.4.10)
            > Could not get resource 'https://repo.maven.apache.org/maven2/org/jetbrains/kotlin/jvm/org.jetbrains.kotlin.jvm.gradle.plugin/2.4.10/org.jetbrains.kotlin.jvm.gradle.plugin-2.4.10.jar'.
               > Could not HEAD 'https://repo.maven.apache.org/maven2/org/jetbrains/kotlin/jvm/org.jetbrains.kotlin.jvm.gradle.plugin/2.4.10/org.jetbrains.kotlin.jvm.gradle.plugin-2.4.10.jar'. Received status code 429 from server: Too Many Requests

* Try:
> Run with --info or --debug option to get more log output.
> Run with --scan to get full insights from a Build Scan (powered by Develocity).
> Get more help at https://help.gradle.org.

* Exception is:
org.gradle.api.tasks.TaskExecutionException: Execution failed for task ':app:processDebugNavigationResources'.
	at org.gradle.api.internal.tasks.execution.CatchExceptionTaskExecuter.execute(CatchExceptionTaskExecuter.java:38)
	at org.gradle.api.internal.tasks.execution.EventFiringTaskExecuter$1.executeTask(EventFiringTaskExecuter.java:77)
	at org.gradle.api.internal.tasks.execution.EventFiringTaskExecuter$1.call(EventFiringTaskExecuter.java:55)
	at org.gradle.api.internal.tasks.execution.EventFiringTaskExecuter$1.call(EventFiringTaskExecuter.java:52)
	at org.gradle.internal.operations.DefaultBuildOperationRunner$CallableBuildOperationWorker.execute(DefaultBuildOperationRunner.java:210)
	at org.gradle.internal.operations.DefaultBuildOperationRunner$CallableBuildOperationWorker.execute(DefaultBuildOperationRunner.java:205)
	at org.gradle.internal.operations.DefaultBuildOperationRunner$2.execute(DefaultBuildOperationRunner.java:67)
	at org.gradle.internal.operations.DefaultBuildOperationRunner$2.execute(DefaultBuildOperationRunner.java:60)
	at org.gradle.internal.operations.DefaultBuildOperationRunner.execute(DefaultBuildOperationRunner.java:167)
	at org.gradle.internal.operations.DefaultBuildOperationRunner.execute(DefaultBuildOperationRunner.java:60)
	at org.gradle.internal.operations.DefaultBuildOperationRunner.call(DefaultBuildOperationRunner.java:54)
	at org.gradle.api.internal.tasks.execution.EventFiringTaskExecuter.execute(EventFiringTaskExecuter.java:52)
	at org.gradle.execution.plan.DefaultNodeExecutor.executeLocalTaskNode(DefaultNodeExecutor.java:55)
	at org.gradle.execution.plan.DefaultNodeExecutor.execute(DefaultNodeExecutor.java:34)
	at org.gradle.execution.taskgraph.DefaultTaskExecutionGraph$InvokeNodeExecutorsAction.execute(DefaultTaskExecutionGraph.java:355)
	at org.gradle.execution.taskgraph.DefaultTaskExecutionGraph$InvokeNodeExecutorsAction.execute(DefaultTaskExecutionGraph.java:343)
	at org.gradle.execution.taskgraph.DefaultTaskExecutionGraph$BuildOperationAwareExecutionAction.lambda$execute$0(DefaultTaskExecutionGraph.java:339)
	at org.gradle.internal.operations.CurrentBuildOperationRef.with(CurrentBuildOperationRef.java:84)
	at org.gradle.execution.taskgraph.DefaultTaskExecutionGraph$BuildOperationAwareExecutionAction.execute(DefaultTaskExecutionGraph.java:339)
	at org.gradle.execution.taskgraph.DefaultTaskExecutionGraph$BuildOperationAwareExecutionAction.execute(DefaultTaskExecutionGraph.java:328)
	at org.gradle.execution.plan.DefaultPlanExecutor$ExecutorWorker.execute(DefaultPlanExecutor.java:459)
	at org.gradle.execution.plan.DefaultPlanExecutor$ExecutorWorker.run(DefaultPlanExecutor.java:376)
	at org.gradle.execution.plan.DefaultPlanExecutor.process(DefaultPlanExecutor.java:111)
	at org.gradle.execution.taskgraph.DefaultTaskExecutionGraph.executeWithServices(DefaultTaskExecutionGraph.java:146)
	at org.gradle.execution.taskgraph.DefaultTaskExecutionGraph.execute(DefaultTaskExecutionGraph.java:131)
	at org.gradle.execution.SelectedTaskExecutionAction.execute(SelectedTaskExecutionAction.java:35)
	at org.gradle.execution.BuildOperationFiringBuildWorkerExecutor$ExecuteTasks.call(BuildOperationFiringBuildWorkerExecutor.java:54)
	at org.gradle.execution.BuildOperationFiringBuildWorkerExecutor$ExecuteTasks.call(BuildOperationFiringBuildWorkerExecutor.java:43)
	at org.gradle.internal.operations.DefaultBuildOperationRunner$CallableBuildOperationWorker.execute(DefaultBuildOperationRunner.java:210)
	at org.gradle.internal.operations.DefaultBuildOperationRunner$CallableBuildOperationWorker.execute(DefaultBuildOperationRunner.java:205)
	at org.gradle.internal.operations.DefaultBuildOperationRunner$2.execute(DefaultBuildOperationRunner.java:67)
	at org.gradle.internal.operations.DefaultBuildOperationRunner$2.execute(DefaultBuildOperationRunner.java:60)
	at org.gradle.internal.operations.DefaultBuildOperationRunner.execute(DefaultBuildOperationRunner.java:167)
	at org.gradle.internal.operations.DefaultBuildOperationRunner.execute(DefaultBuildOperationRunner.java:60)
	at org.gradle.internal.operations.DefaultBuildOperationRunner.call(DefaultBuildOperationRunner.java:54)
	at org.gradle.execution.BuildOperationFiringBuildWorkerExecutor.execute(BuildOperationFiringBuildWorkerExecutor.java:40)
	at org.gradle.internal.build.DefaultBuildLifecycleController.lambda$executeTasks$11(DefaultBuildLifecycleController.java:323)
	at org.gradle.internal.model.StateTransitionController.doTransition(StateTransitionController.java:304)
	at org.gradle.internal.model.StateTransitionController.lambda$tryTransition$9(StateTransitionController.java:215)
	at org.gradle.internal.work.DefaultSynchronizer.withLock(DefaultSynchronizer.java:45)
	at org.gradle.internal.model.StateTransitionController.tryTransition(StateTransitionController.java:215)
	at org.gradle.internal.build.DefaultBuildLifecycleController.executeTasks(DefaultBuildLifecycleController.java:314)
	at org.gradle.internal.build.DefaultBuildWorkGraphController$DefaultBuildWorkGraph.runWork(DefaultBuildWorkGraphController.java:220)
	at org.gradle.internal.work.DefaultWorkerLeaseService.lambda$withLocksAcquired$0(DefaultWorkerLeaseService.java:275)
	at org.gradle.internal.work.ResourceLockStatistics$1.measure(ResourceLockStatistics.java:43)
	at org.gradle.internal.work.DefaultWorkerLeaseService.withLocksAcquired(DefaultWorkerLeaseService.java:273)
	at org.gradle.internal.work.DefaultWorkerLeaseService.withLocks(DefaultWorkerLeaseService.java:265)
	at org.gradle.internal.work.DefaultWorkerLeaseService.runAsWorkerThread(DefaultWorkerLeaseService.java:128)
	at org.gradle.composite.internal.DefaultBuildController.doRun(DefaultBuildController.java:182)
	at org.gradle.composite.internal.DefaultBuildController.access$000(DefaultBuildController.java:50)
	at org.gradle.composite.internal.DefaultBuildController$BuildOpRunnable.lambda$run$0(DefaultBuildController.java:199)
	at org.gradle.internal.operations.CurrentBuildOperationRef.with(CurrentBuildOperationRef.java:84)
	at org.gradle.composite.internal.DefaultBuildController$BuildOpRunnable.run(DefaultBuildController.java:199)
	at org.gradle.internal.concurrent.ExecutorPolicy$CatchAndRecordFailures.onExecute(ExecutorPolicy.java:64)
	at org.gradle.internal.concurrent.AbstractManagedExecutor$1.run(AbstractManagedExecutor.java:47)
Caused by: org.gradle.api.internal.artifacts.ivyservice.TypedResolveException: Could not resolve all files for configuration ':app:debugRuntimeClasspath'.
	at org.gradle.api.internal.artifacts.ResolveExceptionMapper.mapFailure(ResolveExceptionMapper.java:73)
	at org.gradle.api.internal.artifacts.ResolveExceptionMapper.mapFailures(ResolveExceptionMapper.java:65)
	at org.gradle.api.internal.artifacts.configurations.DefaultConfiguration$DefaultResolutionHost.consolidateFailures(DefaultConfiguration.java:1789)
	at org.gradle.api.internal.artifacts.configurations.ResolutionHost.rethrowFailuresAndReportProblems(ResolutionHost.java:75)
	at org.gradle.api.internal.artifacts.configurations.ResolutionBackedFileCollection.maybeThrowResolutionFailures(ResolutionBackedFileCollection.java:86)
	at org.gradle.api.internal.artifacts.configurations.ResolutionBackedFileCollection.visitContents(ResolutionBackedFileCollection.java:76)
	at org.gradle.api.internal.file.AbstractFileCollection.visitStructure(AbstractFileCollection.java:361)
	at org.gradle.api.internal.file.collections.DefaultConfigurableFileCollection.lambda$calculateFinalizedValue$1(DefaultConfigurableFileCollection.java:423)
	at org.gradle.api.internal.file.collections.UnpackingVisitor.add(UnpackingVisitor.java:66)
	at org.gradle.api.internal.file.collections.DefaultConfigurableFileCollection$UnresolvedItemsCollector.visitContents(DefaultConfigurableFileCollection.java:635)
	at org.gradle.api.internal.file.collections.DefaultConfigurableFileCollection.calculateFinalizedValue(DefaultConfigurableFileCollection.java:423)
	at org.gradle.api.internal.file.collections.DefaultConfigurableFileCollection.finalizeNow(DefaultConfigurableFileCollection.java:125)
	at org.gradle.api.internal.file.collections.DefaultConfigurableFileCollection.lambda$visitChildren$2(DefaultConfigurableFileCollection.java:447)
	at org.gradle.api.internal.provider.ValueState.finalizeOnReadIfNeeded(ValueState.java:142)
	at org.gradle.api.internal.file.collections.DefaultConfigurableFileCollection.visitChildren(DefaultConfigurableFileCollection.java:447)
	at org.gradle.api.internal.file.CompositeFileCollection.visitContents(CompositeFileCollection.java:112)
	at org.gradle.api.internal.file.AbstractFileCollection.visitStructure(AbstractFileCollection.java:361)
	at org.gradle.api.internal.file.CompositeFileCollection.lambda$visitContents$0(CompositeFileCollection.java:112)
	at org.gradle.api.internal.file.collections.UnpackingVisitor.add(UnpackingVisitor.java:66)
	at org.gradle.api.internal.file.collections.UnpackingVisitor.add(UnpackingVisitor.java:91)
	at org.gradle.api.internal.file.DefaultFileCollectionFactory$ResolvingFileCollection.visitChildren(DefaultFileCollectionFactory.java:311)
	at org.gradle.api.internal.file.CompositeFileCollection.visitContents(CompositeFileCollection.java:112)
	at org.gradle.api.internal.file.AbstractFileCollection.visitStructure(AbstractFileCollection.java:361)
	at org.gradle.api.internal.file.CompositeFileCollection.lambda$visitContents$0(CompositeFileCollection.java:112)
	at org.gradle.api.internal.tasks.PropertyFileCollection.visitChildren(PropertyFileCollection.java:48)
	at org.gradle.api.internal.file.CompositeFileCollection.visitContents(CompositeFileCollection.java:112)
	at org.gradle.api.internal.file.AbstractFileCollection.visitStructure(AbstractFileCollection.java:361)
	at org.gradle.internal.fingerprint.impl.DefaultFileCollectionSnapshotter.snapshot(DefaultFileCollectionSnapshotter.java:48)
	at org.gradle.internal.execution.impl.DefaultInputFingerprinter$InputCollectingVisitor.visitInputFileProperty(DefaultInputFingerprinter.java:151)
	at org.gradle.api.internal.tasks.execution.TaskExecution.visitMutableInputs(TaskExecution.java:345)
	at org.gradle.internal.execution.impl.DefaultInputFingerprinter.fingerprintInputProperties(DefaultInputFingerprinter.java:77)
	at org.gradle.internal.execution.steps.CaptureMutableStateBeforeExecutionStep.captureExecutionStateWithOutputs(CaptureMutableStateBeforeExecutionStep.java:124)
	at org.gradle.internal.execution.steps.CaptureMutableStateBeforeExecutionStep.lambda$captureExecutionState$0(CaptureMutableStateBeforeExecutionStep.java:94)
	at org.gradle.internal.execution.steps.BuildOperationStep$1.call(BuildOperationStep.java:38)
	at org.gradle.internal.operations.DefaultBuildOperationRunner$CallableBuildOperationWorker.execute(DefaultBuildOperationRunner.java:210)
	at org.gradle.internal.operations.DefaultBuildOperationRunner$CallableBuildOperationWorker.execute(DefaultBuildOperationRunner.java:205)
	at org.gradle.internal.operations.DefaultBuildOperationRunner$2.execute(DefaultBuildOperationRunner.java:67)
	at org.gradle.internal.operations.DefaultBuildOperationRunner$2.execute(DefaultBuildOperationRunner.java:60)
	at org.gradle.internal.operations.DefaultBuildOperationRunner.execute(DefaultBuildOperationRunner.java:167)
	at org.gradle.internal.operations.DefaultBuildOperationRunner.execute(DefaultBuildOperationRunner.java:60)
	at org.gradle.internal.operations.DefaultBuildOperationRunner.call(DefaultBuildOperationRunner.java:54)
	at org.gradle.internal.execution.steps.BuildOperationStep.operation(BuildOperationStep.java:35)
	at org.gradle.internal.execution.steps.CaptureMutableStateBeforeExecutionStep.captureExecutionState(CaptureMutableStateBeforeExecutionStep.java:92)
	at org.gradle.internal.execution.steps.CaptureMutableStateBeforeExecutionStep.executeMutable(CaptureMutableStateBeforeExecutionStep.java:73)
	at org.gradle.internal.execution.steps.CaptureMutableStateBeforeExecutionStep.execute(CaptureMutableStateBeforeExecutionStep.java:65)
	at org.gradle.internal.execution.steps.CaptureMutableStateBeforeExecutionStep.execute(CaptureMutableStateBeforeExecutionStep.java:45)
	at org.gradle.internal.execution.steps.SkipEmptyMutableWorkStep.executeWithNonEmptySources(SkipEmptyMutableWorkStep.java:210)
	at org.gradle.internal.execution.steps.SkipEmptyMutableWorkStep.executeMutable(SkipEmptyMutableWorkStep.java:85)
	at org.gradle.internal.execution.steps.SkipEmptyMutableWorkStep.executeMutable(SkipEmptyMutableWorkStep.java:53)
	at org.gradle.internal.execution.steps.MutableStep.execute(MutableStep.java:26)
	at org.gradle.internal.execution.steps.legacy.MarkSnapshottingInputsStartedStep.execute(MarkSnapshottingInputsStartedStep.java:38)
	at org.gradle.internal.execution.steps.LoadPreviousExecutionStateStep.executeMutable(LoadPreviousExecutionStateStep.java:36)
	at org.gradle.internal.execution.steps.LoadPreviousExecutionStateStep.executeMutable(LoadPreviousExecutionStateStep.java:23)
	at org.gradle.internal.execution.steps.MutableStep.execute(MutableStep.java:26)
	at org.gradle.internal.execution.steps.HandleStaleOutputsStep.executeMutable(HandleStaleOutputsStep.java:77)
	at org.gradle.internal.execution.steps.HandleStaleOutputsStep.executeMutable(HandleStaleOutputsStep.java:43)
	at org.gradle.internal.execution.steps.MutableStep.execute(MutableStep.java:26)
	at org.gradle.internal.execution.steps.AssignMutableWorkspaceStep.lambda$executeMutable$0(AssignMutableWorkspaceStep.java:34)
	at org.gradle.api.internal.tasks.execution.TaskExecution$4.withWorkspace(TaskExecution.java:305)
	at org.gradle.internal.execution.steps.AssignMutableWorkspaceStep.executeMutable(AssignMutableWorkspaceStep.java:30)
	at org.gradle.internal.execution.steps.AssignMutableWorkspaceStep.executeMutable(AssignMutableWorkspaceStep.java:21)
	at org.gradle.internal.execution.steps.MutableStep.execute(MutableStep.java:26)
	at org.gradle.internal.execution.steps.ChoosePipelineStep.execute(ChoosePipelineStep.java:40)
	at org.gradle.internal.execution.steps.ChoosePipelineStep.execute(ChoosePipelineStep.java:23)
	at org.gradle.internal.execution.steps.ExecuteWorkBuildOperationFiringStep.lambda$execute$2(ExecuteWorkBuildOperationFiringStep.java:67)
	at org.gradle.internal.execution.steps.ExecuteWorkBuildOperationFiringStep.execute(ExecuteWorkBuildOperationFiringStep.java:67)
	at org.gradle.internal.execution.steps.ExecuteWorkBuildOperationFiringStep.execute(ExecuteWorkBuildOperationFiringStep.java:39)
	at org.gradle.internal.execution.steps.IdentityCacheStep.execute(IdentityCacheStep.java:46)
	at org.gradle.internal.execution.steps.IdentityCacheStep.execute(IdentityCacheStep.java:34)
	at org.gradle.internal.execution.steps.IdentifyStep.execute(IdentifyStep.java:56)
	at org.gradle.internal.execution.steps.IdentifyStep.execute(IdentifyStep.java:38)
	at org.gradle.internal.execution.impl.DefaultExecutionEngine$1.execute(DefaultExecutionEngine.java:68)
	at org.gradle.api.internal.tasks.execution.ExecuteActionsTaskExecuter.executeIfValid(ExecuteActionsTaskExecuter.java:132)
	at org.gradle.api.internal.tasks.execution.ExecuteActionsTaskExecuter.execute(ExecuteActionsTaskExecuter.java:121)
	at org.gradle.api.internal.tasks.execution.ProblemsTaskPathTrackingTaskExecuter.execute(ProblemsTaskPathTrackingTaskExecuter.java:41)
	at org.gradle.api.internal.tasks.execution.ResolveTaskExecutionModeExecuter.execute(ResolveTaskExecutionModeExecuter.java:51)
	at org.gradle.api.internal.tasks.execution.FinalizePropertiesTaskExecuter.execute(FinalizePropertiesTaskExecuter.java:46)
	at org.gradle.api.internal.tasks.execution.SkipTaskWithNoActionsExecuter.execute(SkipTaskWithNoActionsExecuter.java:57)
	at org.gradle.api.internal.tasks.execution.SkipOnlyIfTaskExecuter.execute(SkipOnlyIfTaskExecuter.java:74)
	at org.gradle.api.internal.tasks.execution.CatchExceptionTaskExecuter.execute(CatchExceptionTaskExecuter.java:36)
	... 54 more
Caused by: org.gradle.internal.resolve.ModuleVersionResolveException: Could not resolve com.tom-roush:pdfbox-android:2.0.27.0.
Required by:
    project ':app'
Caused by: org.gradle.internal.resolve.ModuleVersionResolveException: Repository MavenRepo is disabled due to earlier error below:
Caused by: org.gradle.internal.resolve.ArtifactResolveException: Could not download org.jetbrains.kotlin.jvm.gradle.plugin-2.4.10.jar (org.jetbrains.kotlin.jvm:org.jetbrains.kotlin.jvm.gradle.plugin:2.4.10)
	at org.gradle.api.internal.artifacts.ivyservice.ivyresolve.ErrorHandlingModuleComponentRepository$ErrorHandlingModuleComponentRepositoryAccess.lambda$resolveArtifact$14(ErrorHandlingModuleComponentRepository.java:190)
	at org.gradle.api.internal.artifacts.ivyservice.ivyresolve.ErrorHandlingModuleComponentRepository$ErrorHandlingModuleComponentRepositoryAccess.tryResolveAndMaybeDisable(ErrorHandlingModuleComponentRepository.java:260)
	at org.gradle.api.internal.artifacts.ivyservice.ivyresolve.ErrorHandlingModuleComponentRepository$ErrorHandlingModuleComponentRepositoryAccess.performOperationWithRetries(ErrorHandlingModuleComponentRepository.java:204)
	at org.gradle.api.internal.artifacts.ivyservice.ivyresolve.ErrorHandlingModuleComponentRepository$ErrorHandlingModuleComponentRepositoryAccess.resolveArtifact(ErrorHandlingModuleComponentRepository.java:178)
	at org.gradle.api.internal.artifacts.ivyservice.ivyresolve.RepositoryChainArtifactResolver.resolveArtifactLater(RepositoryChainArtifactResolver.java:75)
	at org.gradle.api.internal.artifacts.ivyservice.ivyresolve.RepositoryChainArtifactResolver.lambda$resolveArtifact$0(RepositoryChainArtifactResolver.java:63)
	at org.gradle.internal.model.CalculatedValueContainerFactory$SupplierBackedCalculator.calculateValue(CalculatedValueContainerFactory.java:69)
	at org.gradle.internal.model.CalculatedValueContainer$CalculationState.lambda$attachValue$0(CalculatedValueContainer.java:227)
	at org.gradle.internal.Try.ofFailable(Try.java:46)
	at org.gradle.internal.model.CalculatedValueContainer$CalculationState.attachValue(CalculatedValueContainer.java:222)
	at org.gradle.internal.model.CalculatedValueContainer.finalizeIfNotAlready(CalculatedValueContainer.java:195)
	at org.gradle.internal.model.CalculatedValueContainer.finalizeIfNotAlready(CalculatedValueContainer.java:186)
	at org.gradle.api.internal.artifacts.DefaultResolvableArtifact.getFile(DefaultResolvableArtifact.java:140)
	at org.gradle.internal.resolve.resolver.DefaultComponentArtifactResolver.resolveArtifacts(DefaultComponentArtifactResolver.java:50)
	at org.gradle.api.internal.artifacts.ivyservice.resolveengine.artifact.ArtifactBackedResolvedVariant.getArtifacts(ArtifactBackedResolvedVariant.java:80)
	at org.gradle.api.internal.artifacts.transform.AttributeMatchingArtifactVariantSelector.doSelect(AttributeMatchingArtifactVariantSelector.java:88)
	at org.gradle.api.internal.artifacts.transform.AttributeMatchingArtifactVariantSelector.select(AttributeMatchingArtifactVariantSelector.java:70)
	at org.gradle.api.internal.artifacts.ivyservice.resolveengine.artifact.VariantResolvingArtifactSet.select(VariantResolvingArtifactSet.java:110)
	at org.gradle.api.internal.artifacts.ivyservice.resolveengine.artifact.DefaultVisitedArtifactResults.select(DefaultVisitedArtifactResults.java:43)
	at org.gradle.api.internal.artifacts.ivyservice.resolveengine.artifact.DefaultVisitedArtifactSet.select(DefaultVisitedArtifactSet.java:97)
	at org.gradle.api.internal.artifacts.resolver.DefaultResolutionOutputs$DefaultArtifactView.selectArtifacts(DefaultResolutionOutputs.java:204)
	at org.gradle.api.internal.artifacts.configurations.ResolutionResultProvider$1.getValue(ResolutionResultProvider.java:54)
	at org.gradle.api.internal.artifacts.configurations.ResolutionResultProviderBackedSelectedArtifactSet.visitArtifacts(ResolutionResultProviderBackedSelectedArtifactSet.java:50)
	at org.gradle.api.internal.artifacts.configurations.DefaultArtifactCollection.lambda$new$0(DefaultArtifactCollection.java:61)
	at org.gradle.internal.model.CalculatedValueContainerFactory$SupplierBackedCalculator.calculateValue(CalculatedValueContainerFactory.java:69)
	at org.gradle.internal.model.CalculatedValueContainer$CalculationState.lambda$attachValue$0(CalculatedValueContainer.java:227)
	at org.gradle.internal.Try.ofFailable(Try.java:46)
	at org.gradle.internal.model.CalculatedValueContainer$CalculationState.attachValue(CalculatedValueContainer.java:222)
	at org.gradle.internal.model.CalculatedValueContainer.finalizeIfNotAlready(CalculatedValueContainer.java:195)
	at org.gradle.internal.model.CalculatedValueContainer.finalizeIfNotAlready(CalculatedValueContainer.java:186)
	at org.gradle.api.internal.artifacts.configurations.DefaultArtifactCollection.ensureResolved(DefaultArtifactCollection.java:123)
	at org.gradle.api.internal.artifacts.configurations.DefaultArtifactCollection.getFailures(DefaultArtifactCollection.java:112)
	at org.gradle.plugin.use.resolve.internal.ArtifactRepositoriesPluginResolver.exists(ArtifactRepositoriesPluginResolver.java:186)
	at org.gradle.plugin.use.resolve.internal.ArtifactRepositoriesPluginResolver.resolve(ArtifactRepositoriesPluginResolver.java:65)
	at org.gradle.plugin.use.resolve.internal.CompositePluginResolver.resolve(CompositePluginResolver.java:36)
	at org.gradle.plugin.use.resolve.internal.AlreadyOnClasspathPluginResolver.resolve(AlreadyOnClasspathPluginResolver.java:64)
	at org.gradle.plugin.use.internal.DefaultPluginRequestApplicator.resolvePluginRequest(DefaultPluginRequestApplicator.java:190)
	at org.gradle.plugin.use.internal.DefaultPluginRequestApplicator.applyPlugins(DefaultPluginRequestApplicator.java:102)
	at org.gradle.kotlin.dsl.provider.PluginRequestsHandler.handle(PluginRequestsHandler.kt:45)
	at org.gradle.kotlin.dsl.provider.StandardKotlinScriptEvaluator$InterpreterHost.applyPluginsTo(KotlinScriptEvaluator.kt:246)
	at org.gradle.kotlin.dsl.execution.Interpreter$ProgramHost.applyPluginsTo(Interpreter.kt:395)
	at Program.execute(Unknown Source)
	at org.gradle.kotlin.dsl.execution.Interpreter$ProgramHost.eval(Interpreter.kt:526)
	at org.gradle.kotlin.dsl.execution.Interpreter.eval(Interpreter.kt:219)
	at org.gradle.kotlin.dsl.provider.StandardKotlinScriptEvaluator.evaluate(KotlinScriptEvaluator.kt:135)
	at org.gradle.kotlin.dsl.provider.KotlinScriptPluginFactory.create$lambda$0(KotlinScriptPluginFactory.kt:61)
	at org.gradle.kotlin.dsl.provider.KotlinScriptPlugin.apply(KotlinScriptPlugin.kt:35)
	at org.gradle.configuration.BuildOperationScriptPlugin$1.run(BuildOperationScriptPlugin.java:68)
	at org.gradle.internal.operations.DefaultBuildOperationRunner$1.execute(DefaultBuildOperationRunner.java:30)
	at org.gradle.internal.operations.DefaultBuildOperationRunner$1.execute(DefaultBuildOperationRunner.java:27)
	at org.gradle.internal.operations.DefaultBuildOperationRunner$2.execute(DefaultBuildOperationRunner.java:67)
	at org.gradle.internal.operations.DefaultBuildOperationRunner$2.execute(DefaultBuildOperationRunner.java:60)
	at org.gradle.internal.operations.DefaultBuildOperationRunner.execute(DefaultBuildOperationRunner.java:167)
	at org.gradle.internal.operations.DefaultBuildOperationRunner.execute(DefaultBuildOperationRunner.java:60)
	at org.gradle.internal.operations.DefaultBuildOperationRunner.run(DefaultBuildOperationRunner.java:48)
	at org.gradle.configuration.BuildOperationScriptPlugin.lambda$apply$0(BuildOperationScriptPlugin.java:65)
	at org.gradle.internal.code.DefaultUserCodeApplicationContext.apply(DefaultUserCodeApplicationContext.java:44)
	at org.gradle.configuration.BuildOperationScriptPlugin.apply(BuildOperationScriptPlugin.java:65)
	at org.gradle.api.internal.project.DefaultProjectStateRegistry$ProjectStateImpl.lambda$applyToMutableState$0(DefaultProjectStateRegistry.java:443)
	at org.gradle.api.internal.project.DefaultProjectStateRegistry$ProjectStateImpl.lambda$fromMutableState$1(DefaultProjectStateRegistry.java:450)
	at org.gradle.api.internal.project.DefaultProjectStateRegistry$ProjectStateImpl.runWithModelLock(DefaultProjectStateRegistry.java:466)
	at org.gradle.api.internal.project.DefaultProjectStateRegistry$ProjectStateImpl.fromMutableState(DefaultProjectStateRegistry.java:450)
	at org.gradle.api.internal.project.DefaultProjectStateRegistry$ProjectStateImpl.applyToMutableState(DefaultProjectStateRegistry.java:442)
	at org.gradle.configuration.project.BuildScriptProcessor.execute(BuildScriptProcessor.java:46)
	at org.gradle.configuration.project.BuildScriptProcessor.execute(BuildScriptProcessor.java:27)
	at org.gradle.configuration.project.ConfigureActionsProjectEvaluator.evaluate(ConfigureActionsProjectEvaluator.java:35)
	at org.gradle.configuration.project.LifecycleProjectEvaluator$EvaluateProject.lambda$run$0(LifecycleProjectEvaluator.java:109)
	at org.gradle.api.internal.project.DefaultProjectStateRegistry$ProjectStateImpl.lambda$applyToMutableState$0(DefaultProjectStateRegistry.java:443)
	at org.gradle.api.internal.project.DefaultProjectStateRegistry$ProjectStateImpl.lambda$fromMutableState$1(DefaultProjectStateRegistry.java:450)
	at org.gradle.internal.work.DefaultWorkerLeaseService.lambda$withLocksAcquired$0(DefaultWorkerLeaseService.java:275)
	at org.gradle.internal.work.ResourceLockStatistics$1.measure(ResourceLockStatistics.java:43)
	at org.gradle.internal.work.DefaultWorkerLeaseService.withLocksAcquired(DefaultWorkerLeaseService.java:273)
	at org.gradle.internal.work.DefaultWorkerLeaseService.lambda$withReplacedLocks$3(DefaultWorkerLeaseService.java:371)
	at org.gradle.internal.work.DefaultWorkerLeaseService.withoutLocks(DefaultWorkerLeaseService.java:343)
	at org.gradle.internal.work.DefaultWorkerLeaseService.withReplacedLocks(DefaultWorkerLeaseService.java:370)
	at org.gradle.api.internal.project.DefaultProjectStateRegistry$ProjectStateImpl.runWithModelLock(DefaultProjectStateRegistry.java:471)
	at org.gradle.api.internal.project.DefaultProjectStateRegistry$ProjectStateImpl.fromMutableState(DefaultProjectStateRegistry.java:450)
	at org.gradle.api.internal.project.DefaultProjectStateRegistry$ProjectStateImpl.applyToMutableState(DefaultProjectStateRegistry.java:442)
	at org.gradle.configuration.project.LifecycleProjectEvaluator$EvaluateProject.run(LifecycleProjectEvaluator.java:100)
	at org.gradle.internal.operations.DefaultBuildOperationRunner$1.execute(DefaultBuildOperationRunner.java:30)
	at org.gradle.internal.operations.DefaultBuildOperationRunner$1.execute(DefaultBuildOperationRunner.java:27)
	at org.gradle.internal.operations.DefaultBuildOperationRunner$2.execute(DefaultBuildOperationRunner.java:67)
	at org.gradle.internal.operations.DefaultBuildOperationRunner$2.execute(DefaultBuildOperationRunner.java:60)
	at org.gradle.internal.operations.DefaultBuildOperationRunner.execute(DefaultBuildOperationRunner.java:167)
	at org.gradle.internal.operations.DefaultBuildOperationRunner.execute(DefaultBuildOperationRunner.java:60)
	at org.gradle.internal.operations.DefaultBuildOperationRunner.run(DefaultBuildOperationRunner.java:48)
	at org.gradle.configuration.project.LifecycleProjectEvaluator.evaluate(LifecycleProjectEvaluator.java:72)
	at org.gradle.api.internal.project.DefaultProject.evaluateUnchecked(DefaultProject.java:796)
	at org.gradle.api.internal.project.ProjectLifecycleController.lambda$ensureSelfConfigured$2(ProjectLifecycleController.java:93)
	at org.gradle.internal.model.StateTransitionController.lambda$doTransition$15(StateTransitionController.java:293)
	at org.gradle.internal.model.StateTransitionController.doTransition(StateTransitionController.java:304)
	at org.gradle.internal.model.StateTransitionController.doTransition(StateTransitionController.java:292)
	at org.gradle.internal.model.StateTransitionController.lambda$maybeTransitionIfNotCurrentlyTransitioning$11(StateTransitionController.java:237)
	at org.gradle.internal.work.DefaultSynchronizer.withLock(DefaultSynchronizer.java:35)
	at org.gradle.internal.model.StateTransitionController.maybeTransitionIfNotCurrentlyTransitioning(StateTransitionController.java:233)
	at org.gradle.api.internal.project.ProjectLifecycleController.ensureSelfConfigured(ProjectLifecycleController.java:93)
	at org.gradle.api.internal.project.DefaultProjectStateRegistry$ProjectStateImpl.ensureConfigured(DefaultProjectStateRegistry.java:408)
	at org.gradle.execution.TaskPathProjectEvaluator.configure(TaskPathProjectEvaluator.java:71)
	at org.gradle.execution.TaskPathProjectEvaluator.configureHierarchy(TaskPathProjectEvaluator.java:85)
	at org.gradle.configuration.DefaultProjectsPreparer.prepareProjects(DefaultProjectsPreparer.java:50)
	at org.gradle.configuration.BuildTreePreparingProjectsPreparer.prepareProjects(BuildTreePreparingProjectsPreparer.java:65)
	at org.gradle.configuration.BuildOperationFiringProjectsPreparer$ConfigureBuild.run(BuildOperationFiringProjectsPreparer.java:52)
	at org.gradle.internal.operations.DefaultBuildOperationRunner$1.execute(DefaultBuildOperationRunner.java:30)
	at org.gradle.internal.operations.DefaultBuildOperationRunner$1.execute(DefaultBuildOperationRunner.java:27)
	at org.gradle.internal.operations.DefaultBuildOperationRunner$2.execute(DefaultBuildOperationRunner.java:67)
	at org.gradle.internal.operations.DefaultBuildOperationRunner$2.execute(DefaultBuildOperationRunner.java:60)
	at org.gradle.internal.operations.DefaultBuildOperationRunner.execute(DefaultBuildOperationRunner.java:167)
	at org.gradle.internal.operations.DefaultBuildOperationRunner.execute(DefaultBuildOperationRunner.java:60)
	at org.gradle.internal.operations.DefaultBuildOperationRunner.run(DefaultBuildOperationRunner.java:48)
	at org.gradle.configuration.BuildOperationFiringProjectsPreparer.prepareProjects(BuildOperationFiringProjectsPreparer.java:40)
	at org.gradle.initialization.VintageBuildModelController.lambda$prepareProjects$2(VintageBuildModelController.java:83)
	at org.gradle.internal.model.StateTransitionController.lambda$doTransition$15(StateTransitionController.java:293)
	at org.gradle.internal.model.StateTransitionController.doTransition(StateTransitionController.java:304)
	at org.gradle.internal.model.StateTransitionController.doTransition(StateTransitionController.java:292)
	at org.gradle.internal.model.StateTransitionController.lambda$transitionIfNotPreviously$12(StateTransitionController.java:251)
	at org.gradle.internal.work.DefaultSynchronizer.withLock(DefaultSynchronizer.java:35)
	at org.gradle.internal.model.StateTransitionController.transitionIfNotPreviously(StateTransitionController.java:247)
	at org.gradle.initialization.VintageBuildModelController.prepareProjects(VintageBuildModelController.java:83)
	at org.gradle.initialization.VintageBuildModelController.prepareToScheduleTasks(VintageBuildModelController.java:70)
	at org.gradle.internal.build.DefaultBuildLifecycleController.lambda$prepareToScheduleTasks$7(DefaultBuildLifecycleController.java:185)
	at org.gradle.internal.model.StateTransitionController.lambda$doTransition$15(StateTransitionController.java:293)
	at org.gradle.internal.model.StateTransitionController.doTransition(StateTransitionController.java:304)
	at org.gradle.internal.model.StateTransitionController.doTransition(StateTransitionController.java:292)
	at org.gradle.internal.model.StateTransitionController.lambda$maybeTransition$10(StateTransitionController.java:228)
	at org.gradle.internal.work.DefaultSynchronizer.withLock(DefaultSynchronizer.java:35)
	at org.gradle.internal.model.StateTransitionController.maybeTransition(StateTransitionController.java:224)
	at org.gradle.internal.build.DefaultBuildLifecycleController.prepareToScheduleTasks(DefaultBuildLifecycleController.java:183)
	at org.gradle.internal.buildtree.DefaultBuildTreeWorkPreparer.scheduleRequestedTasks(DefaultBuildTreeWorkPreparer.java:35)
	at org.gradle.internal.cc.impl.barrier.BarrierAwareBuildTreeWorkPreparer.scheduleRequestedTasks$lambda$0(BarrierAwareBuildTreeWorkPreparer.kt:34)
	at org.gradle.internal.cc.impl.barrier.VintageConfigurationTimeActionRunner.runConfigurationTimeAction(VintageConfigurationTimeActionRunner.kt:48)
	at org.gradle.internal.cc.impl.barrier.BarrierAwareBuildTreeWorkPreparer.scheduleRequestedTasks(BarrierAwareBuildTreeWorkPreparer.kt:33)
	at org.gradle.internal.cc.impl.VintageBuildTreeWorkController$scheduleAndRunRequestedTasks$1$finalizedGraph$1.call(VintageBuildTreeWorkController.kt:37)
	at org.gradle.internal.cc.impl.VintageBuildTreeWorkController$scheduleAndRunRequestedTasks$1$finalizedGraph$1.call(VintageBuildTreeWorkController.kt:37)
	at org.gradle.internal.Try.ofFailable(Try.java:46)
	at org.gradle.internal.cc.impl.VintageBuildTreeWorkController$scheduleAndRunRequestedTasks$1.apply(VintageBuildTreeWorkController.kt:37)
	at org.gradle.internal.cc.impl.VintageBuildTreeWorkController$scheduleAndRunRequestedTasks$1.apply(VintageBuildTreeWorkController.kt:36)
	at org.gradle.composite.internal.DefaultIncludedBuildTaskGraph.withNewWorkGraph(DefaultIncludedBuildTaskGraph.java:115)
	at org.gradle.internal.cc.impl.VintageBuildTreeWorkController.scheduleAndRunRequestedTasks(VintageBuildTreeWorkController.kt:36)
	at org.gradle.internal.buildtree.DefaultBuildTreeLifecycleController.lambda$scheduleAndRunTasks$1(DefaultBuildTreeLifecycleController.java:84)
	at org.gradle.internal.buildtree.DefaultBuildTreeLifecycleController.lambda$runBuild$5(DefaultBuildTreeLifecycleController.java:142)
	at org.gradle.internal.model.StateTransitionController.lambda$transition$7(StateTransitionController.java:207)
	at org.gradle.internal.model.StateTransitionController.doTransition(StateTransitionController.java:304)
	at org.gradle.internal.model.StateTransitionController.lambda$transition$8(StateTransitionController.java:207)
	at org.gradle.internal.work.DefaultSynchronizer.withLock(DefaultSynchronizer.java:45)
	at org.gradle.internal.model.StateTransitionController.transition(StateTransitionController.java:207)
	at org.gradle.internal.buildtree.DefaultBuildTreeLifecycleController.runBuild(DefaultBuildTreeLifecycleController.java:139)
	at org.gradle.internal.buildtree.DefaultBuildTreeLifecycleController.scheduleAndRunTasks(DefaultBuildTreeLifecycleController.java:84)
	at org.gradle.internal.buildtree.DefaultBuildTreeLifecycleController.scheduleAndRunTasks(DefaultBuildTreeLifecycleController.java:79)
	at org.gradle.tooling.internal.provider.ExecuteBuildActionRunner.run(ExecuteBuildActionRunner.java:31)
	at org.gradle.launcher.exec.ChainingBuildActionRunner.run(ChainingBuildActionRunner.java:35)
	at org.gradle.internal.buildtree.ProblemReportingBuildActionRunner.run(ProblemReportingBuildActionRunner.java:54)
	at org.gradle.launcher.exec.BuildOutcomeReportingBuildActionRunner.run(BuildOutcomeReportingBuildActionRunner.java:83)
	at org.gradle.tooling.internal.provider.FileSystemWatchingBuildActionRunner.run(FileSystemWatchingBuildActionRunner.java:135)
	at org.gradle.launcher.exec.BuildCompletionNotifyingBuildActionRunner.run(BuildCompletionNotifyingBuildActionRunner.java:54)
	at org.gradle.launcher.exec.RootBuildLifecycleBuildActionExecutor.lambda$execute$0(RootBuildLifecycleBuildActionExecutor.java:101)
	at org.gradle.composite.internal.DefaultRootBuildState.run(DefaultRootBuildState.java:126)
	at org.gradle.launcher.exec.RootBuildLifecycleBuildActionExecutor.execute(RootBuildLifecycleBuildActionExecutor.java:101)
	at org.gradle.launcher.exec.BuildTreeLifecycleBuildActionExecutor.runRootBuildAction(BuildTreeLifecycleBuildActionExecutor.java:104)
	at org.gradle.launcher.exec.BuildTreeLifecycleBuildActionExecutor.execute(BuildTreeLifecycleBuildActionExecutor.java:74)
	at org.gradle.launcher.exec.RunAsBuildOperationBuildActionExecutor$2.call(RunAsBuildOperationBuildActionExecutor.java:65)
	at org.gradle.launcher.exec.RunAsBuildOperationBuildActionExecutor$2.call(RunAsBuildOperationBuildActionExecutor.java:61)
	at org.gradle.internal.operations.DefaultBuildOperationRunner$CallableBuildOperationWorker.execute(DefaultBuildOperationRunner.java:210)
	at org.gradle.internal.operations.DefaultBuildOperationRunner$CallableBuildOperationWorker.execute(DefaultBuildOperationRunner.java:205)
	at org.gradle.internal.operations.DefaultBuildOperationRunner$2.execute(DefaultBuildOperationRunner.java:67)
	at org.gradle.internal.operations.DefaultBuildOperationRunner$2.execute(DefaultBuildOperationRunner.java:60)
	at org.gradle.internal.operations.DefaultBuildOperationRunner.execute(DefaultBuildOperationRunner.java:167)
	at org.gradle.internal.operations.DefaultBuildOperationRunner.execute(DefaultBuildOperationRunner.java:60)
	at org.gradle.internal.operations.DefaultBuildOperationRunner.call(DefaultBuildOperationRunner.java:54)
	at org.gradle.launcher.exec.RunAsBuildOperationBuildActionExecutor.execute(RunAsBuildOperationBuildActionExecutor.java:61)
	at org.gradle.launcher.exec.RunAsWorkerThreadBuildActionExecutor.lambda$execute$0(RunAsWorkerThreadBuildActionExecutor.java:36)
	at org.gradle.internal.work.DefaultWorkerLeaseService.lambda$withLocksAcquired$0(DefaultWorkerLeaseService.java:275)
	at org.gradle.internal.work.ResourceLockStatistics$1.measure(ResourceLockStatistics.java:43)
	at org.gradle.internal.work.DefaultWorkerLeaseService.withLocksAcquired(DefaultWorkerLeaseService.java:273)
	at org.gradle.internal.work.DefaultWorkerLeaseService.withLocks(DefaultWorkerLeaseService.java:265)
	at org.gradle.internal.work.DefaultWorkerLeaseService.runAsWorkerThread(DefaultWorkerLeaseService.java:128)
	at org.gradle.launcher.exec.RunAsWorkerThreadBuildActionExecutor.execute(RunAsWorkerThreadBuildActionExecutor.java:36)
	at org.gradle.tooling.internal.provider.continuous.ContinuousBuildActionExecutor.execute(ContinuousBuildActionExecutor.java:110)
	at org.gradle.tooling.internal.provider.SubscribableBuildActionExecutor.execute(SubscribableBuildActionExecutor.java:64)
	at org.gradle.internal.session.DefaultBuildSessionContext.execute(DefaultBuildSessionContext.java:46)
	at org.gradle.internal.buildprocess.execution.BuildSessionLifecycleBuildActionExecutor$ActionImpl.apply(BuildSessionLifecycleBuildActionExecutor.java:106)
	at org.gradle.internal.buildprocess.execution.BuildSessionLifecycleBuildActionExecutor$ActionImpl.apply(BuildSessionLifecycleBuildActionExecutor.java:94)
	at org.gradle.internal.session.BuildSessionState.run(BuildSessionState.java:73)
	at org.gradle.internal.buildprocess.execution.BuildSessionLifecycleBuildActionExecutor.execute(BuildSessionLifecycleBuildActionExecutor.java:67)
	at org.gradle.internal.buildprocess.execution.BuildSessionLifecycleBuildActionExecutor.execute(BuildSessionLifecycleBuildActionExecutor.java:45)
	at org.gradle.internal.buildprocess.execution.StartParamsValidatingActionExecutor.execute(StartParamsValidatingActionExecutor.java:57)
	at org.gradle.internal.buildprocess.execution.StartParamsValidatingActionExecutor.execute(StartParamsValidatingActionExecutor.java:32)
	at org.gradle.internal.buildprocess.execution.SessionFailureReportingActionExecutor.execute(SessionFailureReportingActionExecutor.java:51)
	at org.gradle.internal.buildprocess.execution.SessionFailureReportingActionExecutor.execute(SessionFailureReportingActionExecutor.java:39)
	at org.gradle.internal.buildprocess.execution.SetupLoggingActionExecutor.execute(SetupLoggingActionExecutor.java:47)
	at org.gradle.internal.buildprocess.execution.SetupLoggingActionExecutor.execute(SetupLoggingActionExecutor.java:31)
	at org.gradle.launcher.daemon.server.exec.ExecuteBuild.doBuild(ExecuteBuild.java:70)
	at org.gradle.launcher.daemon.server.exec.BuildCommandOnly.execute(BuildCommandOnly.java:37)
	at org.gradle.launcher.daemon.server.api.DaemonCommandExecution.proceed(DaemonCommandExecution.java:104)
	at org.gradle.launcher.daemon.server.exec.WatchForDisconnection.execute(WatchForDisconnection.java:39)
	at org.gradle.launcher.daemon.server.api.DaemonCommandExecution.proceed(DaemonCommandExecution.java:104)
	at org.gradle.launcher.daemon.server.exec.ResetDeprecationLogger.execute(ResetDeprecationLogger.java:29)
	at org.gradle.launcher.daemon.server.api.DaemonCommandExecution.proceed(DaemonCommandExecution.java:104)
	at org.gradle.launcher.daemon.server.exec.RequestStopIfSingleUsedDaemon.execute(RequestStopIfSingleUsedDaemon.java:35)
	at org.gradle.launcher.daemon.server.api.DaemonCommandExecution.proceed(DaemonCommandExecution.java:104)
	at org.gradle.launcher.daemon.server.exec.ForwardClientInput.lambda$execute$0(ForwardClientInput.java:40)
	at org.gradle.internal.daemon.clientinput.ClientInputForwarder.forwardInput(ClientInputForwarder.java:80)
	at org.gradle.launcher.daemon.server.exec.ForwardClientInput.execute(ForwardClientInput.java:37)
	at org.gradle.launcher.daemon.server.api.DaemonCommandExecution.proceed(DaemonCommandExecution.java:104)
	at org.gradle.launcher.daemon.server.exec.LogAndCheckHealth.execute(LogAndCheckHealth.java:53)
	at org.gradle.launcher.daemon.server.api.DaemonCommandExecution.proceed(DaemonCommandExecution.java:104)
	at org.gradle.launcher.daemon.server.exec.LogToClient.doBuild(LogToClient.java:63)
	at org.gradle.launcher.daemon.server.exec.BuildCommandOnly.execute(BuildCommandOnly.java:37)
	at org.gradle.launcher.daemon.server.api.DaemonCommandExecution.proceed(DaemonCommandExecution.java:104)
	at org.gradle.launcher.daemon.server.exec.EstablishBuildEnvironment.doBuild(EstablishBuildEnvironment.java:84)
	at org.gradle.launcher.daemon.server.exec.BuildCommandOnly.execute(BuildCommandOnly.java:37)
	at org.gradle.launcher.daemon.server.api.DaemonCommandExecution.proceed(DaemonCommandExecution.java:104)
	at org.gradle.launcher.daemon.server.exec.StartBuildOrRespondWithBusy$1.run(StartBuildOrRespondWithBusy.java:52)
	at org.gradle.launcher.daemon.server.DaemonStateCoordinator.lambda$runCommand$0(DaemonStateCoordinator.java:321)
	at org.gradle.internal.concurrent.ExecutorPolicy$CatchAndRecordFailures.onExecute(ExecutorPolicy.java:64)
	at org.gradle.internal.concurrent.AbstractManagedExecutor$1.run(AbstractManagedExecutor.java:47)
Caused by: org.gradle.api.resources.ResourceException: Could not get resource 'https://repo.maven.apache.org/maven2/org/jetbrains/kotlin/jvm/org.jetbrains.kotlin.jvm.gradle.plugin/2.4.10/org.jetbrains.kotlin.jvm.gradle.plugin-2.4.10.jar'.
	at org.gradle.internal.resource.ResourceExceptions.failure(ResourceExceptions.java:74)
	at org.gradle.internal.resource.ResourceExceptions.getFailed(ResourceExceptions.java:57)
	at org.gradle.api.internal.artifacts.repositories.resolver.DefaultExternalResourceArtifactResolver.staticResourceExists(DefaultExternalResourceArtifactResolver.java:83)
	at org.gradle.api.internal.artifacts.repositories.resolver.DefaultExternalResourceArtifactResolver.artifactExists(DefaultExternalResourceArtifactResolver.java:67)
	at org.gradle.api.internal.artifacts.repositories.resolver.ExternalResourceResolver$RemoteRepositoryAccess.resolveArtifact(ExternalResourceResolver.java:472)
	at org.gradle.api.internal.artifacts.ivyservice.ivyresolve.CachingModuleComponentRepository$ResolveAndCacheRepositoryAccess.resolveArtifact(CachingModuleComponentRepository.java:470)
	at org.gradle.api.internal.artifacts.ivyservice.ivyresolve.ErrorHandlingModuleComponentRepository$ErrorHandlingModuleComponentRepositoryAccess.lambda$resolveArtifact$12(ErrorHandlingModuleComponentRepository.java:180)
	at org.gradle.api.internal.artifacts.ivyservice.ivyresolve.ErrorHandlingModuleComponentRepository$ErrorHandlingModuleComponentRepositoryAccess.tryResolveAndMaybeDisable(ErrorHandlingModuleComponentRepository.java:251)
	... 213 more
Caused by: org.gradle.internal.resource.transport.http.HttpErrorStatusCodeException: Could not HEAD 'https://repo.maven.apache.org/maven2/org/jetbrains/kotlin/jvm/org.jetbrains.kotlin.jvm.gradle.plugin/2.4.10/org.jetbrains.kotlin.jvm.gradle.plugin-2.4.10.jar'. Received status code 429 from server: Too Many Requests
	at org.gradle.internal.resource.transport.http.ApacheCommonsHttpClient.processResponse(ApacheCommonsHttpClient.java:310)
	at org.gradle.internal.resource.transport.http.ApacheCommonsHttpClient.performHead(ApacheCommonsHttpClient.java:114)
	at org.gradle.internal.resource.transport.http.HttpResourceAccessor.getMetaData(HttpResourceAccessor.java:58)
	at org.gradle.internal.resource.transfer.DefaultExternalResourceConnector.getMetaData(DefaultExternalResourceConnector.java:66)
	at org.gradle.internal.resource.transfer.ProgressLoggingExternalResourceAccessor$MetadataOperation.call(ProgressLoggingExternalResourceAccessor.java:173)
	at org.gradle.internal.resource.transfer.ProgressLoggingExternalResourceAccessor$MetadataOperation.call(ProgressLoggingExternalResourceAccessor.java:161)
	at org.gradle.internal.operations.DefaultBuildOperationRunner$CallableBuildOperationWorker.execute(DefaultBuildOperationRunner.java:210)
	at org.gradle.internal.operations.DefaultBuildOperationRunner$CallableBuildOperationWorker.execute(DefaultBuildOperationRunner.java:205)
	at org.gradle.internal.operations.DefaultBuildOperationRunner$2.execute(DefaultBuildOperationRunner.java:67)
	at org.gradle.internal.operations.DefaultBuildOperationRunner$2.execute(DefaultBuildOperationRunner.java:60)
	at org.gradle.internal.operations.DefaultBuildOperationRunner.execute(DefaultBuildOperationRunner.java:167)
	at org.gradle.internal.operations.DefaultBuildOperationRunner.execute(DefaultBuildOperationRunner.java:60)
	at org.gradle.internal.operations.DefaultBuildOperationRunner.call(DefaultBuildOperationRunner.java:54)
	at org.gradle.internal.resource.transfer.ProgressLoggingExternalResourceAccessor.getMetaData(ProgressLoggingExternalResourceAccessor.java:55)
	at org.gradle.internal.resource.transfer.AccessorBackedExternalResource.getMetaData(AccessorBackedExternalResource.java:156)
	at org.gradle.api.internal.artifacts.repositories.resolver.DefaultExternalResourceArtifactResolver.staticResourceExists(DefaultExternalResourceArtifactResolver.java:79)
	... 218 more

==============================================================================

2: Task failed with an exception.
-----------
* What went wrong:
Execution failed for task ':app:mergeDebugAssets'.
> Could not resolve all files for configuration ':app:debugRuntimeClasspath'.
   > Could not resolve com.tom-roush:pdfbox-android:2.0.27.0.
     Required by:
         project ':app'
      > Repository MavenRepo is disabled due to earlier error below:
         > Could not download org.jetbrains.kotlin.jvm.gradle.plugin-2.4.10.jar (org.jetbrains.kotlin.jvm:org.jetbrains.kotlin.jvm.gradle.plugin:2.4.10)
            > Could not get resource 'https://repo.maven.apache.org/maven2/org/jetbrains/kotlin/jvm/org.jetbrains.kotlin.jvm.gradle.plugin/2.4.10/org.jetbrains.kotlin.jvm.gradle.plugin-2.4.10.jar'.
               > Could not HEAD 'https://repo.maven.apache.org/maven2/org/jetbrains/kotlin/jvm/org.jetbrains.kotlin.jvm.gradle.plugin/2.4.10/org.jetbrains.kotlin.jvm.gradle.plugin-2.4.10.jar'. Received status code 429 from server: Too Many Requests

* Try:
> Run with --info or --debug option to get more log output.
> Run with --scan to get full insights from a Build Scan (powered by Develocity).
> Get more help at https://help.gradle.org.

* Exception is:
org.gradle.api.tasks.TaskExecutionException: Execution failed for task ':app:mergeDebugAssets'.
	at org.gradle.api.internal.tasks.execution.CatchExceptionTaskExecuter.execute(CatchExceptionTaskExecuter.java:38)
	at org.gradle.api.internal.tasks.execution.EventFiringTaskExecuter$1.executeTask(EventFiringTaskExecuter.java:77)
	at org.gradle.api.internal.tasks.execution.EventFiringTaskExecuter$1.call(EventFiringTaskExecuter.java:55)
	at org.gradle.api.internal.tasks.execution.EventFiringTaskExecuter$1.call(EventFiringTaskExecuter.java:52)
	at org.gradle.internal.operations.DefaultBuildOperationRunner$CallableBuildOperationWorker.execute(DefaultBuildOperationRunner.java:210)
	at org.gradle.internal.operations.DefaultBuildOperationRunner$CallableBuildOperationWorker.execute(DefaultBuildOperationRunner.java:205)
	at org.gradle.internal.operations.DefaultBuildOperationRunner$2.execute(DefaultBuildOperationRunner.java:67)
	at org.gradle.internal.operations.DefaultBuildOperationRunner$2.execute(DefaultBuildOperationRunner.java:60)
	at org.gradle.internal.operations.DefaultBuildOperationRunner.execute(DefaultBuildOperationRunner.java:167)
	at org.gradle.internal.operations.DefaultBuildOperationRunner.execute(DefaultBuildOperationRunner.java:60)
	at org.gradle.internal.operations.DefaultBuildOperationRunner.call(DefaultBuildOperationRunner.java:54)
	at org.gradle.api.internal.tasks.execution.EventFiringTaskExecuter.execute(EventFiringTaskExecuter.java:52)
	at org.gradle.execution.plan.DefaultNodeExecutor.executeLocalTaskNode(DefaultNodeExecutor.java:55)
	at org.gradle.execution.plan.DefaultNodeExecutor.execute(DefaultNodeExecutor.java:34)
	at org.gradle.execution.taskgraph.DefaultTaskExecutionGraph$InvokeNodeExecutorsAction.execute(DefaultTaskExecutionGraph.java:355)
	at org.gradle.execution.taskgraph.DefaultTaskExecutionGraph$InvokeNodeExecutorsAction.execute(DefaultTaskExecutionGraph.java:343)
	at org.gradle.execution.taskgraph.DefaultTaskExecutionGraph$BuildOperationAwareExecutionAction.lambda$execute$0(DefaultTaskExecutionGraph.java:339)
	at org.gradle.internal.operations.CurrentBuildOperationRef.with(CurrentBuildOperationRef.java:84)
	at org.gradle.execution.taskgraph.DefaultTaskExecutionGraph$BuildOperationAwareExecutionAction.execute(DefaultTaskExecutionGraph.java:339)
	at org.gradle.execution.taskgraph.DefaultTaskExecutionGraph$BuildOperationAwareExecutionAction.execute(DefaultTaskExecutionGraph.java:328)
	at org.gradle.execution.plan.DefaultPlanExecutor$ExecutorWorker.execute(DefaultPlanExecutor.java:459)
	at org.gradle.execution.plan.DefaultPlanExecutor$ExecutorWorker.run(DefaultPlanExecutor.java:376)
	at org.gradle.internal.concurrent.ExecutorPolicy$CatchAndRecordFailures.onExecute(ExecutorPolicy.java:64)
	at org.gradle.internal.concurrent.AbstractManagedExecutor$1.run(AbstractManagedExecutor.java:47)
	at java.base/java.util.concurrent.ThreadPoolExecutor.runWorker(ThreadPoolExecutor.java:1144)
	at java.base/java.util.concurrent.ThreadPoolExecutor$Worker.run(ThreadPoolExecutor.java:642)
	at java.base/java.lang.Thread.run(Thread.java:1583)
Caused by: org.gradle.api.internal.artifacts.ivyservice.TypedResolveException: Could not resolve all files for configuration ':app:debugRuntimeClasspath'.
	at org.gradle.api.internal.artifacts.ResolveExceptionMapper.mapFailure(ResolveExceptionMapper.java:73)
	at org.gradle.api.internal.artifacts.ResolveExceptionMapper.mapFailures(ResolveExceptionMapper.java:65)
	at org.gradle.api.internal.artifacts.configurations.DefaultConfiguration$DefaultResolutionHost.consolidateFailures(DefaultConfiguration.java:1789)
	at org.gradle.api.internal.artifacts.configurations.ResolutionHost.rethrowFailuresAndReportProblems(ResolutionHost.java:75)
	at org.gradle.api.internal.artifacts.configurations.ResolutionBackedFileCollection.maybeThrowResolutionFailures(ResolutionBackedFileCollection.java:86)
	at org.gradle.api.internal.artifacts.configurations.ResolutionBackedFileCollection.visitContents(ResolutionBackedFileCollection.java:76)
	at org.gradle.api.internal.file.AbstractFileCollection.visitStructure(AbstractFileCollection.java:361)
	at org.gradle.api.internal.file.collections.DefaultConfigurableFileCollection.lambda$calculateFinalizedValue$1(DefaultConfigurableFileCollection.java:423)
	at org.gradle.api.internal.file.collections.UnpackingVisitor.add(UnpackingVisitor.java:66)
	at org.gradle.api.internal.file.collections.DefaultConfigurableFileCollection$UnresolvedItemsCollector.visitContents(DefaultConfigurableFileCollection.java:635)
	at org.gradle.api.internal.file.collections.DefaultConfigurableFileCollection.calculateFinalizedValue(DefaultConfigurableFileCollection.java:423)
	at org.gradle.api.internal.file.collections.DefaultConfigurableFileCollection.finalizeNow(DefaultConfigurableFileCollection.java:125)
	at org.gradle.api.internal.file.collections.DefaultConfigurableFileCollection.lambda$visitChildren$2(DefaultConfigurableFileCollection.java:447)
	at org.gradle.api.internal.provider.ValueState.finalizeOnReadIfNeeded(ValueState.java:142)
	at org.gradle.api.internal.file.collections.DefaultConfigurableFileCollection.visitChildren(DefaultConfigurableFileCollection.java:447)
	at org.gradle.api.internal.file.CompositeFileCollection.visitContents(CompositeFileCollection.java:112)
	at org.gradle.api.internal.file.AbstractFileCollection.visitStructure(AbstractFileCollection.java:361)
	at org.gradle.api.internal.file.CompositeFileCollection.lambda$visitContents$0(CompositeFileCollection.java:112)
	at org.gradle.api.internal.file.collections.UnpackingVisitor.add(UnpackingVisitor.java:66)
	at org.gradle.api.internal.file.collections.UnpackingVisitor.add(UnpackingVisitor.java:91)
	at org.gradle.api.internal.file.DefaultFileCollectionFactory$ResolvingFileCollection.visitChildren(DefaultFileCollectionFactory.java:311)
	at org.gradle.api.internal.file.CompositeFileCollection.visitContents(CompositeFileCollection.java:112)
	at org.gradle.api.internal.file.AbstractFileCollection.visitStructure(AbstractFileCollection.java:361)
	at org.gradle.api.internal.file.CompositeFileCollection.lambda$visitContents$0(CompositeFileCollection.java:112)
	at org.gradle.api.internal.tasks.PropertyFileCollection.visitChildren(PropertyFileCollection.java:48)
	at org.gradle.api.internal.file.CompositeFileCollection.visitContents(CompositeFileCollection.java:112)
	at org.gradle.api.internal.file.AbstractFileCollection.visitStructure(AbstractFileCollection.java:361)
	at org.gradle.internal.fingerprint.impl.DefaultFileCollectionSnapshotter.snapshot(DefaultFileCollectionSnapshotter.java:48)
	at org.gradle.internal.execution.impl.DefaultInputFingerprinter$InputCollectingVisitor.visitInputFileProperty(DefaultInputFingerprinter.java:151)
	at org.gradle.api.internal.tasks.execution.TaskExecution.visitMutableInputs(TaskExecution.java:345)
	at org.gradle.internal.execution.impl.DefaultInputFingerprinter.fingerprintInputProperties(DefaultInputFingerprinter.java:77)
	at org.gradle.internal.execution.steps.CaptureMutableStateBeforeExecutionStep.captureExecutionStateWithOutputs(CaptureMutableStateBeforeExecutionStep.java:124)
	at org.gradle.internal.execution.steps.CaptureMutableStateBeforeExecutionStep.lambda$captureExecutionState$0(CaptureMutableStateBeforeExecutionStep.java:94)
	at org.gradle.internal.execution.steps.BuildOperationStep$1.call(BuildOperationStep.java:38)
	at org.gradle.internal.operations.DefaultBuildOperationRunner$CallableBuildOperationWorker.execute(DefaultBuildOperationRunner.java:210)
	at org.gradle.internal.operations.DefaultBuildOperationRunner$CallableBuildOperationWorker.execute(DefaultBuildOperationRunner.java:205)
	at org.gradle.internal.operations.DefaultBuildOperationRunner$2.execute(DefaultBuildOperationRunner.java:67)
	at org.gradle.internal.operations.DefaultBuildOperationRunner$2.execute(DefaultBuildOperationRunner.java:60)
	at org.gradle.internal.operations.DefaultBuildOperationRunner.execute(DefaultBuildOperationRunner.java:167)
	at org.gradle.internal.operations.DefaultBuildOperationRunner.execute(DefaultBuildOperationRunner.java:60)
	at org.gradle.internal.operations.DefaultBuildOperationRunner.call(DefaultBuildOperationRunner.java:54)
	at org.gradle.internal.execution.steps.BuildOperationStep.operation(BuildOperationStep.java:35)
	at org.gradle.internal.execution.steps.CaptureMutableStateBeforeExecutionStep.captureExecutionState(CaptureMutableStateBeforeExecutionStep.java:92)
	at org.gradle.internal.execution.steps.CaptureMutableStateBeforeExecutionStep.executeMutable(CaptureMutableStateBeforeExecutionStep.java:73)
	at org.gradle.internal.execution.steps.CaptureMutableStateBeforeExecutionStep.execute(CaptureMutableStateBeforeExecutionStep.java:65)
	at org.gradle.internal.execution.steps.CaptureMutableStateBeforeExecutionStep.execute(CaptureMutableStateBeforeExecutionStep.java:45)
	at org.gradle.internal.execution.steps.SkipEmptyMutableWorkStep.executeWithNonEmptySources(SkipEmptyMutableWorkStep.java:210)
	at org.gradle.internal.execution.steps.SkipEmptyMutableWorkStep.executeMutable(SkipEmptyMutableWorkStep.java:85)
	at org.gradle.internal.execution.steps.SkipEmptyMutableWorkStep.executeMutable(SkipEmptyMutableWorkStep.java:53)
	at org.gradle.internal.execution.steps.MutableStep.execute(MutableStep.java:26)
	at org.gradle.internal.execution.steps.legacy.MarkSnapshottingInputsStartedStep.execute(MarkSnapshottingInputsStartedStep.java:38)
	at org.gradle.internal.execution.steps.LoadPreviousExecutionStateStep.executeMutable(LoadPreviousExecutionStateStep.java:36)
	at org.gradle.internal.execution.steps.LoadPreviousExecutionStateStep.executeMutable(LoadPreviousExecutionStateStep.java:23)
	at org.gradle.internal.execution.steps.MutableStep.execute(MutableStep.java:26)
	at org.gradle.internal.execution.steps.HandleStaleOutputsStep.executeMutable(HandleStaleOutputsStep.java:77)
	at org.gradle.internal.execution.steps.HandleStaleOutputsStep.executeMutable(HandleStaleOutputsStep.java:43)
	at org.gradle.internal.execution.steps.MutableStep.execute(MutableStep.java:26)
	at org.gradle.internal.execution.steps.AssignMutableWorkspaceStep.lambda$executeMutable$0(AssignMutableWorkspaceStep.java:34)
	at org.gradle.api.internal.tasks.execution.TaskExecution$4.withWorkspace(TaskExecution.java:305)
	at org.gradle.internal.execution.steps.AssignMutableWorkspaceStep.executeMutable(AssignMutableWorkspaceStep.java:30)
	at org.gradle.internal.execution.steps.AssignMutableWorkspaceStep.executeMutable(AssignMutableWorkspaceStep.java:21)
	at org.gradle.internal.execution.steps.MutableStep.execute(MutableStep.java:26)
	at org.gradle.internal.execution.steps.ChoosePipelineStep.execute(ChoosePipelineStep.java:40)
	at org.gradle.internal.execution.steps.ChoosePipelineStep.execute(ChoosePipelineStep.java:23)
	at org.gradle.internal.execution.steps.ExecuteWorkBuildOperationFiringStep.lambda$execute$2(ExecuteWorkBuildOperationFiringStep.java:67)
	at java.base/java.util.Optional.orElseGet(Optional.java:364)
	at org.gradle.internal.execution.steps.ExecuteWorkBuildOperationFiringStep.execute(ExecuteWorkBuildOperationFiringStep.java:67)
	at org.gradle.internal.execution.steps.ExecuteWorkBuildOperationFiringStep.execute(ExecuteWorkBuildOperationFiringStep.java:39)
	at org.gradle.internal.execution.steps.IdentityCacheStep.execute(IdentityCacheStep.java:46)
	at org.gradle.internal.execution.steps.IdentityCacheStep.execute(IdentityCacheStep.java:34)
	at org.gradle.internal.execution.steps.IdentifyStep.execute(IdentifyStep.java:56)
	at org.gradle.internal.execution.steps.IdentifyStep.execute(IdentifyStep.java:38)
	at org.gradle.internal.execution.impl.DefaultExecutionEngine$1.execute(DefaultExecutionEngine.java:68)
	at org.gradle.api.internal.tasks.execution.ExecuteActionsTaskExecuter.executeIfValid(ExecuteActionsTaskExecuter.java:132)
	at org.gradle.api.internal.tasks.execution.ExecuteActionsTaskExecuter.execute(ExecuteActionsTaskExecuter.java:121)
	at org.gradle.api.internal.tasks.execution.ProblemsTaskPathTrackingTaskExecuter.execute(ProblemsTaskPathTrackingTaskExecuter.java:41)
	at org.gradle.api.internal.tasks.execution.ResolveTaskExecutionModeExecuter.execute(ResolveTaskExecutionModeExecuter.java:51)
	at org.gradle.api.internal.tasks.execution.FinalizePropertiesTaskExecuter.execute(FinalizePropertiesTaskExecuter.java:46)
	at org.gradle.api.internal.tasks.execution.SkipTaskWithNoActionsExecuter.execute(SkipTaskWithNoActionsExecuter.java:57)
	at org.gradle.api.internal.tasks.execution.SkipOnlyIfTaskExecuter.execute(SkipOnlyIfTaskExecuter.java:74)
	at org.gradle.api.internal.tasks.execution.CatchExceptionTaskExecuter.execute(CatchExceptionTaskExecuter.java:36)
	... 26 more
Caused by: org.gradle.internal.resolve.ModuleVersionResolveException: Could not resolve com.tom-roush:pdfbox-android:2.0.27.0.
Required by:
    project ':app'
Caused by: org.gradle.internal.resolve.ModuleVersionResolveException: Repository MavenRepo is disabled due to earlier error below:
Caused by: org.gradle.internal.resolve.ArtifactResolveException: Could not download org.jetbrains.kotlin.jvm.gradle.plugin-2.4.10.jar (org.jetbrains.kotlin.jvm:org.jetbrains.kotlin.jvm.gradle.plugin:2.4.10)
	at org.gradle.api.internal.artifacts.ivyservice.ivyresolve.ErrorHandlingModuleComponentRepository$ErrorHandlingModuleComponentRepositoryAccess.lambda$resolveArtifact$14(ErrorHandlingModuleComponentRepository.java:190)
	at org.gradle.api.internal.artifacts.ivyservice.ivyresolve.ErrorHandlingModuleComponentRepository$ErrorHandlingModuleComponentRepositoryAccess.tryResolveAndMaybeDisable(ErrorHandlingModuleComponentRepository.java:260)
	at org.gradle.api.internal.artifacts.ivyservice.ivyresolve.ErrorHandlingModuleComponentRepository$ErrorHandlingModuleComponentRepositoryAccess.performOperationWithRetries(ErrorHandlingModuleComponentRepository.java:204)
	at org.gradle.api.internal.artifacts.ivyservice.ivyresolve.ErrorHandlingModuleComponentRepository$ErrorHandlingModuleComponentRepositoryAccess.resolveArtifact(ErrorHandlingModuleComponentRepository.java:178)
	at org.gradle.api.internal.artifacts.ivyservice.ivyresolve.RepositoryChainArtifactResolver.resolveArtifactLater(RepositoryChainArtifactResolver.java:75)
	at org.gradle.api.internal.artifacts.ivyservice.ivyresolve.RepositoryChainArtifactResolver.lambda$resolveArtifact$0(RepositoryChainArtifactResolver.java:63)
	at org.gradle.internal.model.CalculatedValueContainerFactory$SupplierBackedCalculator.calculateValue(CalculatedValueContainerFactory.java:69)
	at org.gradle.internal.model.CalculatedValueContainer$CalculationState.lambda$attachValue$0(CalculatedValueContainer.java:227)
	at org.gradle.internal.Try.ofFailable(Try.java:46)
	at org.gradle.internal.model.CalculatedValueContainer$CalculationState.attachValue(CalculatedValueContainer.java:222)
	at org.gradle.internal.model.CalculatedValueContainer.finalizeIfNotAlready(CalculatedValueContainer.java:195)
	at org.gradle.internal.model.CalculatedValueContainer.finalizeIfNotAlready(CalculatedValueContainer.java:186)
	at org.gradle.api.internal.artifacts.DefaultResolvableArtifact.getFile(DefaultResolvableArtifact.java:140)
	at org.gradle.internal.resolve.resolver.DefaultComponentArtifactResolver.resolveArtifacts(DefaultComponentArtifactResolver.java:50)
	at org.gradle.api.internal.artifacts.ivyservice.resolveengine.artifact.ArtifactBackedResolvedVariant.getArtifacts(ArtifactBackedResolvedVariant.java:80)
	at org.gradle.api.internal.artifacts.transform.AttributeMatchingArtifactVariantSelector.doSelect(AttributeMatchingArtifactVariantSelector.java:88)
	at org.gradle.api.internal.artifacts.transform.AttributeMatchingArtifactVariantSelector.select(AttributeMatchingArtifactVariantSelector.java:70)
	at org.gradle.api.internal.artifacts.ivyservice.resolveengine.artifact.VariantResolvingArtifactSet.select(VariantResolvingArtifactSet.java:110)
	at org.gradle.api.internal.artifacts.ivyservice.resolveengine.artifact.DefaultVisitedArtifactResults.select(DefaultVisitedArtifactResults.java:43)
	at org.gradle.api.internal.artifacts.ivyservice.resolveengine.artifact.DefaultVisitedArtifactSet.select(DefaultVisitedArtifactSet.java:97)
	at org.gradle.api.internal.artifacts.resolver.DefaultResolutionOutputs$DefaultArtifactView.selectArtifacts(DefaultResolutionOutputs.java:204)
	at org.gradle.api.internal.artifacts.configurations.ResolutionResultProvider$1.getValue(ResolutionResultProvider.java:54)
	at org.gradle.api.internal.artifacts.configurations.ResolutionResultProviderBackedSelectedArtifactSet.visitArtifacts(ResolutionResultProviderBackedSelectedArtifactSet.java:50)
	at org.gradle.api.internal.artifacts.configurations.DefaultArtifactCollection.lambda$new$0(DefaultArtifactCollection.java:61)
	at org.gradle.internal.model.CalculatedValueContainerFactory$SupplierBackedCalculator.calculateValue(CalculatedValueContainerFactory.java:69)
	at org.gradle.internal.model.CalculatedValueContainer$CalculationState.lambda$attachValue$0(CalculatedValueContainer.java:227)
	at org.gradle.internal.Try.ofFailable(Try.java:46)
	at org.gradle.internal.model.CalculatedValueContainer$CalculationState.attachValue(CalculatedValueContainer.java:222)
	at org.gradle.internal.model.CalculatedValueContainer.finalizeIfNotAlready(CalculatedValueContainer.java:195)
	at org.gradle.internal.model.CalculatedValueContainer.finalizeIfNotAlready(CalculatedValueContainer.java:186)
	at org.gradle.api.internal.artifacts.configurations.DefaultArtifactCollection.ensureResolved(DefaultArtifactCollection.java:123)
	at org.gradle.api.internal.artifacts.configurations.DefaultArtifactCollection.getFailures(DefaultArtifactCollection.java:112)
	at org.gradle.plugin.use.resolve.internal.ArtifactRepositoriesPluginResolver.exists(ArtifactRepositoriesPluginResolver.java:186)
	at org.gradle.plugin.use.resolve.internal.ArtifactRepositoriesPluginResolver.resolve(ArtifactRepositoriesPluginResolver.java:65)
	at org.gradle.plugin.use.resolve.internal.CompositePluginResolver.resolve(CompositePluginResolver.java:36)
	at org.gradle.plugin.use.resolve.internal.AlreadyOnClasspathPluginResolver.resolve(AlreadyOnClasspathPluginResolver.java:64)
	at org.gradle.plugin.use.internal.DefaultPluginRequestApplicator.resolvePluginRequest(DefaultPluginRequestApplicator.java:190)
	at org.gradle.plugin.use.internal.DefaultPluginRequestApplicator.applyPlugins(DefaultPluginRequestApplicator.java:102)
	at org.gradle.kotlin.dsl.provider.PluginRequestsHandler.handle(PluginRequestsHandler.kt:45)
	at org.gradle.kotlin.dsl.provider.StandardKotlinScriptEvaluator$InterpreterHost.applyPluginsTo(KotlinScriptEvaluator.kt:246)
	at org.gradle.kotlin.dsl.execution.Interpreter$ProgramHost.applyPluginsTo(Interpreter.kt:395)
	at Program.execute(Unknown Source)
	at org.gradle.kotlin.dsl.execution.Interpreter$ProgramHost.eval(Interpreter.kt:526)
	at org.gradle.kotlin.dsl.execution.Interpreter.eval(Interpreter.kt:219)
	at org.gradle.kotlin.dsl.provider.StandardKotlinScriptEvaluator.evaluate(KotlinScriptEvaluator.kt:135)
	at org.gradle.kotlin.dsl.provider.KotlinScriptPluginFactory.create$lambda$0(KotlinScriptPluginFactory.kt:61)
	at org.gradle.kotlin.dsl.provider.KotlinScriptPlugin.apply(KotlinScriptPlugin.kt:35)
	at org.gradle.configuration.BuildOperationScriptPlugin$1.run(BuildOperationScriptPlugin.java:68)
	at org.gradle.internal.operations.DefaultBuildOperationRunner$1.execute(DefaultBuildOperationRunner.java:30)
	at org.gradle.internal.operations.DefaultBuildOperationRunner$1.execute(DefaultBuildOperationRunner.java:27)
	at org.gradle.internal.operations.DefaultBuildOperationRunner$2.execute(DefaultBuildOperationRunner.java:67)
	at org.gradle.internal.operations.DefaultBuildOperationRunner$2.execute(DefaultBuildOperationRunner.java:60)
	at org.gradle.internal.operations.DefaultBuildOperationRunner.execute(DefaultBuildOperationRunner.java:167)
	at org.gradle.internal.operations.DefaultBuildOperationRunner.execute(DefaultBuildOperationRunner.java:60)
	at org.gradle.internal.operations.DefaultBuildOperationRunner.run(DefaultBuildOperationRunner.java:48)
	at org.gradle.configuration.BuildOperationScriptPlugin.lambda$apply$0(BuildOperationScriptPlugin.java:65)
	at org.gradle.internal.code.DefaultUserCodeApplicationContext.apply(DefaultUserCodeApplicationContext.java:44)
	at org.gradle.configuration.BuildOperationScriptPlugin.apply(BuildOperationScriptPlugin.java:65)
	at org.gradle.api.internal.project.DefaultProjectStateRegistry$ProjectStateImpl.lambda$applyToMutableState$0(DefaultProjectStateRegistry.java:443)
	at org.gradle.api.internal.project.DefaultProjectStateRegistry$ProjectStateImpl.lambda$fromMutableState$1(DefaultProjectStateRegistry.java:450)
	at org.gradle.api.internal.project.DefaultProjectStateRegistry$ProjectStateImpl.runWithModelLock(DefaultProjectStateRegistry.java:466)
	at org.gradle.api.internal.project.DefaultProjectStateRegistry$ProjectStateImpl.fromMutableState(DefaultProjectStateRegistry.java:450)
	at org.gradle.api.internal.project.DefaultProjectStateRegistry$ProjectStateImpl.applyToMutableState(DefaultProjectStateRegistry.java:442)
	at org.gradle.configuration.project.BuildScriptProcessor.execute(BuildScriptProcessor.java:46)
	at org.gradle.configuration.project.BuildScriptProcessor.execute(BuildScriptProcessor.java:27)
	at org.gradle.configuration.project.ConfigureActionsProjectEvaluator.evaluate(ConfigureActionsProjectEvaluator.java:35)
	at org.gradle.configuration.project.LifecycleProjectEvaluator$EvaluateProject.lambda$run$0(LifecycleProjectEvaluator.java:109)
	at org.gradle.api.internal.project.DefaultProjectStateRegistry$ProjectStateImpl.lambda$applyToMutableState$0(DefaultProjectStateRegistry.java:443)
	at org.gradle.api.internal.project.DefaultProjectStateRegistry$ProjectStateImpl.lambda$fromMutableState$1(DefaultProjectStateRegistry.java:450)
	at org.gradle.internal.work.DefaultWorkerLeaseService.lambda$withLocksAcquired$0(DefaultWorkerLeaseService.java:275)
	at org.gradle.internal.work.ResourceLockStatistics$1.measure(ResourceLockStatistics.java:43)
	at org.gradle.internal.work.DefaultWorkerLeaseService.withLocksAcquired(DefaultWorkerLeaseService.java:273)
	at org.gradle.internal.work.DefaultWorkerLeaseService.lambda$withReplacedLocks$3(DefaultWorkerLeaseService.java:371)
	at org.gradle.internal.work.DefaultWorkerLeaseService.withoutLocks(DefaultWorkerLeaseService.java:343)
	at org.gradle.internal.work.DefaultWorkerLeaseService.withReplacedLocks(DefaultWorkerLeaseService.java:370)
	at org.gradle.api.internal.project.DefaultProjectStateRegistry$ProjectStateImpl.runWithModelLock(DefaultProjectStateRegistry.java:471)
	at org.gradle.api.internal.project.DefaultProjectStateRegistry$ProjectStateImpl.fromMutableState(DefaultProjectStateRegistry.java:450)
	at org.gradle.api.internal.project.DefaultProjectStateRegistry$ProjectStateImpl.applyToMutableState(DefaultProjectStateRegistry.java:442)
	at org.gradle.configuration.project.LifecycleProjectEvaluator$EvaluateProject.run(LifecycleProjectEvaluator.java:100)
	at org.gradle.internal.operations.DefaultBuildOperationRunner$1.execute(DefaultBuildOperationRunner.java:30)
	at org.gradle.internal.operations.DefaultBuildOperationRunner$1.execute(DefaultBuildOperationRunner.java:27)
	at org.gradle.internal.operations.DefaultBuildOperationRunner$2.execute(DefaultBuildOperationRunner.java:67)
	at org.gradle.internal.operations.DefaultBuildOperationRunner$2.execute(DefaultBuildOperationRunner.java:60)
	at org.gradle.internal.operations.DefaultBuildOperationRunner.execute(DefaultBuildOperationRunner.java:167)
	at org.gradle.internal.operations.DefaultBuildOperationRunner.execute(DefaultBuildOperationRunner.java:60)
	at org.gradle.internal.operations.DefaultBuildOperationRunner.run(DefaultBuildOperationRunner.java:48)
	at org.gradle.configuration.project.LifecycleProjectEvaluator.evaluate(LifecycleProjectEvaluator.java:72)
	at org.gradle.api.internal.project.DefaultProject.evaluateUnchecked(DefaultProject.java:796)
	at org.gradle.api.internal.project.ProjectLifecycleController.lambda$ensureSelfConfigured$2(ProjectLifecycleController.java:93)
	at org.gradle.internal.model.StateTransitionController.lambda$doTransition$15(StateTransitionController.java:293)
	at org.gradle.internal.model.StateTransitionController.doTransition(StateTransitionController.java:304)
	at org.gradle.internal.model.StateTransitionController.doTransition(StateTransitionController.java:292)
	at org.gradle.internal.model.StateTransitionController.lambda$maybeTransitionIfNotCurrentlyTransitioning$11(StateTransitionController.java:237)
	at org.gradle.internal.work.DefaultSynchronizer.withLock(DefaultSynchronizer.java:35)
	at org.gradle.internal.model.StateTransitionController.maybeTransitionIfNotCurrentlyTransitioning(StateTransitionController.java:233)
	at org.gradle.api.internal.project.ProjectLifecycleController.ensureSelfConfigured(ProjectLifecycleController.java:93)
	at org.gradle.api.internal.project.DefaultProjectStateRegistry$ProjectStateImpl.ensureConfigured(DefaultProjectStateRegistry.java:408)
	at org.gradle.execution.TaskPathProjectEvaluator.configure(TaskPathProjectEvaluator.java:71)
	at org.gradle.execution.TaskPathProjectEvaluator.configureHierarchy(TaskPathProjectEvaluator.java:85)
	at org.gradle.configuration.DefaultProjectsPreparer.prepareProjects(DefaultProjectsPreparer.java:50)
	at org.gradle.configuration.BuildTreePreparingProjectsPreparer.prepareProjects(BuildTreePreparingProjectsPreparer.java:65)
	at org.gradle.configuration.BuildOperationFiringProjectsPreparer$ConfigureBuild.run(BuildOperationFiringProjectsPreparer.java:52)
	at org.gradle.internal.operations.DefaultBuildOperationRunner$1.execute(DefaultBuildOperationRunner.java:30)
	at org.gradle.internal.operations.DefaultBuildOperationRunner$1.execute(DefaultBuildOperationRunner.java:27)
	at org.gradle.internal.operations.DefaultBuildOperationRunner$2.execute(DefaultBuildOperationRunner.java:67)
	at org.gradle.internal.operations.DefaultBuildOperationRunner$2.execute(DefaultBuildOperationRunner.java:60)
	at org.gradle.internal.operations.DefaultBuildOperationRunner.execute(DefaultBuildOperationRunner.java:167)
	at org.gradle.internal.operations.DefaultBuildOperationRunner.execute(DefaultBuildOperationRunner.java:60)
	at org.gradle.internal.operations.DefaultBuildOperationRunner.run(DefaultBuildOperationRunner.java:48)
	at org.gradle.configuration.BuildOperationFiringProjectsPreparer.prepareProjects(BuildOperationFiringProjectsPreparer.java:40)
	at org.gradle.initialization.VintageBuildModelController.lambda$prepareProjects$2(VintageBuildModelController.java:83)
	at org.gradle.internal.model.StateTransitionController.lambda$doTransition$15(StateTransitionController.java:293)
	at org.gradle.internal.model.StateTransitionController.doTransition(StateTransitionController.java:304)
	at org.gradle.internal.model.StateTransitionController.doTransition(StateTransitionController.java:292)
	at org.gradle.internal.model.StateTransitionController.lambda$transitionIfNotPreviously$12(StateTransitionController.java:251)
	at org.gradle.internal.work.DefaultSynchronizer.withLock(DefaultSynchronizer.java:35)
	at org.gradle.internal.model.StateTransitionController.transitionIfNotPreviously(StateTransitionController.java:247)
	at org.gradle.initialization.VintageBuildModelController.prepareProjects(VintageBuildModelController.java:83)
	at org.gradle.initialization.VintageBuildModelController.prepareToScheduleTasks(VintageBuildModelController.java:70)
	at org.gradle.internal.build.DefaultBuildLifecycleController.lambda$prepareToScheduleTasks$7(DefaultBuildLifecycleController.java:185)
	at org.gradle.internal.model.StateTransitionController.lambda$doTransition$15(StateTransitionController.java:293)
	at org.gradle.internal.model.StateTransitionController.doTransition(StateTransitionController.java:304)
	at org.gradle.internal.model.StateTransitionController.doTransition(StateTransitionController.java:292)
	at org.gradle.internal.model.StateTransitionController.lambda$maybeTransition$10(StateTransitionController.java:228)
	at org.gradle.internal.work.DefaultSynchronizer.withLock(DefaultSynchronizer.java:35)
	at org.gradle.internal.model.StateTransitionController.maybeTransition(StateTransitionController.java:224)
	at org.gradle.internal.build.DefaultBuildLifecycleController.prepareToScheduleTasks(DefaultBuildLifecycleController.java:183)
	at org.gradle.internal.buildtree.DefaultBuildTreeWorkPreparer.scheduleRequestedTasks(DefaultBuildTreeWorkPreparer.java:35)
	at org.gradle.internal.cc.impl.barrier.BarrierAwareBuildTreeWorkPreparer.scheduleRequestedTasks$lambda$0(BarrierAwareBuildTreeWorkPreparer.kt:34)
	at org.gradle.internal.cc.impl.barrier.VintageConfigurationTimeActionRunner.runConfigurationTimeAction(VintageConfigurationTimeActionRunner.kt:48)
	at org.gradle.internal.cc.impl.barrier.BarrierAwareBuildTreeWorkPreparer.scheduleRequestedTasks(BarrierAwareBuildTreeWorkPreparer.kt:33)
	at org.gradle.internal.cc.impl.VintageBuildTreeWorkController$scheduleAndRunRequestedTasks$1$finalizedGraph$1.call(VintageBuildTreeWorkController.kt:37)
	at org.gradle.internal.cc.impl.VintageBuildTreeWorkController$scheduleAndRunRequestedTasks$1$finalizedGraph$1.call(VintageBuildTreeWorkController.kt:37)
	at org.gradle.internal.Try.ofFailable(Try.java:46)
	at org.gradle.internal.cc.impl.VintageBuildTreeWorkController$scheduleAndRunRequestedTasks$1.apply(VintageBuildTreeWorkController.kt:37)
	at org.gradle.internal.cc.impl.VintageBuildTreeWorkController$scheduleAndRunRequestedTasks$1.apply(VintageBuildTreeWorkController.kt:36)
	at org.gradle.composite.internal.DefaultIncludedBuildTaskGraph.withNewWorkGraph(DefaultIncludedBuildTaskGraph.java:115)
	at org.gradle.internal.cc.impl.VintageBuildTreeWorkController.scheduleAndRunRequestedTasks(VintageBuildTreeWorkController.kt:36)
	at org.gradle.internal.buildtree.DefaultBuildTreeLifecycleController.lambda$scheduleAndRunTasks$1(DefaultBuildTreeLifecycleController.java:84)
	at org.gradle.internal.buildtree.DefaultBuildTreeLifecycleController.lambda$runBuild$5(DefaultBuildTreeLifecycleController.java:142)
	at org.gradle.internal.model.StateTransitionController.lambda$transition$7(StateTransitionController.java:207)
	at org.gradle.internal.model.StateTransitionController.doTransition(StateTransitionController.java:304)
	at org.gradle.internal.model.StateTransitionController.lambda$transition$8(StateTransitionController.java:207)
	at org.gradle.internal.work.DefaultSynchronizer.withLock(DefaultSynchronizer.java:45)
	at org.gradle.internal.model.StateTransitionController.transition(StateTransitionController.java:207)
	at org.gradle.internal.buildtree.DefaultBuildTreeLifecycleController.runBuild(DefaultBuildTreeLifecycleController.java:139)
	at org.gradle.internal.buildtree.DefaultBuildTreeLifecycleController.scheduleAndRunTasks(DefaultBuildTreeLifecycleController.java:84)
	at org.gradle.internal.buildtree.DefaultBuildTreeLifecycleController.scheduleAndRunTasks(DefaultBuildTreeLifecycleController.java:79)
	at org.gradle.tooling.internal.provider.ExecuteBuildActionRunner.run(ExecuteBuildActionRunner.java:31)
	at org.gradle.launcher.exec.ChainingBuildActionRunner.run(ChainingBuildActionRunner.java:35)
	at org.gradle.internal.buildtree.ProblemReportingBuildActionRunner.run(ProblemReportingBuildActionRunner.java:54)
	at org.gradle.launcher.exec.BuildOutcomeReportingBuildActionRunner.run(BuildOutcomeReportingBuildActionRunner.java:83)
	at org.gradle.tooling.internal.provider.FileSystemWatchingBuildActionRunner.run(FileSystemWatchingBuildActionRunner.java:135)
	at org.gradle.launcher.exec.BuildCompletionNotifyingBuildActionRunner.run(BuildCompletionNotifyingBuildActionRunner.java:54)
	at org.gradle.launcher.exec.RootBuildLifecycleBuildActionExecutor.lambda$execute$0(RootBuildLifecycleBuildActionExecutor.java:101)
	at org.gradle.composite.internal.DefaultRootBuildState.run(DefaultRootBuildState.java:126)
	at org.gradle.launcher.exec.RootBuildLifecycleBuildActionExecutor.execute(RootBuildLifecycleBuildActionExecutor.java:101)
	at org.gradle.launcher.exec.BuildTreeLifecycleBuildActionExecutor.runRootBuildAction(BuildTreeLifecycleBuildActionExecutor.java:104)
	at org.gradle.launcher.exec.BuildTreeLifecycleBuildActionExecutor.execute(BuildTreeLifecycleBuildActionExecutor.java:74)
	at org.gradle.launcher.exec.RunAsBuildOperationBuildActionExecutor$2.call(RunAsBuildOperationBuildActionExecutor.java:65)
	at org.gradle.launcher.exec.RunAsBuildOperationBuildActionExecutor$2.call(RunAsBuildOperationBuildActionExecutor.java:61)
	at org.gradle.internal.operations.DefaultBuildOperationRunner$CallableBuildOperationWorker.execute(DefaultBuildOperationRunner.java:210)
	at org.gradle.internal.operations.DefaultBuildOperationRunner$CallableBuildOperationWorker.execute(DefaultBuildOperationRunner.java:205)
	at org.gradle.internal.operations.DefaultBuildOperationRunner$2.execute(DefaultBuildOperationRunner.java:67)
	at org.gradle.internal.operations.DefaultBuildOperationRunner$2.execute(DefaultBuildOperationRunner.java:60)
	at org.gradle.internal.operations.DefaultBuildOperationRunner.execute(DefaultBuildOperationRunner.java:167)
	at org.gradle.internal.operations.DefaultBuildOperationRunner.execute(DefaultBuildOperationRunner.java:60)
	at org.gradle.internal.operations.DefaultBuildOperationRunner.call(DefaultBuildOperationRunner.java:54)
	at org.gradle.launcher.exec.RunAsBuildOperationBuildActionExecutor.execute(RunAsBuildOperationBuildActionExecutor.java:61)
	at org.gradle.launcher.exec.RunAsWorkerThreadBuildActionExecutor.lambda$execute$0(RunAsWorkerThreadBuildActionExecutor.java:36)
	at org.gradle.internal.work.DefaultWorkerLeaseService.lambda$withLocksAcquired$0(DefaultWorkerLeaseService.java:275)
	at org.gradle.internal.work.ResourceLockStatistics$1.measure(ResourceLockStatistics.java:43)
	at org.gradle.internal.work.DefaultWorkerLeaseService.withLocksAcquired(DefaultWorkerLeaseService.java:273)
	at org.gradle.internal.work.DefaultWorkerLeaseService.withLocks(DefaultWorkerLeaseService.java:265)
	at org.gradle.internal.work.DefaultWorkerLeaseService.runAsWorkerThread(DefaultWorkerLeaseService.java:128)
	at org.gradle.launcher.exec.RunAsWorkerThreadBuildActionExecutor.execute(RunAsWorkerThreadBuildActionExecutor.java:36)
	at org.gradle.tooling.internal.provider.continuous.ContinuousBuildActionExecutor.execute(ContinuousBuildActionExecutor.java:110)
	at org.gradle.tooling.internal.provider.SubscribableBuildActionExecutor.execute(SubscribableBuildActionExecutor.java:64)
	at org.gradle.internal.session.DefaultBuildSessionContext.execute(DefaultBuildSessionContext.java:46)
	at org.gradle.internal.buildprocess.execution.BuildSessionLifecycleBuildActionExecutor$ActionImpl.apply(BuildSessionLifecycleBuildActionExecutor.java:106)
	at org.gradle.internal.buildprocess.execution.BuildSessionLifecycleBuildActionExecutor$ActionImpl.apply(BuildSessionLifecycleBuildActionExecutor.java:94)
	at org.gradle.internal.session.BuildSessionState.run(BuildSessionState.java:73)
	at org.gradle.internal.buildprocess.execution.BuildSessionLifecycleBuildActionExecutor.execute(BuildSessionLifecycleBuildActionExecutor.java:67)
	at org.gradle.internal.buildprocess.execution.BuildSessionLifecycleBuildActionExecutor.execute(BuildSessionLifecycleBuildActionExecutor.java:45)
	at org.gradle.internal.buildprocess.execution.StartParamsValidatingActionExecutor.execute(StartParamsValidatingActionExecutor.java:57)
	at org.gradle.internal.buildprocess.execution.StartParamsValidatingActionExecutor.execute(StartParamsValidatingActionExecutor.java:32)
	at org.gradle.internal.buildprocess.execution.SessionFailureReportingActionExecutor.execute(SessionFailureReportingActionExecutor.java:51)
	at org.gradle.internal.buildprocess.execution.SessionFailureReportingActionExecutor.execute(SessionFailureReportingActionExecutor.java:39)
	at org.gradle.internal.buildprocess.execution.SetupLoggingActionExecutor.execute(SetupLoggingActionExecutor.java:47)
	at org.gradle.internal.buildprocess.execution.SetupLoggingActionExecutor.execute(SetupLoggingActionExecutor.java:31)
	at org.gradle.launcher.daemon.server.exec.ExecuteBuild.doBuild(ExecuteBuild.java:70)
	at org.gradle.launcher.daemon.server.exec.BuildCommandOnly.execute(BuildCommandOnly.java:37)
	at org.gradle.launcher.daemon.server.api.DaemonCommandExecution.proceed(DaemonCommandExecution.java:104)
	at org.gradle.launcher.daemon.server.exec.WatchForDisconnection.execute(WatchForDisconnection.java:39)
	at org.gradle.launcher.daemon.server.api.DaemonCommandExecution.proceed(DaemonCommandExecution.java:104)
	at org.gradle.launcher.daemon.server.exec.ResetDeprecationLogger.execute(ResetDeprecationLogger.java:29)
	at org.gradle.launcher.daemon.server.api.DaemonCommandExecution.proceed(DaemonCommandExecution.java:104)
	at org.gradle.launcher.daemon.server.exec.RequestStopIfSingleUsedDaemon.execute(RequestStopIfSingleUsedDaemon.java:35)
	at org.gradle.launcher.daemon.server.api.DaemonCommandExecution.proceed(DaemonCommandExecution.java:104)
	at org.gradle.launcher.daemon.server.exec.ForwardClientInput.lambda$execute$0(ForwardClientInput.java:40)
	at org.gradle.internal.daemon.clientinput.ClientInputForwarder.forwardInput(ClientInputForwarder.java:80)
	at org.gradle.launcher.daemon.server.exec.ForwardClientInput.execute(ForwardClientInput.java:37)
	at org.gradle.launcher.daemon.server.api.DaemonCommandExecution.proceed(DaemonCommandExecution.java:104)
	at org.gradle.launcher.daemon.server.exec.LogAndCheckHealth.execute(LogAndCheckHealth.java:53)
	at org.gradle.launcher.daemon.server.api.DaemonCommandExecution.proceed(DaemonCommandExecution.java:104)
	at org.gradle.launcher.daemon.server.exec.LogToClient.doBuild(LogToClient.java:63)
	at org.gradle.launcher.daemon.server.exec.BuildCommandOnly.execute(BuildCommandOnly.java:37)
	at org.gradle.launcher.daemon.server.api.DaemonCommandExecution.proceed(DaemonCommandExecution.java:104)
	at org.gradle.launcher.daemon.server.exec.EstablishBuildEnvironment.doBuild(EstablishBuildEnvironment.java:84)
	at org.gradle.launcher.daemon.server.exec.BuildCommandOnly.execute(BuildCommandOnly.java:37)
	at org.gradle.launcher.daemon.server.api.DaemonCommandExecution.proceed(DaemonCommandExecution.java:104)
	at org.gradle.launcher.daemon.server.exec.StartBuildOrRespondWithBusy$1.run(StartBuildOrRespondWithBusy.java:52)
	at org.gradle.launcher.daemon.server.DaemonStateCoordinator.lambda$runCommand$0(DaemonStateCoordinator.java:321)
	at org.gradle.internal.concurrent.ExecutorPolicy$CatchAndRecordFailures.onExecute(ExecutorPolicy.java:64)
	at org.gradle.internal.concurrent.AbstractManagedExecutor$1.run(AbstractManagedExecutor.java:47)
Caused by: org.gradle.api.resources.ResourceException: Could not get resource 'https://repo.maven.apache.org/maven2/org/jetbrains/kotlin/jvm/org.jetbrains.kotlin.jvm.gradle.plugin/2.4.10/org.jetbrains.kotlin.jvm.gradle.plugin-2.4.10.jar'.
	at org.gradle.internal.resource.ResourceExceptions.failure(ResourceExceptions.java:74)
	at org.gradle.internal.resource.ResourceExceptions.getFailed(ResourceExceptions.java:57)
	at org.gradle.api.internal.artifacts.repositories.resolver.DefaultExternalResourceArtifactResolver.staticResourceExists(DefaultExternalResourceArtifactResolver.java:83)
	at org.gradle.api.internal.artifacts.repositories.resolver.DefaultExternalResourceArtifactResolver.artifactExists(DefaultExternalResourceArtifactResolver.java:67)
	at org.gradle.api.internal.artifacts.repositories.resolver.ExternalResourceResolver$RemoteRepositoryAccess.resolveArtifact(ExternalResourceResolver.java:472)
	at org.gradle.api.internal.artifacts.ivyservice.ivyresolve.CachingModuleComponentRepository$ResolveAndCacheRepositoryAccess.resolveArtifact(CachingModuleComponentRepository.java:470)
	at org.gradle.api.internal.artifacts.ivyservice.ivyresolve.ErrorHandlingModuleComponentRepository$ErrorHandlingModuleComponentRepositoryAccess.lambda$resolveArtifact$12(ErrorHandlingModuleComponentRepository.java:180)
	at org.gradle.api.internal.artifacts.ivyservice.ivyresolve.ErrorHandlingModuleComponentRepository$ErrorHandlingModuleComponentRepositoryAccess.tryResolveAndMaybeDisable(ErrorHandlingModuleComponentRepository.java:251)
	... 213 more
Caused by: org.gradle.internal.resource.transport.http.HttpErrorStatusCodeException: Could not HEAD 'https://repo.maven.apache.org/maven2/org/jetbrains/kotlin/jvm/org.jetbrains.kotlin.jvm.gradle.plugin/2.4.10/org.jetbrains.kotlin.jvm.gradle.plugin-2.4.10.jar'. Received status code 429 from server: Too Many Requests
	at org.gradle.internal.resource.transport.http.ApacheCommonsHttpClient.processResponse(ApacheCommonsHttpClient.java:310)
	at org.gradle.internal.resource.transport.http.ApacheCommonsHttpClient.performHead(ApacheCommonsHttpClient.java:114)
	at org.gradle.internal.resource.transport.http.HttpResourceAccessor.getMetaData(HttpResourceAccessor.java:58)
	at org.gradle.internal.resource.transfer.DefaultExternalResourceConnector.getMetaData(DefaultExternalResourceConnector.java:66)
	at org.gradle.internal.resource.transfer.ProgressLoggingExternalResourceAccessor$MetadataOperation.call(ProgressLoggingExternalResourceAccessor.java:173)
	at org.gradle.internal.resource.transfer.ProgressLoggingExternalResourceAccessor$MetadataOperation.call(ProgressLoggingExternalResourceAccessor.java:161)
	at org.gradle.internal.operations.DefaultBuildOperationRunner$CallableBuildOperationWorker.execute(DefaultBuildOperationRunner.java:210)
	at org.gradle.internal.operations.DefaultBuildOperationRunner$CallableBuildOperationWorker.execute(DefaultBuildOperationRunner.java:205)
	at org.gradle.internal.operations.DefaultBuildOperationRunner$2.execute(DefaultBuildOperationRunner.java:67)
	at org.gradle.internal.operations.DefaultBuildOperationRunner$2.execute(DefaultBuildOperationRunner.java:60)
	at org.gradle.internal.operations.DefaultBuildOperationRunner.execute(DefaultBuildOperationRunner.java:167)
	at org.gradle.internal.operations.DefaultBuildOperationRunner.execute(DefaultBuildOperationRunner.java:60)
	at org.gradle.internal.operations.DefaultBuildOperationRunner.call(DefaultBuildOperationRunner.java:54)
	at org.gradle.internal.resource.transfer.ProgressLoggingExternalResourceAccessor.getMetaData(ProgressLoggingExternalResourceAccessor.java:55)
	at org.gradle.internal.resource.transfer.AccessorBackedExternalResource.getMetaData(AccessorBackedExternalResource.java:156)
	at org.gradle.api.internal.artifacts.repositories.resolver.DefaultExternalResourceArtifactResolver.staticResourceExists(DefaultExternalResourceArtifactResolver.java:79)
	... 218 more

==============================================================================

3: Task failed with an exception.
-----------
* What went wrong:
Execution failed for task ':app:checkDebugDuplicateClasses'.
> Could not resolve all files for configuration ':app:debugRuntimeClasspath'.
   > Could not resolve com.tom-roush:pdfbox-android:2.0.27.0.
     Required by:
         project ':app'
      > Repository MavenRepo is disabled due to earlier error below:
         > Could not download org.jetbrains.kotlin.jvm.gradle.plugin-2.4.10.jar (org.jetbrains.kotlin.jvm:org.jetbrains.kotlin.jvm.gradle.plugin:2.4.10)
            > Could not get resource 'https://repo.maven.apache.org/maven2/org/jetbrains/kotlin/jvm/org.jetbrains.kotlin.jvm.gradle.plugin/2.4.10/org.jetbrains.kotlin.jvm.gradle.plugin-2.4.10.jar'.
               > Could not HEAD 'https://repo.maven.apache.org/maven2/org/jetbrains/kotlin/jvm/org.jetbrains.kotlin.jvm.gradle.plugin/2.4.10/org.jetbrains.kotlin.jvm.gradle.plugin-2.4.10.jar'. Received status code 429 from server: Too Many Requests

* Try:
> Run with --info or --debug option to get more log output.
> Run with --scan to get full insights from a Build Scan (powered by Develocity).
> Get more help at https://help.gradle.org.

* Exception is:
org.gradle.api.tasks.TaskExecutionException: Execution failed for task ':app:checkDebugDuplicateClasses'.
	at org.gradle.api.internal.tasks.execution.CatchExceptionTaskExecuter.execute(CatchExceptionTaskExecuter.java:38)
	at org.gradle.api.internal.tasks.execution.EventFiringTaskExecuter$1.executeTask(EventFiringTaskExecuter.java:77)
	at org.gradle.api.internal.tasks.execution.EventFiringTaskExecuter$1.call(EventFiringTaskExecuter.java:55)
	at org.gradle.api.internal.tasks.execution.EventFiringTaskExecuter$1.call(EventFiringTaskExecuter.java:52)
	at org.gradle.internal.operations.DefaultBuildOperationRunner$CallableBuildOperationWorker.execute(DefaultBuildOperationRunner.java:210)
	at org.gradle.internal.operations.DefaultBuildOperationRunner$CallableBuildOperationWorker.execute(DefaultBuildOperationRunner.java:205)
	at org.gradle.internal.operations.DefaultBuildOperationRunner$2.execute(DefaultBuildOperationRunner.java:67)
	at org.gradle.internal.operations.DefaultBuildOperationRunner$2.execute(DefaultBuildOperationRunner.java:60)
	at org.gradle.internal.operations.DefaultBuildOperationRunner.execute(DefaultBuildOperationRunner.java:167)
	at org.gradle.internal.operations.DefaultBuildOperationRunner.execute(DefaultBuildOperationRunner.java:60)
	at org.gradle.internal.operations.DefaultBuildOperationRunner.call(DefaultBuildOperationRunner.java:54)
	at org.gradle.api.internal.tasks.execution.EventFiringTaskExecuter.execute(EventFiringTaskExecuter.java:52)
	at org.gradle.execution.plan.DefaultNodeExecutor.executeLocalTaskNode(DefaultNodeExecutor.java:55)
	at org.gradle.execution.plan.DefaultNodeExecutor.execute(DefaultNodeExecutor.java:34)
	at org.gradle.execution.taskgraph.DefaultTaskExecutionGraph$InvokeNodeExecutorsAction.execute(DefaultTaskExecutionGraph.java:355)
	at org.gradle.execution.taskgraph.DefaultTaskExecutionGraph$InvokeNodeExecutorsAction.execute(DefaultTaskExecutionGraph.java:343)
	at org.gradle.execution.taskgraph.DefaultTaskExecutionGraph$BuildOperationAwareExecutionAction.lambda$execute$0(DefaultTaskExecutionGraph.java:339)
	at org.gradle.internal.operations.CurrentBuildOperationRef.with(CurrentBuildOperationRef.java:84)
	at org.gradle.execution.taskgraph.DefaultTaskExecutionGraph$BuildOperationAwareExecutionAction.execute(DefaultTaskExecutionGraph.java:339)
	at org.gradle.execution.taskgraph.DefaultTaskExecutionGraph$BuildOperationAwareExecutionAction.execute(DefaultTaskExecutionGraph.java:328)
	at org.gradle.execution.plan.DefaultPlanExecutor$ExecutorWorker.execute(DefaultPlanExecutor.java:459)
	at org.gradle.execution.plan.DefaultPlanExecutor$ExecutorWorker.run(DefaultPlanExecutor.java:376)
	at org.gradle.internal.concurrent.ExecutorPolicy$CatchAndRecordFailures.onExecute(ExecutorPolicy.java:64)
	at org.gradle.internal.concurrent.AbstractManagedExecutor$1.run(AbstractManagedExecutor.java:47)
	at java.base/java.util.concurrent.ThreadPoolExecutor.runWorker(ThreadPoolExecutor.java:1144)
	at java.base/java.util.concurrent.ThreadPoolExecutor$Worker.run(ThreadPoolExecutor.java:642)
	at java.base/java.lang.Thread.run(Thread.java:1583)
Caused by: org.gradle.api.internal.artifacts.ivyservice.TypedResolveException: Could not resolve all files for configuration ':app:debugRuntimeClasspath'.
	at org.gradle.api.internal.artifacts.ResolveExceptionMapper.mapFailure(ResolveExceptionMapper.java:73)
	at org.gradle.api.internal.artifacts.ResolveExceptionMapper.mapFailures(ResolveExceptionMapper.java:65)
	at org.gradle.api.internal.artifacts.configurations.DefaultConfiguration$DefaultResolutionHost.consolidateFailures(DefaultConfiguration.java:1789)
	at org.gradle.api.internal.artifacts.configurations.ResolutionHost.rethrowFailuresAndReportProblems(ResolutionHost.java:75)
	at org.gradle.api.internal.artifacts.configurations.ResolutionBackedFileCollection.maybeThrowResolutionFailures(ResolutionBackedFileCollection.java:86)
	at org.gradle.api.internal.artifacts.configurations.ResolutionBackedFileCollection.visitContents(ResolutionBackedFileCollection.java:76)
	at org.gradle.api.internal.file.AbstractFileCollection.visitStructure(AbstractFileCollection.java:361)
	at org.gradle.api.internal.file.CompositeFileCollection.lambda$visitContents$0(CompositeFileCollection.java:112)
	at org.gradle.api.internal.file.collections.UnpackingVisitor.add(UnpackingVisitor.java:66)
	at org.gradle.api.internal.file.collections.UnpackingVisitor.add(UnpackingVisitor.java:91)
	at org.gradle.api.internal.file.DefaultFileCollectionFactory$ResolvingFileCollection.visitChildren(DefaultFileCollectionFactory.java:311)
	at org.gradle.api.internal.file.CompositeFileCollection.visitContents(CompositeFileCollection.java:112)
	at org.gradle.api.internal.file.AbstractFileCollection.visitStructure(AbstractFileCollection.java:361)
	at org.gradle.api.internal.file.CompositeFileCollection.lambda$visitContents$0(CompositeFileCollection.java:112)
	at org.gradle.api.internal.tasks.PropertyFileCollection.visitChildren(PropertyFileCollection.java:48)
	at org.gradle.api.internal.file.CompositeFileCollection.visitContents(CompositeFileCollection.java:112)
	at org.gradle.api.internal.file.AbstractFileCollection.visitStructure(AbstractFileCollection.java:361)
	at org.gradle.internal.fingerprint.impl.DefaultFileCollectionSnapshotter.snapshot(DefaultFileCollectionSnapshotter.java:48)
	at org.gradle.internal.execution.impl.DefaultInputFingerprinter$InputCollectingVisitor.visitInputFileProperty(DefaultInputFingerprinter.java:151)
	at org.gradle.api.internal.tasks.execution.TaskExecution.visitMutableInputs(TaskExecution.java:345)
	at org.gradle.internal.execution.impl.DefaultInputFingerprinter.fingerprintInputProperties(DefaultInputFingerprinter.java:77)
	at org.gradle.internal.execution.steps.CaptureMutableStateBeforeExecutionStep.captureExecutionStateWithOutputs(CaptureMutableStateBeforeExecutionStep.java:124)
	at org.gradle.internal.execution.steps.CaptureMutableStateBeforeExecutionStep.lambda$captureExecutionState$0(CaptureMutableStateBeforeExecutionStep.java:94)
	at org.gradle.internal.execution.steps.BuildOperationStep$1.call(BuildOperationStep.java:38)
	at org.gradle.internal.operations.DefaultBuildOperationRunner$CallableBuildOperationWorker.execute(DefaultBuildOperationRunner.java:210)
	at org.gradle.internal.operations.DefaultBuildOperationRunner$CallableBuildOperationWorker.execute(DefaultBuildOperationRunner.java:205)
	at org.gradle.internal.operations.DefaultBuildOperationRunner$2.execute(DefaultBuildOperationRunner.java:67)
	at org.gradle.internal.operations.DefaultBuildOperationRunner$2.execute(DefaultBuildOperationRunner.java:60)
	at org.gradle.internal.operations.DefaultBuildOperationRunner.execute(DefaultBuildOperationRunner.java:167)
	at org.gradle.internal.operations.DefaultBuildOperationRunner.execute(DefaultBuildOperationRunner.java:60)
	at org.gradle.internal.operations.DefaultBuildOperationRunner.call(DefaultBuildOperationRunner.java:54)
	at org.gradle.internal.execution.steps.BuildOperationStep.operation(BuildOperationStep.java:35)
	at org.gradle.internal.execution.steps.CaptureMutableStateBeforeExecutionStep.captureExecutionState(CaptureMutableStateBeforeExecutionStep.java:92)
	at org.gradle.internal.execution.steps.CaptureMutableStateBeforeExecutionStep.executeMutable(CaptureMutableStateBeforeExecutionStep.java:73)
	at org.gradle.internal.execution.steps.CaptureMutableStateBeforeExecutionStep.execute(CaptureMutableStateBeforeExecutionStep.java:65)
	at org.gradle.internal.execution.steps.CaptureMutableStateBeforeExecutionStep.execute(CaptureMutableStateBeforeExecutionStep.java:45)
	at org.gradle.internal.execution.steps.SkipEmptyMutableWorkStep.executeWithNonEmptySources(SkipEmptyMutableWorkStep.java:210)
	at org.gradle.internal.execution.steps.SkipEmptyMutableWorkStep.executeMutable(SkipEmptyMutableWorkStep.java:85)
	at org.gradle.internal.execution.steps.SkipEmptyMutableWorkStep.executeMutable(SkipEmptyMutableWorkStep.java:53)
	at org.gradle.internal.execution.steps.MutableStep.execute(MutableStep.java:26)
	at org.gradle.internal.execution.steps.legacy.MarkSnapshottingInputsStartedStep.execute(MarkSnapshottingInputsStartedStep.java:38)
	at org.gradle.internal.execution.steps.LoadPreviousExecutionStateStep.executeMutable(LoadPreviousExecutionStateStep.java:36)
	at org.gradle.internal.execution.steps.LoadPreviousExecutionStateStep.executeMutable(LoadPreviousExecutionStateStep.java:23)
	at org.gradle.internal.execution.steps.MutableStep.execute(MutableStep.java:26)
	at org.gradle.internal.execution.steps.HandleStaleOutputsStep.executeMutable(HandleStaleOutputsStep.java:77)
	at org.gradle.internal.execution.steps.HandleStaleOutputsStep.executeMutable(HandleStaleOutputsStep.java:43)
	at org.gradle.internal.execution.steps.MutableStep.execute(MutableStep.java:26)
	at org.gradle.internal.execution.steps.AssignMutableWorkspaceStep.lambda$executeMutable$0(AssignMutableWorkspaceStep.java:34)
	at org.gradle.api.internal.tasks.execution.TaskExecution$4.withWorkspace(TaskExecution.java:305)
	at org.gradle.internal.execution.steps.AssignMutableWorkspaceStep.executeMutable(AssignMutableWorkspaceStep.java:30)
	at org.gradle.internal.execution.steps.AssignMutableWorkspaceStep.executeMutable(AssignMutableWorkspaceStep.java:21)
	at org.gradle.internal.execution.steps.MutableStep.execute(MutableStep.java:26)
	at org.gradle.internal.execution.steps.ChoosePipelineStep.execute(ChoosePipelineStep.java:40)
	at org.gradle.internal.execution.steps.ChoosePipelineStep.execute(ChoosePipelineStep.java:23)
	at org.gradle.internal.execution.steps.ExecuteWorkBuildOperationFiringStep.lambda$execute$2(ExecuteWorkBuildOperationFiringStep.java:67)
	at java.base/java.util.Optional.orElseGet(Optional.java:364)
	at org.gradle.internal.execution.steps.ExecuteWorkBuildOperationFiringStep.execute(ExecuteWorkBuildOperationFiringStep.java:67)
	at org.gradle.internal.execution.steps.ExecuteWorkBuildOperationFiringStep.execute(ExecuteWorkBuildOperationFiringStep.java:39)
	at org.gradle.internal.execution.steps.IdentityCacheStep.execute(IdentityCacheStep.java:46)
	at org.gradle.internal.execution.steps.IdentityCacheStep.execute(IdentityCacheStep.java:34)
	at org.gradle.internal.execution.steps.IdentifyStep.execute(IdentifyStep.java:56)
	at org.gradle.internal.execution.steps.IdentifyStep.execute(IdentifyStep.java:38)
	at org.gradle.internal.execution.impl.DefaultExecutionEngine$1.execute(DefaultExecutionEngine.java:68)
	at org.gradle.api.internal.tasks.execution.ExecuteActionsTaskExecuter.executeIfValid(ExecuteActionsTaskExecuter.java:132)
	at org.gradle.api.internal.tasks.execution.ExecuteActionsTaskExecuter.execute(ExecuteActionsTaskExecuter.java:121)
	at org.gradle.api.internal.tasks.execution.ProblemsTaskPathTrackingTaskExecuter.execute(ProblemsTaskPathTrackingTaskExecuter.java:41)
	at org.gradle.api.internal.tasks.execution.ResolveTaskExecutionModeExecuter.execute(ResolveTaskExecutionModeExecuter.java:51)
	at org.gradle.api.internal.tasks.execution.FinalizePropertiesTaskExecuter.execute(FinalizePropertiesTaskExecuter.java:46)
	at org.gradle.api.internal.tasks.execution.SkipTaskWithNoActionsExecuter.execute(SkipTaskWithNoActionsExecuter.java:57)
	at org.gradle.api.internal.tasks.execution.SkipOnlyIfTaskExecuter.execute(SkipOnlyIfTaskExecuter.java:74)
	at org.gradle.api.internal.tasks.execution.CatchExceptionTaskExecuter.execute(CatchExceptionTaskExecuter.java:36)
	... 26 more
Caused by: org.gradle.internal.resolve.ModuleVersionResolveException: Could not resolve com.tom-roush:pdfbox-android:2.0.27.0.
Required by:
    project ':app'
Caused by: org.gradle.internal.resolve.ModuleVersionResolveException: Repository MavenRepo is disabled due to earlier error below:
Caused by: org.gradle.internal.resolve.ArtifactResolveException: Could not download org.jetbrains.kotlin.jvm.gradle.plugin-2.4.10.jar (org.jetbrains.kotlin.jvm:org.jetbrains.kotlin.jvm.gradle.plugin:2.4.10)
	at org.gradle.api.internal.artifacts.ivyservice.ivyresolve.ErrorHandlingModuleComponentRepository$ErrorHandlingModuleComponentRepositoryAccess.lambda$resolveArtifact$14(ErrorHandlingModuleComponentRepository.java:190)
	at org.gradle.api.internal.artifacts.ivyservice.ivyresolve.ErrorHandlingModuleComponentRepository$ErrorHandlingModuleComponentRepositoryAccess.tryResolveAndMaybeDisable(ErrorHandlingModuleComponentRepository.java:260)
	at org.gradle.api.internal.artifacts.ivyservice.ivyresolve.ErrorHandlingModuleComponentRepository$ErrorHandlingModuleComponentRepositoryAccess.performOperationWithRetries(ErrorHandlingModuleComponentRepository.java:204)
	at org.gradle.api.internal.artifacts.ivyservice.ivyresolve.ErrorHandlingModuleComponentRepository$ErrorHandlingModuleComponentRepositoryAccess.resolveArtifact(ErrorHandlingModuleComponentRepository.java:178)
	at org.gradle.api.internal.artifacts.ivyservice.ivyresolve.RepositoryChainArtifactResolver.resolveArtifactLater(RepositoryChainArtifactResolver.java:75)
	at org.gradle.api.internal.artifacts.ivyservice.ivyresolve.RepositoryChainArtifactResolver.lambda$resolveArtifact$0(RepositoryChainArtifactResolver.java:63)
	at org.gradle.internal.model.CalculatedValueContainerFactory$SupplierBackedCalculator.calculateValue(CalculatedValueContainerFactory.java:69)
	at org.gradle.internal.model.CalculatedValueContainer$CalculationState.lambda$attachValue$0(CalculatedValueContainer.java:227)
	at org.gradle.internal.Try.ofFailable(Try.java:46)
	at org.gradle.internal.model.CalculatedValueContainer$CalculationState.attachValue(CalculatedValueContainer.java:222)
	at org.gradle.internal.model.CalculatedValueContainer.finalizeIfNotAlready(CalculatedValueContainer.java:195)
	at org.gradle.internal.model.CalculatedValueContainer.finalizeIfNotAlready(CalculatedValueContainer.java:186)
	at org.gradle.api.internal.artifacts.DefaultResolvableArtifact.getFile(DefaultResolvableArtifact.java:140)
	at org.gradle.internal.resolve.resolver.DefaultComponentArtifactResolver.resolveArtifacts(DefaultComponentArtifactResolver.java:50)
	at org.gradle.api.internal.artifacts.ivyservice.resolveengine.artifact.ArtifactBackedResolvedVariant.getArtifacts(ArtifactBackedResolvedVariant.java:80)
	at org.gradle.api.internal.artifacts.transform.AttributeMatchingArtifactVariantSelector.doSelect(AttributeMatchingArtifactVariantSelector.java:88)
	at org.gradle.api.internal.artifacts.transform.AttributeMatchingArtifactVariantSelector.select(AttributeMatchingArtifactVariantSelector.java:70)
	at org.gradle.api.internal.artifacts.ivyservice.resolveengine.artifact.VariantResolvingArtifactSet.select(VariantResolvingArtifactSet.java:110)
	at org.gradle.api.internal.artifacts.ivyservice.resolveengine.artifact.DefaultVisitedArtifactResults.select(DefaultVisitedArtifactResults.java:43)
	at org.gradle.api.internal.artifacts.ivyservice.resolveengine.artifact.DefaultVisitedArtifactSet.select(DefaultVisitedArtifactSet.java:97)
	at org.gradle.api.internal.artifacts.resolver.DefaultResolutionOutputs$DefaultArtifactView.selectArtifacts(DefaultResolutionOutputs.java:204)
	at org.gradle.api.internal.artifacts.configurations.ResolutionResultProvider$1.getValue(ResolutionResultProvider.java:54)
	at org.gradle.api.internal.artifacts.configurations.ResolutionResultProviderBackedSelectedArtifactSet.visitArtifacts(ResolutionResultProviderBackedSelectedArtifactSet.java:50)
	at org.gradle.api.internal.artifacts.configurations.DefaultArtifactCollection.lambda$new$0(DefaultArtifactCollection.java:61)
	at org.gradle.internal.model.CalculatedValueContainerFactory$SupplierBackedCalculator.calculateValue(CalculatedValueContainerFactory.java:69)
	at org.gradle.internal.model.CalculatedValueContainer$CalculationState.lambda$attachValue$0(CalculatedValueContainer.java:227)
	at org.gradle.internal.Try.ofFailable(Try.java:46)
	at org.gradle.internal.model.CalculatedValueContainer$CalculationState.attachValue(CalculatedValueContainer.java:222)
	at org.gradle.internal.model.CalculatedValueContainer.finalizeIfNotAlready(CalculatedValueContainer.java:195)
	at org.gradle.internal.model.CalculatedValueContainer.finalizeIfNotAlready(CalculatedValueContainer.java:186)
	at org.gradle.api.internal.artifacts.configurations.DefaultArtifactCollection.ensureResolved(DefaultArtifactCollection.java:123)
	at org.gradle.api.internal.artifacts.configurations.DefaultArtifactCollection.getFailures(DefaultArtifactCollection.java:112)
	at org.gradle.plugin.use.resolve.internal.ArtifactRepositoriesPluginResolver.exists(ArtifactRepositoriesPluginResolver.java:186)
	at org.gradle.plugin.use.resolve.internal.ArtifactRepositoriesPluginResolver.resolve(ArtifactRepositoriesPluginResolver.java:65)
	at org.gradle.plugin.use.resolve.internal.CompositePluginResolver.resolve(CompositePluginResolver.java:36)
	at org.gradle.plugin.use.resolve.internal.AlreadyOnClasspathPluginResolver.resolve(AlreadyOnClasspathPluginResolver.java:64)
	at org.gradle.plugin.use.internal.DefaultPluginRequestApplicator.resolvePluginRequest(DefaultPluginRequestApplicator.java:190)
	at org.gradle.plugin.use.internal.DefaultPluginRequestApplicator.applyPlugins(DefaultPluginRequestApplicator.java:102)
	at org.gradle.kotlin.dsl.provider.PluginRequestsHandler.handle(PluginRequestsHandler.kt:45)
	at org.gradle.kotlin.dsl.provider.StandardKotlinScriptEvaluator$InterpreterHost.applyPluginsTo(KotlinScriptEvaluator.kt:246)
	at org.gradle.kotlin.dsl.execution.Interpreter$ProgramHost.applyPluginsTo(Interpreter.kt:395)
	at Program.execute(Unknown Source)
	at org.gradle.kotlin.dsl.execution.Interpreter$ProgramHost.eval(Interpreter.kt:526)
	at org.gradle.kotlin.dsl.execution.Interpreter.eval(Interpreter.kt:219)
	at org.gradle.kotlin.dsl.provider.StandardKotlinScriptEvaluator.evaluate(KotlinScriptEvaluator.kt:135)
	at org.gradle.kotlin.dsl.provider.KotlinScriptPluginFactory.create$lambda$0(KotlinScriptPluginFactory.kt:61)
	at org.gradle.kotlin.dsl.provider.KotlinScriptPlugin.apply(KotlinScriptPlugin.kt:35)
	at org.gradle.configuration.BuildOperationScriptPlugin$1.run(BuildOperationScriptPlugin.java:68)
	at org.gradle.internal.operations.DefaultBuildOperationRunner$1.execute(DefaultBuildOperationRunner.java:30)
	at org.gradle.internal.operations.DefaultBuildOperationRunner$1.execute(DefaultBuildOperationRunner.java:27)
	at org.gradle.internal.operations.DefaultBuildOperationRunner$2.execute(DefaultBuildOperationRunner.java:67)
	at org.gradle.internal.operations.DefaultBuildOperationRunner$2.execute(DefaultBuildOperationRunner.java:60)
	at org.gradle.internal.operations.DefaultBuildOperationRunner.execute(DefaultBuildOperationRunner.java:167)
	at org.gradle.internal.operations.DefaultBuildOperationRunner.execute(DefaultBuildOperationRunner.java:60)
	at org.gradle.internal.operations.DefaultBuildOperationRunner.run(DefaultBuildOperationRunner.java:48)
	at org.gradle.configuration.BuildOperationScriptPlugin.lambda$apply$0(BuildOperationScriptPlugin.java:65)
	at org.gradle.internal.code.DefaultUserCodeApplicationContext.apply(DefaultUserCodeApplicationContext.java:44)
	at org.gradle.configuration.BuildOperationScriptPlugin.apply(BuildOperationScriptPlugin.java:65)
	at org.gradle.api.internal.project.DefaultProjectStateRegistry$ProjectStateImpl.lambda$applyToMutableState$0(DefaultProjectStateRegistry.java:443)
	at org.gradle.api.internal.project.DefaultProjectStateRegistry$ProjectStateImpl.lambda$fromMutableState$1(DefaultProjectStateRegistry.java:450)
	at org.gradle.api.internal.project.DefaultProjectStateRegistry$ProjectStateImpl.runWithModelLock(DefaultProjectStateRegistry.java:466)
	at org.gradle.api.internal.project.DefaultProjectStateRegistry$ProjectStateImpl.fromMutableState(DefaultProjectStateRegistry.java:450)
	at org.gradle.api.internal.project.DefaultProjectStateRegistry$ProjectStateImpl.applyToMutableState(DefaultProjectStateRegistry.java:442)
	at org.gradle.configuration.project.BuildScriptProcessor.execute(BuildScriptProcessor.java:46)
	at org.gradle.configuration.project.BuildScriptProcessor.execute(BuildScriptProcessor.java:27)
	at org.gradle.configuration.project.ConfigureActionsProjectEvaluator.evaluate(ConfigureActionsProjectEvaluator.java:35)
	at org.gradle.configuration.project.LifecycleProjectEvaluator$EvaluateProject.lambda$run$0(LifecycleProjectEvaluator.java:109)
	at org.gradle.api.internal.project.DefaultProjectStateRegistry$ProjectStateImpl.lambda$applyToMutableState$0(DefaultProjectStateRegistry.java:443)
	at org.gradle.api.internal.project.DefaultProjectStateRegistry$ProjectStateImpl.lambda$fromMutableState$1(DefaultProjectStateRegistry.java:450)
	at org.gradle.internal.work.DefaultWorkerLeaseService.lambda$withLocksAcquired$0(DefaultWorkerLeaseService.java:275)
	at org.gradle.internal.work.ResourceLockStatistics$1.measure(ResourceLockStatistics.java:43)
	at org.gradle.internal.work.DefaultWorkerLeaseService.withLocksAcquired(DefaultWorkerLeaseService.java:273)
	at org.gradle.internal.work.DefaultWorkerLeaseService.lambda$withReplacedLocks$3(DefaultWorkerLeaseService.java:371)
	at org.gradle.internal.work.DefaultWorkerLeaseService.withoutLocks(DefaultWorkerLeaseService.java:343)
	at org.gradle.internal.work.DefaultWorkerLeaseService.withReplacedLocks(DefaultWorkerLeaseService.java:370)
	at org.gradle.api.internal.project.DefaultProjectStateRegistry$ProjectStateImpl.runWithModelLock(DefaultProjectStateRegistry.java:471)
	at org.gradle.api.internal.project.DefaultProjectStateRegistry$ProjectStateImpl.fromMutableState(DefaultProjectStateRegistry.java:450)
	at org.gradle.api.internal.project.DefaultProjectStateRegistry$ProjectStateImpl.applyToMutableState(DefaultProjectStateRegistry.java:442)
	at org.gradle.configuration.project.LifecycleProjectEvaluator$EvaluateProject.run(LifecycleProjectEvaluator.java:100)
	at org.gradle.internal.operations.DefaultBuildOperationRunner$1.execute(DefaultBuildOperationRunner.java:30)
	at org.gradle.internal.operations.DefaultBuildOperationRunner$1.execute(DefaultBuildOperationRunner.java:27)
	at org.gradle.internal.operations.DefaultBuildOperationRunner$2.execute(DefaultBuildOperationRunner.java:67)
	at org.gradle.internal.operations.DefaultBuildOperationRunner$2.execute(DefaultBuildOperationRunner.java:60)
	at org.gradle.internal.operations.DefaultBuildOperationRunner.execute(DefaultBuildOperationRunner.java:167)
	at org.gradle.internal.operations.DefaultBuildOperationRunner.execute(DefaultBuildOperationRunner.java:60)
	at org.gradle.internal.operations.DefaultBuildOperationRunner.run(DefaultBuildOperationRunner.java:48)
	at org.gradle.configuration.project.LifecycleProjectEvaluator.evaluate(LifecycleProjectEvaluator.java:72)
	at org.gradle.api.internal.project.DefaultProject.evaluateUnchecked(DefaultProject.java:796)
	at org.gradle.api.internal.project.ProjectLifecycleController.lambda$ensureSelfConfigured$2(ProjectLifecycleController.java:93)
	at org.gradle.internal.model.StateTransitionController.lambda$doTransition$15(StateTransitionController.java:293)
	at org.gradle.internal.model.StateTransitionController.doTransition(StateTransitionController.java:304)
	at org.gradle.internal.model.StateTransitionController.doTransition(StateTransitionController.java:292)
	at org.gradle.internal.model.StateTransitionController.lambda$maybeTransitionIfNotCurrentlyTransitioning$11(StateTransitionController.java:237)
	at org.gradle.internal.work.DefaultSynchronizer.withLock(DefaultSynchronizer.java:35)
	at org.gradle.internal.model.StateTransitionController.maybeTransitionIfNotCurrentlyTransitioning(StateTransitionController.java:233)
	at org.gradle.api.internal.project.ProjectLifecycleController.ensureSelfConfigured(ProjectLifecycleController.java:93)
	at org.gradle.api.internal.project.DefaultProjectStateRegistry$ProjectStateImpl.ensureConfigured(DefaultProjectStateRegistry.java:408)
	at org.gradle.execution.TaskPathProjectEvaluator.configure(TaskPathProjectEvaluator.java:71)
	at org.gradle.execution.TaskPathProjectEvaluator.configureHierarchy(TaskPathProjectEvaluator.java:85)
	at org.gradle.configuration.DefaultProjectsPreparer.prepareProjects(DefaultProjectsPreparer.java:50)
	at org.gradle.configuration.BuildTreePreparingProjectsPreparer.prepareProjects(BuildTreePreparingProjectsPreparer.java:65)
	at org.gradle.configuration.BuildOperationFiringProjectsPreparer$ConfigureBuild.run(BuildOperationFiringProjectsPreparer.java:52)
	at org.gradle.internal.operations.DefaultBuildOperationRunner$1.execute(DefaultBuildOperationRunner.java:30)
	at org.gradle.internal.operations.DefaultBuildOperationRunner$1.execute(DefaultBuildOperationRunner.java:27)
	at org.gradle.internal.operations.DefaultBuildOperationRunner$2.execute(DefaultBuildOperationRunner.java:67)
	at org.gradle.internal.operations.DefaultBuildOperationRunner$2.execute(DefaultBuildOperationRunner.java:60)
	at org.gradle.internal.operations.DefaultBuildOperationRunner.execute(DefaultBuildOperationRunner.java:167)
	at org.gradle.internal.operations.DefaultBuildOperationRunner.execute(DefaultBuildOperationRunner.java:60)
	at org.gradle.internal.operations.DefaultBuildOperationRunner.run(DefaultBuildOperationRunner.java:48)
	at org.gradle.configuration.BuildOperationFiringProjectsPreparer.prepareProjects(BuildOperationFiringProjectsPreparer.java:40)
	at org.gradle.initialization.VintageBuildModelController.lambda$prepareProjects$2(VintageBuildModelController.java:83)
	at org.gradle.internal.model.StateTransitionController.lambda$doTransition$15(StateTransitionController.java:293)
	at org.gradle.internal.model.StateTransitionController.doTransition(StateTransitionController.java:304)
	at org.gradle.internal.model.StateTransitionController.doTransition(StateTransitionController.java:292)
	at org.gradle.internal.model.StateTransitionController.lambda$transitionIfNotPreviously$12(StateTransitionController.java:251)
	at org.gradle.internal.work.DefaultSynchronizer.withLock(DefaultSynchronizer.java:35)
	at org.gradle.internal.model.StateTransitionController.transitionIfNotPreviously(StateTransitionController.java:247)
	at org.gradle.initialization.VintageBuildModelController.prepareProjects(VintageBuildModelController.java:83)
	at org.gradle.initialization.VintageBuildModelController.prepareToScheduleTasks(VintageBuildModelController.java:70)
	at org.gradle.internal.build.DefaultBuildLifecycleController.lambda$prepareToScheduleTasks$7(DefaultBuildLifecycleController.java:185)
	at org.gradle.internal.model.StateTransitionController.lambda$doTransition$15(StateTransitionController.java:293)
	at org.gradle.internal.model.StateTransitionController.doTransition(StateTransitionController.java:304)
	at org.gradle.internal.model.StateTransitionController.doTransition(StateTransitionController.java:292)
	at org.gradle.internal.model.StateTransitionController.lambda$maybeTransition$10(StateTransitionController.java:228)
	at org.gradle.internal.work.DefaultSynchronizer.withLock(DefaultSynchronizer.java:35)
	at org.gradle.internal.model.StateTransitionController.maybeTransition(StateTransitionController.java:224)
	at org.gradle.internal.build.DefaultBuildLifecycleController.prepareToScheduleTasks(DefaultBuildLifecycleController.java:183)
	at org.gradle.internal.buildtree.DefaultBuildTreeWorkPreparer.scheduleRequestedTasks(DefaultBuildTreeWorkPreparer.java:35)
	at org.gradle.internal.cc.impl.barrier.BarrierAwareBuildTreeWorkPreparer.scheduleRequestedTasks$lambda$0(BarrierAwareBuildTreeWorkPreparer.kt:34)
	at org.gradle.internal.cc.impl.barrier.VintageConfigurationTimeActionRunner.runConfigurationTimeAction(VintageConfigurationTimeActionRunner.kt:48)
	at org.gradle.internal.cc.impl.barrier.BarrierAwareBuildTreeWorkPreparer.scheduleRequestedTasks(BarrierAwareBuildTreeWorkPreparer.kt:33)
	at org.gradle.internal.cc.impl.VintageBuildTreeWorkController$scheduleAndRunRequestedTasks$1$finalizedGraph$1.call(VintageBuildTreeWorkController.kt:37)
	at org.gradle.internal.cc.impl.VintageBuildTreeWorkController$scheduleAndRunRequestedTasks$1$finalizedGraph$1.call(VintageBuildTreeWorkController.kt:37)
	at org.gradle.internal.Try.ofFailable(Try.java:46)
	at org.gradle.internal.cc.impl.VintageBuildTreeWorkController$scheduleAndRunRequestedTasks$1.apply(VintageBuildTreeWorkController.kt:37)
	at org.gradle.internal.cc.impl.VintageBuildTreeWorkController$scheduleAndRunRequestedTasks$1.apply(VintageBuildTreeWorkController.kt:36)
	at org.gradle.composite.internal.DefaultIncludedBuildTaskGraph.withNewWorkGraph(DefaultIncludedBuildTaskGraph.java:115)
	at org.gradle.internal.cc.impl.VintageBuildTreeWorkController.scheduleAndRunRequestedTasks(VintageBuildTreeWorkController.kt:36)
	at org.gradle.internal.buildtree.DefaultBuildTreeLifecycleController.lambda$scheduleAndRunTasks$1(DefaultBuildTreeLifecycleController.java:84)
	at org.gradle.internal.buildtree.DefaultBuildTreeLifecycleController.lambda$runBuild$5(DefaultBuildTreeLifecycleController.java:142)
	at org.gradle.internal.model.StateTransitionController.lambda$transition$7(StateTransitionController.java:207)
	at org.gradle.internal.model.StateTransitionController.doTransition(StateTransitionController.java:304)
	at org.gradle.internal.model.StateTransitionController.lambda$transition$8(StateTransitionController.java:207)
	at org.gradle.internal.work.DefaultSynchronizer.withLock(DefaultSynchronizer.java:45)
	at org.gradle.internal.model.StateTransitionController.transition(StateTransitionController.java:207)
	at org.gradle.internal.buildtree.DefaultBuildTreeLifecycleController.runBuild(DefaultBuildTreeLifecycleController.java:139)
	at org.gradle.internal.buildtree.DefaultBuildTreeLifecycleController.scheduleAndRunTasks(DefaultBuildTreeLifecycleController.java:84)
	at org.gradle.internal.buildtree.DefaultBuildTreeLifecycleController.scheduleAndRunTasks(DefaultBuildTreeLifecycleController.java:79)
	at org.gradle.tooling.internal.provider.ExecuteBuildActionRunner.run(ExecuteBuildActionRunner.java:31)
	at org.gradle.launcher.exec.ChainingBuildActionRunner.run(ChainingBuildActionRunner.java:35)
	at org.gradle.internal.buildtree.ProblemReportingBuildActionRunner.run(ProblemReportingBuildActionRunner.java:54)
	at org.gradle.launcher.exec.BuildOutcomeReportingBuildActionRunner.run(BuildOutcomeReportingBuildActionRunner.java:83)
	at org.gradle.tooling.internal.provider.FileSystemWatchingBuildActionRunner.run(FileSystemWatchingBuildActionRunner.java:135)
	at org.gradle.launcher.exec.BuildCompletionNotifyingBuildActionRunner.run(BuildCompletionNotifyingBuildActionRunner.java:54)
	at org.gradle.launcher.exec.RootBuildLifecycleBuildActionExecutor.lambda$execute$0(RootBuildLifecycleBuildActionExecutor.java:101)
	at org.gradle.composite.internal.DefaultRootBuildState.run(DefaultRootBuildState.java:126)
	at org.gradle.launcher.exec.RootBuildLifecycleBuildActionExecutor.execute(RootBuildLifecycleBuildActionExecutor.java:101)
	at org.gradle.launcher.exec.BuildTreeLifecycleBuildActionExecutor.runRootBuildAction(BuildTreeLifecycleBuildActionExecutor.java:104)
	at org.gradle.launcher.exec.BuildTreeLifecycleBuildActionExecutor.execute(BuildTreeLifecycleBuildActionExecutor.java:74)
	at org.gradle.launcher.exec.RunAsBuildOperationBuildActionExecutor$2.call(RunAsBuildOperationBuildActionExecutor.java:65)
	at org.gradle.launcher.exec.RunAsBuildOperationBuildActionExecutor$2.call(RunAsBuildOperationBuildActionExecutor.java:61)
	at org.gradle.internal.operations.DefaultBuildOperationRunner$CallableBuildOperationWorker.execute(DefaultBuildOperationRunner.java:210)
	at org.gradle.internal.operations.DefaultBuildOperationRunner$CallableBuildOperationWorker.execute(DefaultBuildOperationRunner.java:205)
	at org.gradle.internal.operations.DefaultBuildOperationRunner$2.execute(DefaultBuildOperationRunner.java:67)
	at org.gradle.internal.operations.DefaultBuildOperationRunner$2.execute(DefaultBuildOperationRunner.java:60)
	at org.gradle.internal.operations.DefaultBuildOperationRunner.execute(DefaultBuildOperationRunner.java:167)
	at org.gradle.internal.operations.DefaultBuildOperationRunner.execute(DefaultBuildOperationRunner.java:60)
	at org.gradle.internal.operations.DefaultBuildOperationRunner.call(DefaultBuildOperationRunner.java:54)
	at org.gradle.launcher.exec.RunAsBuildOperationBuildActionExecutor.execute(RunAsBuildOperationBuildActionExecutor.java:61)
	at org.gradle.launcher.exec.RunAsWorkerThreadBuildActionExecutor.lambda$execute$0(RunAsWorkerThreadBuildActionExecutor.java:36)
	at org.gradle.internal.work.DefaultWorkerLeaseService.lambda$withLocksAcquired$0(DefaultWorkerLeaseService.java:275)
	at org.gradle.internal.work.ResourceLockStatistics$1.measure(ResourceLockStatistics.java:43)
	at org.gradle.internal.work.DefaultWorkerLeaseService.withLocksAcquired(DefaultWorkerLeaseService.java:273)
	at org.gradle.internal.work.DefaultWorkerLeaseService.withLocks(DefaultWorkerLeaseService.java:265)
	at org.gradle.internal.work.DefaultWorkerLeaseService.runAsWorkerThread(DefaultWorkerLeaseService.java:128)
	at org.gradle.launcher.exec.RunAsWorkerThreadBuildActionExecutor.execute(RunAsWorkerThreadBuildActionExecutor.java:36)
	at org.gradle.tooling.internal.provider.continuous.ContinuousBuildActionExecutor.execute(ContinuousBuildActionExecutor.java:110)
	at org.gradle.tooling.internal.provider.SubscribableBuildActionExecutor.execute(SubscribableBuildActionExecutor.java:64)
	at org.gradle.internal.session.DefaultBuildSessionContext.execute(DefaultBuildSessionContext.java:46)
	at org.gradle.internal.buildprocess.execution.BuildSessionLifecycleBuildActionExecutor$ActionImpl.apply(BuildSessionLifecycleBuildActionExecutor.java:106)
	at org.gradle.internal.buildprocess.execution.BuildSessionLifecycleBuildActionExecutor$ActionImpl.apply(BuildSessionLifecycleBuildActionExecutor.java:94)
	at org.gradle.internal.session.BuildSessionState.run(BuildSessionState.java:73)
	at org.gradle.internal.buildprocess.execution.BuildSessionLifecycleBuildActionExecutor.execute(BuildSessionLifecycleBuildActionExecutor.java:67)
	at org.gradle.internal.buildprocess.execution.BuildSessionLifecycleBuildActionExecutor.execute(BuildSessionLifecycleBuildActionExecutor.java:45)
	at org.gradle.internal.buildprocess.execution.StartParamsValidatingActionExecutor.execute(StartParamsValidatingActionExecutor.java:57)
	at org.gradle.internal.buildprocess.execution.StartParamsValidatingActionExecutor.execute(StartParamsValidatingActionExecutor.java:32)
	at org.gradle.internal.buildprocess.execution.SessionFailureReportingActionExecutor.execute(SessionFailureReportingActionExecutor.java:51)
	at org.gradle.internal.buildprocess.execution.SessionFailureReportingActionExecutor.execute(SessionFailureReportingActionExecutor.java:39)
	at org.gradle.internal.buildprocess.execution.SetupLoggingActionExecutor.execute(SetupLoggingActionExecutor.java:47)
	at org.gradle.internal.buildprocess.execution.SetupLoggingActionExecutor.execute(SetupLoggingActionExecutor.java:31)
	at org.gradle.launcher.daemon.server.exec.ExecuteBuild.doBuild(ExecuteBuild.java:70)
	at org.gradle.launcher.daemon.server.exec.BuildCommandOnly.execute(BuildCommandOnly.java:37)
	at org.gradle.launcher.daemon.server.api.DaemonCommandExecution.proceed(DaemonCommandExecution.java:104)
	at org.gradle.launcher.daemon.server.exec.WatchForDisconnection.execute(WatchForDisconnection.java:39)
	at org.gradle.launcher.daemon.server.api.DaemonCommandExecution.proceed(DaemonCommandExecution.java:104)
	at org.gradle.launcher.daemon.server.exec.ResetDeprecationLogger.execute(ResetDeprecationLogger.java:29)
	at org.gradle.launcher.daemon.server.api.DaemonCommandExecution.proceed(DaemonCommandExecution.java:104)
	at org.gradle.launcher.daemon.server.exec.RequestStopIfSingleUsedDaemon.execute(RequestStopIfSingleUsedDaemon.java:35)
	at org.gradle.launcher.daemon.server.api.DaemonCommandExecution.proceed(DaemonCommandExecution.java:104)
	at org.gradle.launcher.daemon.server.exec.ForwardClientInput.lambda$execute$0(ForwardClientInput.java:40)
	at org.gradle.internal.daemon.clientinput.ClientInputForwarder.forwardInput(ClientInputForwarder.java:80)
	at org.gradle.launcher.daemon.server.exec.ForwardClientInput.execute(ForwardClientInput.java:37)
	at org.gradle.launcher.daemon.server.api.DaemonCommandExecution.proceed(DaemonCommandExecution.java:104)
	at org.gradle.launcher.daemon.server.exec.LogAndCheckHealth.execute(LogAndCheckHealth.java:53)
	at org.gradle.launcher.daemon.server.api.DaemonCommandExecution.proceed(DaemonCommandExecution.java:104)
	at org.gradle.launcher.daemon.server.exec.LogToClient.doBuild(LogToClient.java:63)
	at org.gradle.launcher.daemon.server.exec.BuildCommandOnly.execute(BuildCommandOnly.java:37)
	at org.gradle.launcher.daemon.server.api.DaemonCommandExecution.proceed(DaemonCommandExecution.java:104)
	at org.gradle.launcher.daemon.server.exec.EstablishBuildEnvironment.doBuild(EstablishBuildEnvironment.java:84)
	at org.gradle.launcher.daemon.server.exec.BuildCommandOnly.execute(BuildCommandOnly.java:37)
	at org.gradle.launcher.daemon.server.api.DaemonCommandExecution.proceed(DaemonCommandExecution.java:104)
	at org.gradle.launcher.daemon.server.exec.StartBuildOrRespondWithBusy$1.run(StartBuildOrRespondWithBusy.java:52)
	at org.gradle.launcher.daemon.server.DaemonStateCoordinator.lambda$runCommand$0(DaemonStateCoordinator.java:321)
	at org.gradle.internal.concurrent.ExecutorPolicy$CatchAndRecordFailures.onExecute(ExecutorPolicy.java:64)
	at org.gradle.internal.concurrent.AbstractManagedExecutor$1.run(AbstractManagedExecutor.java:47)
Caused by: org.gradle.api.resources.ResourceException: Could not get resource 'https://repo.maven.apache.org/maven2/org/jetbrains/kotlin/jvm/org.jetbrains.kotlin.jvm.gradle.plugin/2.4.10/org.jetbrains.kotlin.jvm.gradle.plugin-2.4.10.jar'.
	at org.gradle.internal.resource.ResourceExceptions.failure(ResourceExceptions.java:74)
	at org.gradle.internal.resource.ResourceExceptions.getFailed(ResourceExceptions.java:57)
	at org.gradle.api.internal.artifacts.repositories.resolver.DefaultExternalResourceArtifactResolver.staticResourceExists(DefaultExternalResourceArtifactResolver.java:83)
	at org.gradle.api.internal.artifacts.repositories.resolver.DefaultExternalResourceArtifactResolver.artifactExists(DefaultExternalResourceArtifactResolver.java:67)
	at org.gradle.api.internal.artifacts.repositories.resolver.ExternalResourceResolver$RemoteRepositoryAccess.resolveArtifact(ExternalResourceResolver.java:472)
	at org.gradle.api.internal.artifacts.ivyservice.ivyresolve.CachingModuleComponentRepository$ResolveAndCacheRepositoryAccess.resolveArtifact(CachingModuleComponentRepository.java:470)
	at org.gradle.api.internal.artifacts.ivyservice.ivyresolve.ErrorHandlingModuleComponentRepository$ErrorHandlingModuleComponentRepositoryAccess.lambda$resolveArtifact$12(ErrorHandlingModuleComponentRepository.java:180)
	at org.gradle.api.internal.artifacts.ivyservice.ivyresolve.ErrorHandlingModuleComponentRepository$ErrorHandlingModuleComponentRepositoryAccess.tryResolveAndMaybeDisable(ErrorHandlingModuleComponentRepository.java:251)
	... 213 more
Caused by: org.gradle.internal.resource.transport.http.HttpErrorStatusCodeException: Could not HEAD 'https://repo.maven.apache.org/maven2/org/jetbrains/kotlin/jvm/org.jetbrains.kotlin.jvm.gradle.plugin/2.4.10/org.jetbrains.kotlin.jvm.gradle.plugin-2.4.10.jar'. Received status code 429 from server: Too Many Requests
	at org.gradle.internal.resource.transport.http.ApacheCommonsHttpClient.processResponse(ApacheCommonsHttpClient.java:310)
	at org.gradle.internal.resource.transport.http.ApacheCommonsHttpClient.performHead(ApacheCommonsHttpClient.java:114)
	at org.gradle.internal.resource.transport.http.HttpResourceAccessor.getMetaData(HttpResourceAccessor.java:58)
	at org.gradle.internal.resource.transfer.DefaultExternalResourceConnector.getMetaData(DefaultExternalResourceConnector.java:66)
	at org.gradle.internal.resource.transfer.ProgressLoggingExternalResourceAccessor$MetadataOperation.call(ProgressLoggingExternalResourceAccessor.java:173)
	at org.gradle.internal.resource.transfer.ProgressLoggingExternalResourceAccessor$MetadataOperation.call(ProgressLoggingExternalResourceAccessor.java:161)
	at org.gradle.internal.operations.DefaultBuildOperationRunner$CallableBuildOperationWorker.execute(DefaultBuildOperationRunner.java:210)
	at org.gradle.internal.operations.DefaultBuildOperationRunner$CallableBuildOperationWorker.execute(DefaultBuildOperationRunner.java:205)
	at org.gradle.internal.operations.DefaultBuildOperationRunner$2.execute(DefaultBuildOperationRunner.java:67)
	at org.gradle.internal.operations.DefaultBuildOperationRunner$2.execute(DefaultBuildOperationRunner.java:60)
	at org.gradle.internal.operations.DefaultBuildOperationRunner.execute(DefaultBuildOperationRunner.java:167)
	at org.gradle.internal.operations.DefaultBuildOperationRunner.execute(DefaultBuildOperationRunner.java:60)
	at org.gradle.internal.operations.DefaultBuildOperationRunner.call(DefaultBuildOperationRunner.java:54)
	at org.gradle.internal.resource.transfer.ProgressLoggingExternalResourceAccessor.getMetaData(ProgressLoggingExternalResourceAccessor.java:55)
	at org.gradle.internal.resource.transfer.AccessorBackedExternalResource.getMetaData(AccessorBackedExternalResource.java:156)
	at org.gradle.api.internal.artifacts.repositories.resolver.DefaultExternalResourceArtifactResolver.staticResourceExists(DefaultExternalResourceArtifactResolver.java:79)
	... 218 more

==============================================================================

4: Task failed with an exception.
-----------
* What went wrong:
Execution failed for task ':app:desugarDebugFileDependencies'.
> Could not resolve all files for configuration ':app:debugRuntimeClasspath'.
   > Could not resolve com.tom-roush:pdfbox-android:2.0.27.0.
     Required by:
         project ':app'
      > Repository MavenRepo is disabled due to earlier error below:
         > Could not download org.jetbrains.kotlin.jvm.gradle.plugin-2.4.10.jar (org.jetbrains.kotlin.jvm:org.jetbrains.kotlin.jvm.gradle.plugin:2.4.10)
            > Could not get resource 'https://repo.maven.apache.org/maven2/org/jetbrains/kotlin/jvm/org.jetbrains.kotlin.jvm.gradle.plugin/2.4.10/org.jetbrains.kotlin.jvm.gradle.plugin-2.4.10.jar'.
               > Could not HEAD 'https://repo.maven.apache.org/maven2/org/jetbrains/kotlin/jvm/org.jetbrains.kotlin.jvm.gradle.plugin/2.4.10/org.jetbrains.kotlin.jvm.gradle.plugin-2.4.10.jar'. Received status code 429 from server: Too Many Requests

* Try:
> Run with --info or --debug option to get more log output.
> Run with --scan to get full insights from a Build Scan (powered by Develocity).
> Get more help at https://help.gradle.org.

* Exception is:
org.gradle.api.tasks.TaskExecutionException: Execution failed for task ':app:desugarDebugFileDependencies'.
	at org.gradle.api.internal.tasks.execution.CatchExceptionTaskExecuter.execute(CatchExceptionTaskExecuter.java:38)
	at org.gradle.api.internal.tasks.execution.EventFiringTaskExecuter$1.executeTask(EventFiringTaskExecuter.java:77)
	at org.gradle.api.internal.tasks.execution.EventFiringTaskExecuter$1.call(EventFiringTaskExecuter.java:55)
	at org.gradle.api.internal.tasks.execution.EventFiringTaskExecuter$1.call(EventFiringTaskExecuter.java:52)
	at org.gradle.internal.operations.DefaultBuildOperationRunner$CallableBuildOperationWorker.execute(DefaultBuildOperationRunner.java:210)
	at org.gradle.internal.operations.DefaultBuildOperationRunner$CallableBuildOperationWorker.execute(DefaultBuildOperationRunner.java:205)
	at org.gradle.internal.operations.DefaultBuildOperationRunner$2.execute(DefaultBuildOperationRunner.java:67)
	at org.gradle.internal.operations.DefaultBuildOperationRunner$2.execute(DefaultBuildOperationRunner.java:60)
	at org.gradle.internal.operations.DefaultBuildOperationRunner.execute(DefaultBuildOperationRunner.java:167)
	at org.gradle.internal.operations.DefaultBuildOperationRunner.execute(DefaultBuildOperationRunner.java:60)
	at org.gradle.internal.operations.DefaultBuildOperationRunner.call(DefaultBuildOperationRunner.java:54)
	at org.gradle.api.internal.tasks.execution.EventFiringTaskExecuter.execute(EventFiringTaskExecuter.java:52)
	at org.gradle.execution.plan.DefaultNodeExecutor.executeLocalTaskNode(DefaultNodeExecutor.java:55)
	at org.gradle.execution.plan.DefaultNodeExecutor.execute(DefaultNodeExecutor.java:34)
	at org.gradle.execution.taskgraph.DefaultTaskExecutionGraph$InvokeNodeExecutorsAction.execute(DefaultTaskExecutionGraph.java:355)
	at org.gradle.execution.taskgraph.DefaultTaskExecutionGraph$InvokeNodeExecutorsAction.execute(DefaultTaskExecutionGraph.java:343)
	at org.gradle.execution.taskgraph.DefaultTaskExecutionGraph$BuildOperationAwareExecutionAction.lambda$execute$0(DefaultTaskExecutionGraph.java:339)
	at org.gradle.internal.operations.CurrentBuildOperationRef.with(CurrentBuildOperationRef.java:84)
	at org.gradle.execution.taskgraph.DefaultTaskExecutionGraph$BuildOperationAwareExecutionAction.execute(DefaultTaskExecutionGraph.java:339)
	at org.gradle.execution.taskgraph.DefaultTaskExecutionGraph$BuildOperationAwareExecutionAction.execute(DefaultTaskExecutionGraph.java:328)
	at org.gradle.execution.plan.DefaultPlanExecutor$ExecutorWorker.execute(DefaultPlanExecutor.java:459)
	at org.gradle.execution.plan.DefaultPlanExecutor$ExecutorWorker.run(DefaultPlanExecutor.java:376)
	at org.gradle.internal.concurrent.ExecutorPolicy$CatchAndRecordFailures.onExecute(ExecutorPolicy.java:64)
	at org.gradle.internal.concurrent.AbstractManagedExecutor$1.run(AbstractManagedExecutor.java:47)
	at java.base/java.util.concurrent.ThreadPoolExecutor.runWorker(ThreadPoolExecutor.java:1144)
	at java.base/java.util.concurrent.ThreadPoolExecutor$Worker.run(ThreadPoolExecutor.java:642)
	at java.base/java.lang.Thread.run(Thread.java:1583)
Caused by: org.gradle.api.internal.artifacts.ivyservice.TypedResolveException: Could not resolve all files for configuration ':app:debugRuntimeClasspath'.
	at org.gradle.api.internal.artifacts.ResolveExceptionMapper.mapFailure(ResolveExceptionMapper.java:73)
	at org.gradle.api.internal.artifacts.ResolveExceptionMapper.mapFailures(ResolveExceptionMapper.java:65)
	at org.gradle.api.internal.artifacts.configurations.DefaultConfiguration$DefaultResolutionHost.consolidateFailures(DefaultConfiguration.java:1789)
	at org.gradle.api.internal.artifacts.configurations.ResolutionHost.rethrowFailuresAndReportProblems(ResolutionHost.java:75)
	at org.gradle.api.internal.artifacts.configurations.ResolutionBackedFileCollection.maybeThrowResolutionFailures(ResolutionBackedFileCollection.java:86)
	at org.gradle.api.internal.artifacts.configurations.ResolutionBackedFileCollection.visitContents(ResolutionBackedFileCollection.java:76)
	at org.gradle.api.internal.file.AbstractFileCollection.visitStructure(AbstractFileCollection.java:361)
	at org.gradle.api.internal.file.collections.DefaultConfigurableFileCollection.lambda$calculateFinalizedValue$1(DefaultConfigurableFileCollection.java:423)
	at org.gradle.api.internal.file.collections.UnpackingVisitor.add(UnpackingVisitor.java:66)
	at org.gradle.api.internal.file.collections.DefaultConfigurableFileCollection$UnresolvedItemsCollector.visitContents(DefaultConfigurableFileCollection.java:635)
	at org.gradle.api.internal.file.collections.DefaultConfigurableFileCollection.calculateFinalizedValue(DefaultConfigurableFileCollection.java:423)
	at org.gradle.api.internal.file.collections.DefaultConfigurableFileCollection.finalizeNow(DefaultConfigurableFileCollection.java:125)
	at org.gradle.api.internal.file.collections.DefaultConfigurableFileCollection.lambda$visitChildren$2(DefaultConfigurableFileCollection.java:447)
	at org.gradle.api.internal.provider.ValueState.finalizeOnReadIfNeeded(ValueState.java:142)
	at org.gradle.api.internal.file.collections.DefaultConfigurableFileCollection.visitChildren(DefaultConfigurableFileCollection.java:447)
	at org.gradle.api.internal.file.CompositeFileCollection.visitContents(CompositeFileCollection.java:112)
	at org.gradle.api.internal.file.AbstractFileCollection.visitStructure(AbstractFileCollection.java:361)
	at org.gradle.api.internal.file.CompositeFileCollection.lambda$visitContents$0(CompositeFileCollection.java:112)
	at org.gradle.api.internal.file.collections.UnpackingVisitor.add(UnpackingVisitor.java:66)
	at org.gradle.api.internal.file.collections.UnpackingVisitor.add(UnpackingVisitor.java:91)
	at org.gradle.api.internal.file.DefaultFileCollectionFactory$ResolvingFileCollection.visitChildren(DefaultFileCollectionFactory.java:311)
	at org.gradle.api.internal.file.CompositeFileCollection.visitContents(CompositeFileCollection.java:112)
	at org.gradle.api.internal.file.AbstractFileCollection.visitStructure(AbstractFileCollection.java:361)
	at org.gradle.api.internal.file.CompositeFileCollection.lambda$visitContents$0(CompositeFileCollection.java:112)
	at org.gradle.api.internal.tasks.PropertyFileCollection.visitChildren(PropertyFileCollection.java:48)
	at org.gradle.api.internal.file.CompositeFileCollection.visitContents(CompositeFileCollection.java:112)
	at org.gradle.api.internal.file.AbstractFileCollection.visitStructure(AbstractFileCollection.java:361)
	at org.gradle.internal.fingerprint.impl.DefaultFileCollectionSnapshotter.snapshot(DefaultFileCollectionSnapshotter.java:48)
	at org.gradle.internal.execution.impl.DefaultInputFingerprinter$InputCollectingVisitor.visitInputFileProperty(DefaultInputFingerprinter.java:151)
	at org.gradle.api.internal.tasks.execution.TaskExecution.visitMutableInputs(TaskExecution.java:345)
	at org.gradle.internal.execution.impl.DefaultInputFingerprinter.fingerprintInputProperties(DefaultInputFingerprinter.java:77)
	at org.gradle.internal.execution.steps.CaptureMutableStateBeforeExecutionStep.captureExecutionStateWithOutputs(CaptureMutableStateBeforeExecutionStep.java:124)
	at org.gradle.internal.execution.steps.CaptureMutableStateBeforeExecutionStep.lambda$captureExecutionState$0(CaptureMutableStateBeforeExecutionStep.java:94)
	at org.gradle.internal.execution.steps.BuildOperationStep$1.call(BuildOperationStep.java:38)
	at org.gradle.internal.operations.DefaultBuildOperationRunner$CallableBuildOperationWorker.execute(DefaultBuildOperationRunner.java:210)
	at org.gradle.internal.operations.DefaultBuildOperationRunner$CallableBuildOperationWorker.execute(DefaultBuildOperationRunner.java:205)
	at org.gradle.internal.operations.DefaultBuildOperationRunner$2.execute(DefaultBuildOperationRunner.java:67)
	at org.gradle.internal.operations.DefaultBuildOperationRunner$2.execute(DefaultBuildOperationRunner.java:60)
	at org.gradle.internal.operations.DefaultBuildOperationRunner.execute(DefaultBuildOperationRunner.java:167)
	at org.gradle.internal.operations.DefaultBuildOperationRunner.execute(DefaultBuildOperationRunner.java:60)
	at org.gradle.internal.operations.DefaultBuildOperationRunner.call(DefaultBuildOperationRunner.java:54)
	at org.gradle.internal.execution.steps.BuildOperationStep.operation(BuildOperationStep.java:35)
	at org.gradle.internal.execution.steps.CaptureMutableStateBeforeExecutionStep.captureExecutionState(CaptureMutableStateBeforeExecutionStep.java:92)
	at org.gradle.internal.execution.steps.CaptureMutableStateBeforeExecutionStep.executeMutable(CaptureMutableStateBeforeExecutionStep.java:73)
	at org.gradle.internal.execution.steps.CaptureMutableStateBeforeExecutionStep.execute(CaptureMutableStateBeforeExecutionStep.java:65)
	at org.gradle.internal.execution.steps.CaptureMutableStateBeforeExecutionStep.execute(CaptureMutableStateBeforeExecutionStep.java:45)
	at org.gradle.internal.execution.steps.SkipEmptyMutableWorkStep.executeWithNonEmptySources(SkipEmptyMutableWorkStep.java:210)
	at org.gradle.internal.execution.steps.SkipEmptyMutableWorkStep.executeMutable(SkipEmptyMutableWorkStep.java:85)
	at org.gradle.internal.execution.steps.SkipEmptyMutableWorkStep.executeMutable(SkipEmptyMutableWorkStep.java:53)
	at org.gradle.internal.execution.steps.MutableStep.execute(MutableStep.java:26)
	at org.gradle.internal.execution.steps.legacy.MarkSnapshottingInputsStartedStep.execute(MarkSnapshottingInputsStartedStep.java:38)
	at org.gradle.internal.execution.steps.LoadPreviousExecutionStateStep.executeMutable(LoadPreviousExecutionStateStep.java:36)
	at org.gradle.internal.execution.steps.LoadPreviousExecutionStateStep.executeMutable(LoadPreviousExecutionStateStep.java:23)
	at org.gradle.internal.execution.steps.MutableStep.execute(MutableStep.java:26)
	at org.gradle.internal.execution.steps.HandleStaleOutputsStep.executeMutable(HandleStaleOutputsStep.java:77)
	at org.gradle.internal.execution.steps.HandleStaleOutputsStep.executeMutable(HandleStaleOutputsStep.java:43)
	at org.gradle.internal.execution.steps.MutableStep.execute(MutableStep.java:26)
	at org.gradle.internal.execution.steps.AssignMutableWorkspaceStep.lambda$executeMutable$0(AssignMutableWorkspaceStep.java:34)
	at org.gradle.api.internal.tasks.execution.TaskExecution$4.withWorkspace(TaskExecution.java:305)
	at org.gradle.internal.execution.steps.AssignMutableWorkspaceStep.executeMutable(AssignMutableWorkspaceStep.java:30)
	at org.gradle.internal.execution.steps.AssignMutableWorkspaceStep.executeMutable(AssignMutableWorkspaceStep.java:21)
	at org.gradle.internal.execution.steps.MutableStep.execute(MutableStep.java:26)
	at org.gradle.internal.execution.steps.ChoosePipelineStep.execute(ChoosePipelineStep.java:40)
	at org.gradle.internal.execution.steps.ChoosePipelineStep.execute(ChoosePipelineStep.java:23)
	at org.gradle.internal.execution.steps.ExecuteWorkBuildOperationFiringStep.lambda$execute$2(ExecuteWorkBuildOperationFiringStep.java:67)
	at java.base/java.util.Optional.orElseGet(Optional.java:364)
	at org.gradle.internal.execution.steps.ExecuteWorkBuildOperationFiringStep.execute(ExecuteWorkBuildOperationFiringStep.java:67)
	at org.gradle.internal.execution.steps.ExecuteWorkBuildOperationFiringStep.execute(ExecuteWorkBuildOperationFiringStep.java:39)
	at org.gradle.internal.execution.steps.IdentityCacheStep.execute(IdentityCacheStep.java:46)
	at org.gradle.internal.execution.steps.IdentityCacheStep.execute(IdentityCacheStep.java:34)
	at org.gradle.internal.execution.steps.IdentifyStep.execute(IdentifyStep.java:56)
	at org.gradle.internal.execution.steps.IdentifyStep.execute(IdentifyStep.java:38)
	at org.gradle.internal.execution.impl.DefaultExecutionEngine$1.execute(DefaultExecutionEngine.java:68)
	at org.gradle.api.internal.tasks.execution.ExecuteActionsTaskExecuter.executeIfValid(ExecuteActionsTaskExecuter.java:132)
	at org.gradle.api.internal.tasks.execution.ExecuteActionsTaskExecuter.execute(ExecuteActionsTaskExecuter.java:121)
	at org.gradle.api.internal.tasks.execution.ProblemsTaskPathTrackingTaskExecuter.execute(ProblemsTaskPathTrackingTaskExecuter.java:41)
	at org.gradle.api.internal.tasks.execution.ResolveTaskExecutionModeExecuter.execute(ResolveTaskExecutionModeExecuter.java:51)
	at org.gradle.api.internal.tasks.execution.FinalizePropertiesTaskExecuter.execute(FinalizePropertiesTaskExecuter.java:46)
	at org.gradle.api.internal.tasks.execution.SkipTaskWithNoActionsExecuter.execute(SkipTaskWithNoActionsExecuter.java:57)
	at org.gradle.api.internal.tasks.execution.SkipOnlyIfTaskExecuter.execute(SkipOnlyIfTaskExecuter.java:74)
	at org.gradle.api.internal.tasks.execution.CatchExceptionTaskExecuter.execute(CatchExceptionTaskExecuter.java:36)
	... 26 more
Caused by: org.gradle.internal.resolve.ModuleVersionResolveException: Could not resolve com.tom-roush:pdfbox-android:2.0.27.0.
Required by:
    project ':app'
Caused by: org.gradle.internal.resolve.ModuleVersionResolveException: Repository MavenRepo is disabled due to earlier error below:
Caused by: org.gradle.internal.resolve.ArtifactResolveException: Could not download org.jetbrains.kotlin.jvm.gradle.plugin-2.4.10.jar (org.jetbrains.kotlin.jvm:org.jetbrains.kotlin.jvm.gradle.plugin:2.4.10)
	at org.gradle.api.internal.artifacts.ivyservice.ivyresolve.ErrorHandlingModuleComponentRepository$ErrorHandlingModuleComponentRepositoryAccess.lambda$resolveArtifact$14(ErrorHandlingModuleComponentRepository.java:190)
	at org.gradle.api.internal.artifacts.ivyservice.ivyresolve.ErrorHandlingModuleComponentRepository$ErrorHandlingModuleComponentRepositoryAccess.tryResolveAndMaybeDisable(ErrorHandlingModuleComponentRepository.java:260)
	at org.gradle.api.internal.artifacts.ivyservice.ivyresolve.ErrorHandlingModuleComponentRepository$ErrorHandlingModuleComponentRepositoryAccess.performOperationWithRetries(ErrorHandlingModuleComponentRepository.java:204)
	at org.gradle.api.internal.artifacts.ivyservice.ivyresolve.ErrorHandlingModuleComponentRepository$ErrorHandlingModuleComponentRepositoryAccess.resolveArtifact(ErrorHandlingModuleComponentRepository.java:178)
	at org.gradle.api.internal.artifacts.ivyservice.ivyresolve.RepositoryChainArtifactResolver.resolveArtifactLater(RepositoryChainArtifactResolver.java:75)
	at org.gradle.api.internal.artifacts.ivyservice.ivyresolve.RepositoryChainArtifactResolver.lambda$resolveArtifact$0(RepositoryChainArtifactResolver.java:63)
	at org.gradle.internal.model.CalculatedValueContainerFactory$SupplierBackedCalculator.calculateValue(CalculatedValueContainerFactory.java:69)
	at org.gradle.internal.model.CalculatedValueContainer$CalculationState.lambda$attachValue$0(CalculatedValueContainer.java:227)
	at org.gradle.internal.Try.ofFailable(Try.java:46)
	at org.gradle.internal.model.CalculatedValueContainer$CalculationState.attachValue(CalculatedValueContainer.java:222)
	at org.gradle.internal.model.CalculatedValueContainer.finalizeIfNotAlready(CalculatedValueContainer.java:195)
	at org.gradle.internal.model.CalculatedValueContainer.finalizeIfNotAlready(CalculatedValueContainer.java:186)
	at org.gradle.api.internal.artifacts.DefaultResolvableArtifact.getFile(DefaultResolvableArtifact.java:140)
	at org.gradle.internal.resolve.resolver.DefaultComponentArtifactResolver.resolveArtifacts(DefaultComponentArtifactResolver.java:50)
	at org.gradle.api.internal.artifacts.ivyservice.resolveengine.artifact.ArtifactBackedResolvedVariant.getArtifacts(ArtifactBackedResolvedVariant.java:80)
	at org.gradle.api.internal.artifacts.transform.AttributeMatchingArtifactVariantSelector.doSelect(AttributeMatchingArtifactVariantSelector.java:88)
	at org.gradle.api.internal.artifacts.transform.AttributeMatchingArtifactVariantSelector.select(AttributeMatchingArtifactVariantSelector.java:70)
	at org.gradle.api.internal.artifacts.ivyservice.resolveengine.artifact.VariantResolvingArtifactSet.select(VariantResolvingArtifactSet.java:110)
	at org.gradle.api.internal.artifacts.ivyservice.resolveengine.artifact.DefaultVisitedArtifactResults.select(DefaultVisitedArtifactResults.java:43)
	at org.gradle.api.internal.artifacts.ivyservice.resolveengine.artifact.DefaultVisitedArtifactSet.select(DefaultVisitedArtifactSet.java:97)
	at org.gradle.api.internal.artifacts.resolver.DefaultResolutionOutputs$DefaultArtifactView.selectArtifacts(DefaultResolutionOutputs.java:204)
	at org.gradle.api.internal.artifacts.configurations.ResolutionResultProvider$1.getValue(ResolutionResultProvider.java:54)
	at org.gradle.api.internal.artifacts.configurations.ResolutionResultProviderBackedSelectedArtifactSet.visitArtifacts(ResolutionResultProviderBackedSelectedArtifactSet.java:50)
	at org.gradle.api.internal.artifacts.configurations.DefaultArtifactCollection.lambda$new$0(DefaultArtifactCollection.java:61)
	at org.gradle.internal.model.CalculatedValueContainerFactory$SupplierBackedCalculator.calculateValue(CalculatedValueContainerFactory.java:69)
	at org.gradle.internal.model.CalculatedValueContainer$CalculationState.lambda$attachValue$0(CalculatedValueContainer.java:227)
	at org.gradle.internal.Try.ofFailable(Try.java:46)
	at org.gradle.internal.model.CalculatedValueContainer$CalculationState.attachValue(CalculatedValueContainer.java:222)
	at org.gradle.internal.model.CalculatedValueContainer.finalizeIfNotAlready(CalculatedValueContainer.java:195)
	at org.gradle.internal.model.CalculatedValueContainer.finalizeIfNotAlready(CalculatedValueContainer.java:186)
	at org.gradle.api.internal.artifacts.configurations.DefaultArtifactCollection.ensureResolved(DefaultArtifactCollection.java:123)
	at org.gradle.api.internal.artifacts.configurations.DefaultArtifactCollection.getFailures(DefaultArtifactCollection.java:112)
	at org.gradle.plugin.use.resolve.internal.ArtifactRepositoriesPluginResolver.exists(ArtifactRepositoriesPluginResolver.java:186)
	at org.gradle.plugin.use.resolve.internal.ArtifactRepositoriesPluginResolver.resolve(ArtifactRepositoriesPluginResolver.java:65)
	at org.gradle.plugin.use.resolve.internal.CompositePluginResolver.resolve(CompositePluginResolver.java:36)
	at org.gradle.plugin.use.resolve.internal.AlreadyOnClasspathPluginResolver.resolve(AlreadyOnClasspathPluginResolver.java:64)
	at org.gradle.plugin.use.internal.DefaultPluginRequestApplicator.resolvePluginRequest(DefaultPluginRequestApplicator.java:190)
	at org.gradle.plugin.use.internal.DefaultPluginRequestApplicator.applyPlugins(DefaultPluginRequestApplicator.java:102)
	at org.gradle.kotlin.dsl.provider.PluginRequestsHandler.handle(PluginRequestsHandler.kt:45)
	at org.gradle.kotlin.dsl.provider.StandardKotlinScriptEvaluator$InterpreterHost.applyPluginsTo(KotlinScriptEvaluator.kt:246)
	at org.gradle.kotlin.dsl.execution.Interpreter$ProgramHost.applyPluginsTo(Interpreter.kt:395)
	at Program.execute(Unknown Source)
	at org.gradle.kotlin.dsl.execution.Interpreter$ProgramHost.eval(Interpreter.kt:526)
	at org.gradle.kotlin.dsl.execution.Interpreter.eval(Interpreter.kt:219)
	at org.gradle.kotlin.dsl.provider.StandardKotlinScriptEvaluator.evaluate(KotlinScriptEvaluator.kt:135)
	at org.gradle.kotlin.dsl.provider.KotlinScriptPluginFactory.create$lambda$0(KotlinScriptPluginFactory.kt:61)
	at org.gradle.kotlin.dsl.provider.KotlinScriptPlugin.apply(KotlinScriptPlugin.kt:35)
	at org.gradle.configuration.BuildOperationScriptPlugin$1.run(BuildOperationScriptPlugin.java:68)
	at org.gradle.internal.operations.DefaultBuildOperationRunner$1.execute(DefaultBuildOperationRunner.java:30)
	at org.gradle.internal.operations.DefaultBuildOperationRunner$1.execute(DefaultBuildOperationRunner.java:27)
	at org.gradle.internal.operations.DefaultBuildOperationRunner$2.execute(DefaultBuildOperationRunner.java:67)
	at org.gradle.internal.operations.DefaultBuildOperationRunner$2.execute(DefaultBuildOperationRunner.java:60)
	at org.gradle.internal.operations.DefaultBuildOperationRunner.execute(DefaultBuildOperationRunner.java:167)
	at org.gradle.internal.operations.DefaultBuildOperationRunner.execute(DefaultBuildOperationRunner.java:60)
	at org.gradle.internal.operations.DefaultBuildOperationRunner.run(DefaultBuildOperationRunner.java:48)
	at org.gradle.configuration.BuildOperationScriptPlugin.lambda$apply$0(BuildOperationScriptPlugin.java:65)
	at org.gradle.internal.code.DefaultUserCodeApplicationContext.apply(DefaultUserCodeApplicationContext.java:44)
	at org.gradle.configuration.BuildOperationScriptPlugin.apply(BuildOperationScriptPlugin.java:65)
	at org.gradle.api.internal.project.DefaultProjectStateRegistry$ProjectStateImpl.lambda$applyToMutableState$0(DefaultProjectStateRegistry.java:443)
	at org.gradle.api.internal.project.DefaultProjectStateRegistry$ProjectStateImpl.lambda$fromMutableState$1(DefaultProjectStateRegistry.java:450)
	at org.gradle.api.internal.project.DefaultProjectStateRegistry$ProjectStateImpl.runWithModelLock(DefaultProjectStateRegistry.java:466)
	at org.gradle.api.internal.project.DefaultProjectStateRegistry$ProjectStateImpl.fromMutableState(DefaultProjectStateRegistry.java:450)
	at org.gradle.api.internal.project.DefaultProjectStateRegistry$ProjectStateImpl.applyToMutableState(DefaultProjectStateRegistry.java:442)
	at org.gradle.configuration.project.BuildScriptProcessor.execute(BuildScriptProcessor.java:46)
	at org.gradle.configuration.project.BuildScriptProcessor.execute(BuildScriptProcessor.java:27)
	at org.gradle.configuration.project.ConfigureActionsProjectEvaluator.evaluate(ConfigureActionsProjectEvaluator.java:35)
	at org.gradle.configuration.project.LifecycleProjectEvaluator$EvaluateProject.lambda$run$0(LifecycleProjectEvaluator.java:109)
	at org.gradle.api.internal.project.DefaultProjectStateRegistry$ProjectStateImpl.lambda$applyToMutableState$0(DefaultProjectStateRegistry.java:443)
	at org.gradle.api.internal.project.DefaultProjectStateRegistry$ProjectStateImpl.lambda$fromMutableState$1(DefaultProjectStateRegistry.java:450)
	at org.gradle.internal.work.DefaultWorkerLeaseService.lambda$withLocksAcquired$0(DefaultWorkerLeaseService.java:275)
	at org.gradle.internal.work.ResourceLockStatistics$1.measure(ResourceLockStatistics.java:43)
	at org.gradle.internal.work.DefaultWorkerLeaseService.withLocksAcquired(DefaultWorkerLeaseService.java:273)
	at org.gradle.internal.work.DefaultWorkerLeaseService.lambda$withReplacedLocks$3(DefaultWorkerLeaseService.java:371)
	at org.gradle.internal.work.DefaultWorkerLeaseService.withoutLocks(DefaultWorkerLeaseService.java:343)
	at org.gradle.internal.work.DefaultWorkerLeaseService.withReplacedLocks(DefaultWorkerLeaseService.java:370)
	at org.gradle.api.internal.project.DefaultProjectStateRegistry$ProjectStateImpl.runWithModelLock(DefaultProjectStateRegistry.java:471)
	at org.gradle.api.internal.project.DefaultProjectStateRegistry$ProjectStateImpl.fromMutableState(DefaultProjectStateRegistry.java:450)
	at org.gradle.api.internal.project.DefaultProjectStateRegistry$ProjectStateImpl.applyToMutableState(DefaultProjectStateRegistry.java:442)
	at org.gradle.configuration.project.LifecycleProjectEvaluator$EvaluateProject.run(LifecycleProjectEvaluator.java:100)
	at org.gradle.internal.operations.DefaultBuildOperationRunner$1.execute(DefaultBuildOperationRunner.java:30)
	at org.gradle.internal.operations.DefaultBuildOperationRunner$1.execute(DefaultBuildOperationRunner.java:27)
	at org.gradle.internal.operations.DefaultBuildOperationRunner$2.execute(DefaultBuildOperationRunner.java:67)
	at org.gradle.internal.operations.DefaultBuildOperationRunner$2.execute(DefaultBuildOperationRunner.java:60)
	at org.gradle.internal.operations.DefaultBuildOperationRunner.execute(DefaultBuildOperationRunner.java:167)
	at org.gradle.internal.operations.DefaultBuildOperationRunner.execute(DefaultBuildOperationRunner.java:60)
	at org.gradle.internal.operations.DefaultBuildOperationRunner.run(DefaultBuildOperationRunner.java:48)
	at org.gradle.configuration.project.LifecycleProjectEvaluator.evaluate(LifecycleProjectEvaluator.java:72)
	at org.gradle.api.internal.project.DefaultProject.evaluateUnchecked(DefaultProject.java:796)
	at org.gradle.api.internal.project.ProjectLifecycleController.lambda$ensureSelfConfigured$2(ProjectLifecycleController.java:93)
	at org.gradle.internal.model.StateTransitionController.lambda$doTransition$15(StateTransitionController.java:293)
	at org.gradle.internal.model.StateTransitionController.doTransition(StateTransitionController.java:304)
	at org.gradle.internal.model.StateTransitionController.doTransition(StateTransitionController.java:292)
	at org.gradle.internal.model.StateTransitionController.lambda$maybeTransitionIfNotCurrentlyTransitioning$11(StateTransitionController.java:237)
	at org.gradle.internal.work.DefaultSynchronizer.withLock(DefaultSynchronizer.java:35)
	at org.gradle.internal.model.StateTransitionController.maybeTransitionIfNotCurrentlyTransitioning(StateTransitionController.java:233)
	at org.gradle.api.internal.project.ProjectLifecycleController.ensureSelfConfigured(ProjectLifecycleController.java:93)
	at org.gradle.api.internal.project.DefaultProjectStateRegistry$ProjectStateImpl.ensureConfigured(DefaultProjectStateRegistry.java:408)
	at org.gradle.execution.TaskPathProjectEvaluator.configure(TaskPathProjectEvaluator.java:71)
	at org.gradle.execution.TaskPathProjectEvaluator.configureHierarchy(TaskPathProjectEvaluator.java:85)
	at org.gradle.configuration.DefaultProjectsPreparer.prepareProjects(DefaultProjectsPreparer.java:50)
	at org.gradle.configuration.BuildTreePreparingProjectsPreparer.prepareProjects(BuildTreePreparingProjectsPreparer.java:65)
	at org.gradle.configuration.BuildOperationFiringProjectsPreparer$ConfigureBuild.run(BuildOperationFiringProjectsPreparer.java:52)
	at org.gradle.internal.operations.DefaultBuildOperationRunner$1.execute(DefaultBuildOperationRunner.java:30)
	at org.gradle.internal.operations.DefaultBuildOperationRunner$1.execute(DefaultBuildOperationRunner.java:27)
	at org.gradle.internal.operations.DefaultBuildOperationRunner$2.execute(DefaultBuildOperationRunner.java:67)
	at org.gradle.internal.operations.DefaultBuildOperationRunner$2.execute(DefaultBuildOperationRunner.java:60)
	at org.gradle.internal.operations.DefaultBuildOperationRunner.execute(DefaultBuildOperationRunner.java:167)
	at org.gradle.internal.operations.DefaultBuildOperationRunner.execute(DefaultBuildOperationRunner.java:60)
	at org.gradle.internal.operations.DefaultBuildOperationRunner.run(DefaultBuildOperationRunner.java:48)
	at org.gradle.configuration.BuildOperationFiringProjectsPreparer.prepareProjects(BuildOperationFiringProjectsPreparer.java:40)
	at org.gradle.initialization.VintageBuildModelController.lambda$prepareProjects$2(VintageBuildModelController.java:83)
	at org.gradle.internal.model.StateTransitionController.lambda$doTransition$15(StateTransitionController.java:293)
	at org.gradle.internal.model.StateTransitionController.doTransition(StateTransitionController.java:304)
	at org.gradle.internal.model.StateTransitionController.doTransition(StateTransitionController.java:292)
	at org.gradle.internal.model.StateTransitionController.lambda$transitionIfNotPreviously$12(StateTransitionController.java:251)
	at org.gradle.internal.work.DefaultSynchronizer.withLock(DefaultSynchronizer.java:35)
	at org.gradle.internal.model.StateTransitionController.transitionIfNotPreviously(StateTransitionController.java:247)
	at org.gradle.initialization.VintageBuildModelController.prepareProjects(VintageBuildModelController.java:83)
	at org.gradle.initialization.VintageBuildModelController.prepareToScheduleTasks(VintageBuildModelController.java:70)
	at org.gradle.internal.build.DefaultBuildLifecycleController.lambda$prepareToScheduleTasks$7(DefaultBuildLifecycleController.java:185)
	at org.gradle.internal.model.StateTransitionController.lambda$doTransition$15(StateTransitionController.java:293)
	at org.gradle.internal.model.StateTransitionController.doTransition(StateTransitionController.java:304)
	at org.gradle.internal.model.StateTransitionController.doTransition(StateTransitionController.java:292)
	at org.gradle.internal.model.StateTransitionController.lambda$maybeTransition$10(StateTransitionController.java:228)
	at org.gradle.internal.work.DefaultSynchronizer.withLock(DefaultSynchronizer.java:35)
	at org.gradle.internal.model.StateTransitionController.maybeTransition(StateTransitionController.java:224)
	at org.gradle.internal.build.DefaultBuildLifecycleController.prepareToScheduleTasks(DefaultBuildLifecycleController.java:183)
	at org.gradle.internal.buildtree.DefaultBuildTreeWorkPreparer.scheduleRequestedTasks(DefaultBuildTreeWorkPreparer.java:35)
	at org.gradle.internal.cc.impl.barrier.BarrierAwareBuildTreeWorkPreparer.scheduleRequestedTasks$lambda$0(BarrierAwareBuildTreeWorkPreparer.kt:34)
	at org.gradle.internal.cc.impl.barrier.VintageConfigurationTimeActionRunner.runConfigurationTimeAction(VintageConfigurationTimeActionRunner.kt:48)
	at org.gradle.internal.cc.impl.barrier.BarrierAwareBuildTreeWorkPreparer.scheduleRequestedTasks(BarrierAwareBuildTreeWorkPreparer.kt:33)
	at org.gradle.internal.cc.impl.VintageBuildTreeWorkController$scheduleAndRunRequestedTasks$1$finalizedGraph$1.call(VintageBuildTreeWorkController.kt:37)
	at org.gradle.internal.cc.impl.VintageBuildTreeWorkController$scheduleAndRunRequestedTasks$1$finalizedGraph$1.call(VintageBuildTreeWorkController.kt:37)
	at org.gradle.internal.Try.ofFailable(Try.java:46)
	at org.gradle.internal.cc.impl.VintageBuildTreeWorkController$scheduleAndRunRequestedTasks$1.apply(VintageBuildTreeWorkController.kt:37)
	at org.gradle.internal.cc.impl.VintageBuildTreeWorkController$scheduleAndRunRequestedTasks$1.apply(VintageBuildTreeWorkController.kt:36)
	at org.gradle.composite.internal.DefaultIncludedBuildTaskGraph.withNewWorkGraph(DefaultIncludedBuildTaskGraph.java:115)
	at org.gradle.internal.cc.impl.VintageBuildTreeWorkController.scheduleAndRunRequestedTasks(VintageBuildTreeWorkController.kt:36)
	at org.gradle.internal.buildtree.DefaultBuildTreeLifecycleController.lambda$scheduleAndRunTasks$1(DefaultBuildTreeLifecycleController.java:84)
	at org.gradle.internal.buildtree.DefaultBuildTreeLifecycleController.lambda$runBuild$5(DefaultBuildTreeLifecycleController.java:142)
	at org.gradle.internal.model.StateTransitionController.lambda$transition$7(StateTransitionController.java:207)
	at org.gradle.internal.model.StateTransitionController.doTransition(StateTransitionController.java:304)
	at org.gradle.internal.model.StateTransitionController.lambda$transition$8(StateTransitionController.java:207)
	at org.gradle.internal.work.DefaultSynchronizer.withLock(DefaultSynchronizer.java:45)
	at org.gradle.internal.model.StateTransitionController.transition(StateTransitionController.java:207)
	at org.gradle.internal.buildtree.DefaultBuildTreeLifecycleController.runBuild(DefaultBuildTreeLifecycleController.java:139)
	at org.gradle.internal.buildtree.DefaultBuildTreeLifecycleController.scheduleAndRunTasks(DefaultBuildTreeLifecycleController.java:84)
	at org.gradle.internal.buildtree.DefaultBuildTreeLifecycleController.scheduleAndRunTasks(DefaultBuildTreeLifecycleController.java:79)
	at org.gradle.tooling.internal.provider.ExecuteBuildActionRunner.run(ExecuteBuildActionRunner.java:31)
	at org.gradle.launcher.exec.ChainingBuildActionRunner.run(ChainingBuildActionRunner.java:35)
	at org.gradle.internal.buildtree.ProblemReportingBuildActionRunner.run(ProblemReportingBuildActionRunner.java:54)
	at org.gradle.launcher.exec.BuildOutcomeReportingBuildActionRunner.run(BuildOutcomeReportingBuildActionRunner.java:83)
	at org.gradle.tooling.internal.provider.FileSystemWatchingBuildActionRunner.run(FileSystemWatchingBuildActionRunner.java:135)
	at org.gradle.launcher.exec.BuildCompletionNotifyingBuildActionRunner.run(BuildCompletionNotifyingBuildActionRunner.java:54)
	at org.gradle.launcher.exec.RootBuildLifecycleBuildActionExecutor.lambda$execute$0(RootBuildLifecycleBuildActionExecutor.java:101)
	at org.gradle.composite.internal.DefaultRootBuildState.run(DefaultRootBuildState.java:126)
	at org.gradle.launcher.exec.RootBuildLifecycleBuildActionExecutor.execute(RootBuildLifecycleBuildActionExecutor.java:101)
	at org.gradle.launcher.exec.BuildTreeLifecycleBuildActionExecutor.runRootBuildAction(BuildTreeLifecycleBuildActionExecutor.java:104)
	at org.gradle.launcher.exec.BuildTreeLifecycleBuildActionExecutor.execute(BuildTreeLifecycleBuildActionExecutor.java:74)
	at org.gradle.launcher.exec.RunAsBuildOperationBuildActionExecutor$2.call(RunAsBuildOperationBuildActionExecutor.java:65)
	at org.gradle.launcher.exec.RunAsBuildOperationBuildActionExecutor$2.call(RunAsBuildOperationBuildActionExecutor.java:61)
	at org.gradle.internal.operations.DefaultBuildOperationRunner$CallableBuildOperationWorker.execute(DefaultBuildOperationRunner.java:210)
	at org.gradle.internal.operations.DefaultBuildOperationRunner$CallableBuildOperationWorker.execute(DefaultBuildOperationRunner.java:205)
	at org.gradle.internal.operations.DefaultBuildOperationRunner$2.execute(DefaultBuildOperationRunner.java:67)
	at org.gradle.internal.operations.DefaultBuildOperationRunner$2.execute(DefaultBuildOperationRunner.java:60)
	at org.gradle.internal.operations.DefaultBuildOperationRunner.execute(DefaultBuildOperationRunner.java:167)
	at org.gradle.internal.operations.DefaultBuildOperationRunner.execute(DefaultBuildOperationRunner.java:60)
	at org.gradle.internal.operations.DefaultBuildOperationRunner.call(DefaultBuildOperationRunner.java:54)
	at org.gradle.launcher.exec.RunAsBuildOperationBuildActionExecutor.execute(RunAsBuildOperationBuildActionExecutor.java:61)
	at org.gradle.launcher.exec.RunAsWorkerThreadBuildActionExecutor.lambda$execute$0(RunAsWorkerThreadBuildActionExecutor.java:36)
	at org.gradle.internal.work.DefaultWorkerLeaseService.lambda$withLocksAcquired$0(DefaultWorkerLeaseService.java:275)
	at org.gradle.internal.work.ResourceLockStatistics$1.measure(ResourceLockStatistics.java:43)
	at org.gradle.internal.work.DefaultWorkerLeaseService.withLocksAcquired(DefaultWorkerLeaseService.java:273)
	at org.gradle.internal.work.DefaultWorkerLeaseService.withLocks(DefaultWorkerLeaseService.java:265)
	at org.gradle.internal.work.DefaultWorkerLeaseService.runAsWorkerThread(DefaultWorkerLeaseService.java:128)
	at org.gradle.launcher.exec.RunAsWorkerThreadBuildActionExecutor.execute(RunAsWorkerThreadBuildActionExecutor.java:36)
	at org.gradle.tooling.internal.provider.continuous.ContinuousBuildActionExecutor.execute(ContinuousBuildActionExecutor.java:110)
	at org.gradle.tooling.internal.provider.SubscribableBuildActionExecutor.execute(SubscribableBuildActionExecutor.java:64)
	at org.gradle.internal.session.DefaultBuildSessionContext.execute(DefaultBuildSessionContext.java:46)
	at org.gradle.internal.buildprocess.execution.BuildSessionLifecycleBuildActionExecutor$ActionImpl.apply(BuildSessionLifecycleBuildActionExecutor.java:106)
	at org.gradle.internal.buildprocess.execution.BuildSessionLifecycleBuildActionExecutor$ActionImpl.apply(BuildSessionLifecycleBuildActionExecutor.java:94)
	at org.gradle.internal.session.BuildSessionState.run(BuildSessionState.java:73)
	at org.gradle.internal.buildprocess.execution.BuildSessionLifecycleBuildActionExecutor.execute(BuildSessionLifecycleBuildActionExecutor.java:67)
	at org.gradle.internal.buildprocess.execution.BuildSessionLifecycleBuildActionExecutor.execute(BuildSessionLifecycleBuildActionExecutor.java:45)
	at org.gradle.internal.buildprocess.execution.StartParamsValidatingActionExecutor.execute(StartParamsValidatingActionExecutor.java:57)
	at org.gradle.internal.buildprocess.execution.StartParamsValidatingActionExecutor.execute(StartParamsValidatingActionExecutor.java:32)
	at org.gradle.internal.buildprocess.execution.SessionFailureReportingActionExecutor.execute(SessionFailureReportingActionExecutor.java:51)
	at org.gradle.internal.buildprocess.execution.SessionFailureReportingActionExecutor.execute(SessionFailureReportingActionExecutor.java:39)
	at org.gradle.internal.buildprocess.execution.SetupLoggingActionExecutor.execute(SetupLoggingActionExecutor.java:47)
	at org.gradle.internal.buildprocess.execution.SetupLoggingActionExecutor.execute(SetupLoggingActionExecutor.java:31)
	at org.gradle.launcher.daemon.server.exec.ExecuteBuild.doBuild(ExecuteBuild.java:70)
	at org.gradle.launcher.daemon.server.exec.BuildCommandOnly.execute(BuildCommandOnly.java:37)
	at org.gradle.launcher.daemon.server.api.DaemonCommandExecution.proceed(DaemonCommandExecution.java:104)
	at org.gradle.launcher.daemon.server.exec.WatchForDisconnection.execute(WatchForDisconnection.java:39)
	at org.gradle.launcher.daemon.server.api.DaemonCommandExecution.proceed(DaemonCommandExecution.java:104)
	at org.gradle.launcher.daemon.server.exec.ResetDeprecationLogger.execute(ResetDeprecationLogger.java:29)
	at org.gradle.launcher.daemon.server.api.DaemonCommandExecution.proceed(DaemonCommandExecution.java:104)
	at org.gradle.launcher.daemon.server.exec.RequestStopIfSingleUsedDaemon.execute(RequestStopIfSingleUsedDaemon.java:35)
	at org.gradle.launcher.daemon.server.api.DaemonCommandExecution.proceed(DaemonCommandExecution.java:104)
	at org.gradle.launcher.daemon.server.exec.ForwardClientInput.lambda$execute$0(ForwardClientInput.java:40)
	at org.gradle.internal.daemon.clientinput.ClientInputForwarder.forwardInput(ClientInputForwarder.java:80)
	at org.gradle.launcher.daemon.server.exec.ForwardClientInput.execute(ForwardClientInput.java:37)
	at org.gradle.launcher.daemon.server.api.DaemonCommandExecution.proceed(DaemonCommandExecution.java:104)
	at org.gradle.launcher.daemon.server.exec.LogAndCheckHealth.execute(LogAndCheckHealth.java:53)
	at org.gradle.launcher.daemon.server.api.DaemonCommandExecution.proceed(DaemonCommandExecution.java:104)
	at org.gradle.launcher.daemon.server.exec.LogToClient.doBuild(LogToClient.java:63)
	at org.gradle.launcher.daemon.server.exec.BuildCommandOnly.execute(BuildCommandOnly.java:37)
	at org.gradle.launcher.daemon.server.api.DaemonCommandExecution.proceed(DaemonCommandExecution.java:104)
	at org.gradle.launcher.daemon.server.exec.EstablishBuildEnvironment.doBuild(EstablishBuildEnvironment.java:84)
	at org.gradle.launcher.daemon.server.exec.BuildCommandOnly.execute(BuildCommandOnly.java:37)
	at org.gradle.launcher.daemon.server.api.DaemonCommandExecution.proceed(DaemonCommandExecution.java:104)
	at org.gradle.launcher.daemon.server.exec.StartBuildOrRespondWithBusy$1.run(StartBuildOrRespondWithBusy.java:52)
	at org.gradle.launcher.daemon.server.DaemonStateCoordinator.lambda$runCommand$0(DaemonStateCoordinator.java:321)
	at org.gradle.internal.concurrent.ExecutorPolicy$CatchAndRecordFailures.onExecute(ExecutorPolicy.java:64)
	at org.gradle.internal.concurrent.AbstractManagedExecutor$1.run(AbstractManagedExecutor.java:47)
Caused by: org.gradle.api.resources.ResourceException: Could not get resource 'https://repo.maven.apache.org/maven2/org/jetbrains/kotlin/jvm/org.jetbrains.kotlin.jvm.gradle.plugin/2.4.10/org.jetbrains.kotlin.jvm.gradle.plugin-2.4.10.jar'.
	at org.gradle.internal.resource.ResourceExceptions.failure(ResourceExceptions.java:74)
	at org.gradle.internal.resource.ResourceExceptions.getFailed(ResourceExceptions.java:57)
	at org.gradle.api.internal.artifacts.repositories.resolver.DefaultExternalResourceArtifactResolver.staticResourceExists(DefaultExternalResourceArtifactResolver.java:83)
	at org.gradle.api.internal.artifacts.repositories.resolver.DefaultExternalResourceArtifactResolver.artifactExists(DefaultExternalResourceArtifactResolver.java:67)
	at org.gradle.api.internal.artifacts.repositories.resolver.ExternalResourceResolver$RemoteRepositoryAccess.resolveArtifact(ExternalResourceResolver.java:472)
	at org.gradle.api.internal.artifacts.ivyservice.ivyresolve.CachingModuleComponentRepository$ResolveAndCacheRepositoryAccess.resolveArtifact(CachingModuleComponentRepository.java:470)
	at org.gradle.api.internal.artifacts.ivyservice.ivyresolve.ErrorHandlingModuleComponentRepository$ErrorHandlingModuleComponentRepositoryAccess.lambda$resolveArtifact$12(ErrorHandlingModuleComponentRepository.java:180)
	at org.gradle.api.internal.artifacts.ivyservice.ivyresolve.ErrorHandlingModuleComponentRepository$ErrorHandlingModuleComponentRepositoryAccess.tryResolveAndMaybeDisable(ErrorHandlingModuleComponentRepository.java:251)
	... 213 more
Caused by: org.gradle.internal.resource.transport.http.HttpErrorStatusCodeException: Could not HEAD 'https://repo.maven.apache.org/maven2/org/jetbrains/kotlin/jvm/org.jetbrains.kotlin.jvm.gradle.plugin/2.4.10/org.jetbrains.kotlin.jvm.gradle.plugin-2.4.10.jar'. Received status code 429 from server: Too Many Requests
	at org.gradle.internal.resource.transport.http.ApacheCommonsHttpClient.processResponse(ApacheCommonsHttpClient.java:310)
	at org.gradle.internal.resource.transport.http.ApacheCommonsHttpClient.performHead(ApacheCommonsHttpClient.java:114)
	at org.gradle.internal.resource.transport.http.HttpResourceAccessor.getMetaData(HttpResourceAccessor.java:58)
	at org.gradle.internal.resource.transfer.DefaultExternalResourceConnector.getMetaData(DefaultExternalResourceConnector.java:66)
	at org.gradle.internal.resource.transfer.ProgressLoggingExternalResourceAccessor$MetadataOperation.call(ProgressLoggingExternalResourceAccessor.java:173)
	at org.gradle.internal.resource.transfer.ProgressLoggingExternalResourceAccessor$MetadataOperation.call(ProgressLoggingExternalResourceAccessor.java:161)
	at org.gradle.internal.operations.DefaultBuildOperationRunner$CallableBuildOperationWorker.execute(DefaultBuildOperationRunner.java:210)
	at org.gradle.internal.operations.DefaultBuildOperationRunner$CallableBuildOperationWorker.execute(DefaultBuildOperationRunner.java:205)
	at org.gradle.internal.operations.DefaultBuildOperationRunner$2.execute(DefaultBuildOperationRunner.java:67)
	at org.gradle.internal.operations.DefaultBuildOperationRunner$2.execute(DefaultBuildOperationRunner.java:60)
	at org.gradle.internal.operations.DefaultBuildOperationRunner.execute(DefaultBuildOperationRunner.java:167)
	at org.gradle.internal.operations.DefaultBuildOperationRunner.execute(DefaultBuildOperationRunner.java:60)
	at org.gradle.internal.operations.DefaultBuildOperationRunner.call(DefaultBuildOperationRunner.java:54)
	at org.gradle.internal.resource.transfer.ProgressLoggingExternalResourceAccessor.getMetaData(ProgressLoggingExternalResourceAccessor.java:55)
	at org.gradle.internal.resource.transfer.AccessorBackedExternalResource.getMetaData(AccessorBackedExternalResource.java:156)
	at org.gradle.api.internal.artifacts.repositories.resolver.DefaultExternalResourceArtifactResolver.staticResourceExists(DefaultExternalResourceArtifactResolver.java:79)
	... 218 more

==============================================================================

5: Task failed with an exception.
-----------
* What went wrong:
Execution failed for task ':app:checkDebugAarMetadata'.
> Could not resolve all files for configuration ':app:debugRuntimeClasspath'.
   > Could not resolve com.tom-roush:pdfbox-android:2.0.27.0.
     Required by:
         project ':app'
      > Repository MavenRepo is disabled due to earlier error below:
         > Could not download org.jetbrains.kotlin.jvm.gradle.plugin-2.4.10.jar (org.jetbrains.kotlin.jvm:org.jetbrains.kotlin.jvm.gradle.plugin:2.4.10)
            > Could not get resource 'https://repo.maven.apache.org/maven2/org/jetbrains/kotlin/jvm/org.jetbrains.kotlin.jvm.gradle.plugin/2.4.10/org.jetbrains.kotlin.jvm.gradle.plugin-2.4.10.jar'.
               > Could not HEAD 'https://repo.maven.apache.org/maven2/org/jetbrains/kotlin/jvm/org.jetbrains.kotlin.jvm.gradle.plugin/2.4.10/org.jetbrains.kotlin.jvm.gradle.plugin-2.4.10.jar'. Received status code 429 from server: Too Many Requests

* Try:
> Run with --info or --debug option to get more log output.
> Run with --scan to get full insights from a Build Scan (powered by Develocity).
> Get more help at https://help.gradle.org.

* Exception is:
org.gradle.api.tasks.TaskExecutionException: Execution failed for task ':app:checkDebugAarMetadata'.
	at org.gradle.api.internal.tasks.execution.CatchExceptionTaskExecuter.execute(CatchExceptionTaskExecuter.java:38)
	at org.gradle.api.internal.tasks.execution.EventFiringTaskExecuter$1.executeTask(EventFiringTaskExecuter.java:77)
	at org.gradle.api.internal.tasks.execution.EventFiringTaskExecuter$1.call(EventFiringTaskExecuter.java:55)
	at org.gradle.api.internal.tasks.execution.EventFiringTaskExecuter$1.call(EventFiringTaskExecuter.java:52)
	at org.gradle.internal.operations.DefaultBuildOperationRunner$CallableBuildOperationWorker.execute(DefaultBuildOperationRunner.java:210)
	at org.gradle.internal.operations.DefaultBuildOperationRunner$CallableBuildOperationWorker.execute(DefaultBuildOperationRunner.java:205)
	at org.gradle.internal.operations.DefaultBuildOperationRunner$2.execute(DefaultBuildOperationRunner.java:67)
	at org.gradle.internal.operations.DefaultBuildOperationRunner$2.execute(DefaultBuildOperationRunner.java:60)
	at org.gradle.internal.operations.DefaultBuildOperationRunner.execute(DefaultBuildOperationRunner.java:167)
	at org.gradle.internal.operations.DefaultBuildOperationRunner.execute(DefaultBuildOperationRunner.java:60)
	at org.gradle.internal.operations.DefaultBuildOperationRunner.call(DefaultBuildOperationRunner.java:54)
	at org.gradle.api.internal.tasks.execution.EventFiringTaskExecuter.execute(EventFiringTaskExecuter.java:52)
	at org.gradle.execution.plan.DefaultNodeExecutor.executeLocalTaskNode(DefaultNodeExecutor.java:55)
	at org.gradle.execution.plan.DefaultNodeExecutor.execute(DefaultNodeExecutor.java:34)
	at org.gradle.execution.taskgraph.DefaultTaskExecutionGraph$InvokeNodeExecutorsAction.execute(DefaultTaskExecutionGraph.java:355)
	at org.gradle.execution.taskgraph.DefaultTaskExecutionGraph$InvokeNodeExecutorsAction.execute(DefaultTaskExecutionGraph.java:343)
	at org.gradle.execution.taskgraph.DefaultTaskExecutionGraph$BuildOperationAwareExecutionAction.lambda$execute$0(DefaultTaskExecutionGraph.java:339)
	at org.gradle.internal.operations.CurrentBuildOperationRef.with(CurrentBuildOperationRef.java:84)
	at org.gradle.execution.taskgraph.DefaultTaskExecutionGraph$BuildOperationAwareExecutionAction.execute(DefaultTaskExecutionGraph.java:339)
	at org.gradle.execution.taskgraph.DefaultTaskExecutionGraph$BuildOperationAwareExecutionAction.execute(DefaultTaskExecutionGraph.java:328)
	at org.gradle.execution.plan.DefaultPlanExecutor$ExecutorWorker.execute(DefaultPlanExecutor.java:459)
	at org.gradle.execution.plan.DefaultPlanExecutor$ExecutorWorker.run(DefaultPlanExecutor.java:376)
	at org.gradle.internal.concurrent.ExecutorPolicy$CatchAndRecordFailures.onExecute(ExecutorPolicy.java:64)
	at org.gradle.internal.concurrent.AbstractManagedExecutor$1.run(AbstractManagedExecutor.java:47)
	at java.base/java.util.concurrent.ThreadPoolExecutor.runWorker(ThreadPoolExecutor.java:1144)
	at java.base/java.util.concurrent.ThreadPoolExecutor$Worker.run(ThreadPoolExecutor.java:642)
	at java.base/java.lang.Thread.run(Thread.java:1583)
Caused by: org.gradle.api.internal.artifacts.ivyservice.TypedResolveException: Could not resolve all files for configuration ':app:debugRuntimeClasspath'.
	at org.gradle.api.internal.artifacts.ResolveExceptionMapper.mapFailure(ResolveExceptionMapper.java:73)
	at org.gradle.api.internal.artifacts.ResolveExceptionMapper.mapFailures(ResolveExceptionMapper.java:65)
	at org.gradle.api.internal.artifacts.configurations.DefaultConfiguration$DefaultResolutionHost.consolidateFailures(DefaultConfiguration.java:1789)
	at org.gradle.api.internal.artifacts.configurations.ResolutionHost.rethrowFailuresAndReportProblems(ResolutionHost.java:75)
	at org.gradle.api.internal.artifacts.configurations.ResolutionBackedFileCollection.maybeThrowResolutionFailures(ResolutionBackedFileCollection.java:86)
	at org.gradle.api.internal.artifacts.configurations.ResolutionBackedFileCollection.visitContents(ResolutionBackedFileCollection.java:76)
	at org.gradle.api.internal.file.AbstractFileCollection.visitStructure(AbstractFileCollection.java:361)
	at org.gradle.api.internal.file.CompositeFileCollection.lambda$visitContents$0(CompositeFileCollection.java:112)
	at org.gradle.api.internal.file.collections.UnpackingVisitor.add(UnpackingVisitor.java:66)
	at org.gradle.api.internal.file.collections.UnpackingVisitor.add(UnpackingVisitor.java:91)
	at org.gradle.api.internal.file.DefaultFileCollectionFactory$ResolvingFileCollection.visitChildren(DefaultFileCollectionFactory.java:311)
	at org.gradle.api.internal.file.CompositeFileCollection.visitContents(CompositeFileCollection.java:112)
	at org.gradle.api.internal.file.AbstractFileCollection.visitStructure(AbstractFileCollection.java:361)
	at org.gradle.api.internal.file.CompositeFileCollection.lambda$visitContents$0(CompositeFileCollection.java:112)
	at org.gradle.api.internal.tasks.PropertyFileCollection.visitChildren(PropertyFileCollection.java:48)
	at org.gradle.api.internal.file.CompositeFileCollection.visitContents(CompositeFileCollection.java:112)
	at org.gradle.api.internal.file.AbstractFileCollection.visitStructure(AbstractFileCollection.java:361)
	at org.gradle.internal.fingerprint.impl.DefaultFileCollectionSnapshotter.snapshot(DefaultFileCollectionSnapshotter.java:48)
	at org.gradle.internal.execution.impl.DefaultInputFingerprinter$InputCollectingVisitor.visitInputFileProperty(DefaultInputFingerprinter.java:151)
	at org.gradle.api.internal.tasks.execution.TaskExecution.visitMutableInputs(TaskExecution.java:345)
	at org.gradle.internal.execution.impl.DefaultInputFingerprinter.fingerprintInputProperties(DefaultInputFingerprinter.java:77)
	at org.gradle.internal.execution.steps.CaptureMutableStateBeforeExecutionStep.captureExecutionStateWithOutputs(CaptureMutableStateBeforeExecutionStep.java:124)
	at org.gradle.internal.execution.steps.CaptureMutableStateBeforeExecutionStep.lambda$captureExecutionState$0(CaptureMutableStateBeforeExecutionStep.java:94)
	at org.gradle.internal.execution.steps.BuildOperationStep$1.call(BuildOperationStep.java:38)
	at org.gradle.internal.operations.DefaultBuildOperationRunner$CallableBuildOperationWorker.execute(DefaultBuildOperationRunner.java:210)
	at org.gradle.internal.operations.DefaultBuildOperationRunner$CallableBuildOperationWorker.execute(DefaultBuildOperationRunner.java:205)
	at org.gradle.internal.operations.DefaultBuildOperationRunner$2.execute(DefaultBuildOperationRunner.java:67)
	at org.gradle.internal.operations.DefaultBuildOperationRunner$2.execute(DefaultBuildOperationRunner.java:60)
	at org.gradle.internal.operations.DefaultBuildOperationRunner.execute(DefaultBuildOperationRunner.java:167)
	at org.gradle.internal.operations.DefaultBuildOperationRunner.execute(DefaultBuildOperationRunner.java:60)
	at org.gradle.internal.operations.DefaultBuildOperationRunner.call(DefaultBuildOperationRunner.java:54)
	at org.gradle.internal.execution.steps.BuildOperationStep.operation(BuildOperationStep.java:35)
	at org.gradle.internal.execution.steps.CaptureMutableStateBeforeExecutionStep.captureExecutionState(CaptureMutableStateBeforeExecutionStep.java:92)
	at org.gradle.internal.execution.steps.CaptureMutableStateBeforeExecutionStep.executeMutable(CaptureMutableStateBeforeExecutionStep.java:73)
	at org.gradle.internal.execution.steps.CaptureMutableStateBeforeExecutionStep.execute(CaptureMutableStateBeforeExecutionStep.java:65)
	at org.gradle.internal.execution.steps.CaptureMutableStateBeforeExecutionStep.execute(CaptureMutableStateBeforeExecutionStep.java:45)
	at org.gradle.internal.execution.steps.SkipEmptyMutableWorkStep.executeWithNonEmptySources(SkipEmptyMutableWorkStep.java:210)
	at org.gradle.internal.execution.steps.SkipEmptyMutableWorkStep.executeMutable(SkipEmptyMutableWorkStep.java:85)
	at org.gradle.internal.execution.steps.SkipEmptyMutableWorkStep.executeMutable(SkipEmptyMutableWorkStep.java:53)
	at org.gradle.internal.execution.steps.MutableStep.execute(MutableStep.java:26)
	at org.gradle.internal.execution.steps.legacy.MarkSnapshottingInputsStartedStep.execute(MarkSnapshottingInputsStartedStep.java:38)
	at org.gradle.internal.execution.steps.LoadPreviousExecutionStateStep.executeMutable(LoadPreviousExecutionStateStep.java:36)
	at org.gradle.internal.execution.steps.LoadPreviousExecutionStateStep.executeMutable(LoadPreviousExecutionStateStep.java:23)
	at org.gradle.internal.execution.steps.MutableStep.execute(MutableStep.java:26)
	at org.gradle.internal.execution.steps.HandleStaleOutputsStep.executeMutable(HandleStaleOutputsStep.java:77)
	at org.gradle.internal.execution.steps.HandleStaleOutputsStep.executeMutable(HandleStaleOutputsStep.java:43)
	at org.gradle.internal.execution.steps.MutableStep.execute(MutableStep.java:26)
	at org.gradle.internal.execution.steps.AssignMutableWorkspaceStep.lambda$executeMutable$0(AssignMutableWorkspaceStep.java:34)
	at org.gradle.api.internal.tasks.execution.TaskExecution$4.withWorkspace(TaskExecution.java:305)
	at org.gradle.internal.execution.steps.AssignMutableWorkspaceStep.executeMutable(AssignMutableWorkspaceStep.java:30)
	at org.gradle.internal.execution.steps.AssignMutableWorkspaceStep.executeMutable(AssignMutableWorkspaceStep.java:21)
	at org.gradle.internal.execution.steps.MutableStep.execute(MutableStep.java:26)
	at org.gradle.internal.execution.steps.ChoosePipelineStep.execute(ChoosePipelineStep.java:40)
	at org.gradle.internal.execution.steps.ChoosePipelineStep.execute(ChoosePipelineStep.java:23)
	at org.gradle.internal.execution.steps.ExecuteWorkBuildOperationFiringStep.lambda$execute$2(ExecuteWorkBuildOperationFiringStep.java:67)
	at java.base/java.util.Optional.orElseGet(Optional.java:364)
	at org.gradle.internal.execution.steps.ExecuteWorkBuildOperationFiringStep.execute(ExecuteWorkBuildOperationFiringStep.java:67)
	at org.gradle.internal.execution.steps.ExecuteWorkBuildOperationFiringStep.execute(ExecuteWorkBuildOperationFiringStep.java:39)
	at org.gradle.internal.execution.steps.IdentityCacheStep.execute(IdentityCacheStep.java:46)
	at org.gradle.internal.execution.steps.IdentityCacheStep.execute(IdentityCacheStep.java:34)
	at org.gradle.internal.execution.steps.IdentifyStep.execute(IdentifyStep.java:56)
	at org.gradle.internal.execution.steps.IdentifyStep.execute(IdentifyStep.java:38)
	at org.gradle.internal.execution.impl.DefaultExecutionEngine$1.execute(DefaultExecutionEngine.java:68)
	at org.gradle.api.internal.tasks.execution.ExecuteActionsTaskExecuter.executeIfValid(ExecuteActionsTaskExecuter.java:132)
	at org.gradle.api.internal.tasks.execution.ExecuteActionsTaskExecuter.execute(ExecuteActionsTaskExecuter.java:121)
	at org.gradle.api.internal.tasks.execution.ProblemsTaskPathTrackingTaskExecuter.execute(ProblemsTaskPathTrackingTaskExecuter.java:41)
	at org.gradle.api.internal.tasks.execution.ResolveTaskExecutionModeExecuter.execute(ResolveTaskExecutionModeExecuter.java:51)
	at org.gradle.api.internal.tasks.execution.FinalizePropertiesTaskExecuter.execute(FinalizePropertiesTaskExecuter.java:46)
	at org.gradle.api.internal.tasks.execution.SkipTaskWithNoActionsExecuter.execute(SkipTaskWithNoActionsExecuter.java:57)
	at org.gradle.api.internal.tasks.execution.SkipOnlyIfTaskExecuter.execute(SkipOnlyIfTaskExecuter.java:74)
	at org.gradle.api.internal.tasks.execution.CatchExceptionTaskExecuter.execute(CatchExceptionTaskExecuter.java:36)
	... 26 more
Caused by: org.gradle.internal.resolve.ModuleVersionResolveException: Could not resolve com.tom-roush:pdfbox-android:2.0.27.0.
Required by:
    project ':app'
Caused by: org.gradle.internal.resolve.ModuleVersionResolveException: Repository MavenRepo is disabled due to earlier error below:
Caused by: org.gradle.internal.resolve.ArtifactResolveException: Could not download org.jetbrains.kotlin.jvm.gradle.plugin-2.4.10.jar (org.jetbrains.kotlin.jvm:org.jetbrains.kotlin.jvm.gradle.plugin:2.4.10)
	at org.gradle.api.internal.artifacts.ivyservice.ivyresolve.ErrorHandlingModuleComponentRepository$ErrorHandlingModuleComponentRepositoryAccess.lambda$resolveArtifact$14(ErrorHandlingModuleComponentRepository.java:190)
	at org.gradle.api.internal.artifacts.ivyservice.ivyresolve.ErrorHandlingModuleComponentRepository$ErrorHandlingModuleComponentRepositoryAccess.tryResolveAndMaybeDisable(ErrorHandlingModuleComponentRepository.java:260)
	at org.gradle.api.internal.artifacts.ivyservice.ivyresolve.ErrorHandlingModuleComponentRepository$ErrorHandlingModuleComponentRepositoryAccess.performOperationWithRetries(ErrorHandlingModuleComponentRepository.java:204)
	at org.gradle.api.internal.artifacts.ivyservice.ivyresolve.ErrorHandlingModuleComponentRepository$ErrorHandlingModuleComponentRepositoryAccess.resolveArtifact(ErrorHandlingModuleComponentRepository.java:178)
	at org.gradle.api.internal.artifacts.ivyservice.ivyresolve.RepositoryChainArtifactResolver.resolveArtifactLater(RepositoryChainArtifactResolver.java:75)
	at org.gradle.api.internal.artifacts.ivyservice.ivyresolve.RepositoryChainArtifactResolver.lambda$resolveArtifact$0(RepositoryChainArtifactResolver.java:63)
	at org.gradle.internal.model.CalculatedValueContainerFactory$SupplierBackedCalculator.calculateValue(CalculatedValueContainerFactory.java:69)
	at org.gradle.internal.model.CalculatedValueContainer$CalculationState.lambda$attachValue$0(CalculatedValueContainer.java:227)
	at org.gradle.internal.Try.ofFailable(Try.java:46)
	at org.gradle.internal.model.CalculatedValueContainer$CalculationState.attachValue(CalculatedValueContainer.java:222)
	at org.gradle.internal.model.CalculatedValueContainer.finalizeIfNotAlready(CalculatedValueContainer.java:195)
	at org.gradle.internal.model.CalculatedValueContainer.finalizeIfNotAlready(CalculatedValueContainer.java:186)
	at org.gradle.api.internal.artifacts.DefaultResolvableArtifact.getFile(DefaultResolvableArtifact.java:140)
	at org.gradle.internal.resolve.resolver.DefaultComponentArtifactResolver.resolveArtifacts(DefaultComponentArtifactResolver.java:50)
	at org.gradle.api.internal.artifacts.ivyservice.resolveengine.artifact.ArtifactBackedResolvedVariant.getArtifacts(ArtifactBackedResolvedVariant.java:80)
	at org.gradle.api.internal.artifacts.transform.AttributeMatchingArtifactVariantSelector.doSelect(AttributeMatchingArtifactVariantSelector.java:88)
	at org.gradle.api.internal.artifacts.transform.AttributeMatchingArtifactVariantSelector.select(AttributeMatchingArtifactVariantSelector.java:70)
	at org.gradle.api.internal.artifacts.ivyservice.resolveengine.artifact.VariantResolvingArtifactSet.select(VariantResolvingArtifactSet.java:110)
	at org.gradle.api.internal.artifacts.ivyservice.resolveengine.artifact.DefaultVisitedArtifactResults.select(DefaultVisitedArtifactResults.java:43)
	at org.gradle.api.internal.artifacts.ivyservice.resolveengine.artifact.DefaultVisitedArtifactSet.select(DefaultVisitedArtifactSet.java:97)
	at org.gradle.api.internal.artifacts.resolver.DefaultResolutionOutputs$DefaultArtifactView.selectArtifacts(DefaultResolutionOutputs.java:204)
	at org.gradle.api.internal.artifacts.configurations.ResolutionResultProvider$1.getValue(ResolutionResultProvider.java:54)
	at org.gradle.api.internal.artifacts.configurations.ResolutionResultProviderBackedSelectedArtifactSet.visitArtifacts(ResolutionResultProviderBackedSelectedArtifactSet.java:50)
	at org.gradle.api.internal.artifacts.configurations.DefaultArtifactCollection.lambda$new$0(DefaultArtifactCollection.java:61)
	at org.gradle.internal.model.CalculatedValueContainerFactory$SupplierBackedCalculator.calculateValue(CalculatedValueContainerFactory.java:69)
	at org.gradle.internal.model.CalculatedValueContainer$CalculationState.lambda$attachValue$0(CalculatedValueContainer.java:227)
	at org.gradle.internal.Try.ofFailable(Try.java:46)
	at org.gradle.internal.model.CalculatedValueContainer$CalculationState.attachValue(CalculatedValueContainer.java:222)
	at org.gradle.internal.model.CalculatedValueContainer.finalizeIfNotAlready(CalculatedValueContainer.java:195)
	at org.gradle.internal.model.CalculatedValueContainer.finalizeIfNotAlready(CalculatedValueContainer.java:186)
	at org.gradle.api.internal.artifacts.configurations.DefaultArtifactCollection.ensureResolved(DefaultArtifactCollection.java:123)
	at org.gradle.api.internal.artifacts.configurations.DefaultArtifactCollection.getFailures(DefaultArtifactCollection.java:112)
	at org.gradle.plugin.use.resolve.internal.ArtifactRepositoriesPluginResolver.exists(ArtifactRepositoriesPluginResolver.java:186)
	at org.gradle.plugin.use.resolve.internal.ArtifactRepositoriesPluginResolver.resolve(ArtifactRepositoriesPluginResolver.java:65)
	at org.gradle.plugin.use.resolve.internal.CompositePluginResolver.resolve(CompositePluginResolver.java:36)
	at org.gradle.plugin.use.resolve.internal.AlreadyOnClasspathPluginResolver.resolve(AlreadyOnClasspathPluginResolver.java:64)
	at org.gradle.plugin.use.internal.DefaultPluginRequestApplicator.resolvePluginRequest(DefaultPluginRequestApplicator.java:190)
	at org.gradle.plugin.use.internal.DefaultPluginRequestApplicator.applyPlugins(DefaultPluginRequestApplicator.java:102)
	at org.gradle.kotlin.dsl.provider.PluginRequestsHandler.handle(PluginRequestsHandler.kt:45)
	at org.gradle.kotlin.dsl.provider.StandardKotlinScriptEvaluator$InterpreterHost.applyPluginsTo(KotlinScriptEvaluator.kt:246)
	at org.gradle.kotlin.dsl.execution.Interpreter$ProgramHost.applyPluginsTo(Interpreter.kt:395)
	at Program.execute(Unknown Source)
	at org.gradle.kotlin.dsl.execution.Interpreter$ProgramHost.eval(Interpreter.kt:526)
	at org.gradle.kotlin.dsl.execution.Interpreter.eval(Interpreter.kt:219)
	at org.gradle.kotlin.dsl.provider.StandardKotlinScriptEvaluator.evaluate(KotlinScriptEvaluator.kt:135)
	at org.gradle.kotlin.dsl.provider.KotlinScriptPluginFactory.create$lambda$0(KotlinScriptPluginFactory.kt:61)
	at org.gradle.kotlin.dsl.provider.KotlinScriptPlugin.apply(KotlinScriptPlugin.kt:35)
	at org.gradle.configuration.BuildOperationScriptPlugin$1.run(BuildOperationScriptPlugin.java:68)
	at org.gradle.internal.operations.DefaultBuildOperationRunner$1.execute(DefaultBuildOperationRunner.java:30)
	at org.gradle.internal.operations.DefaultBuildOperationRunner$1.execute(DefaultBuildOperationRunner.java:27)
	at org.gradle.internal.operations.DefaultBuildOperationRunner$2.execute(DefaultBuildOperationRunner.java:67)
	at org.gradle.internal.operations.DefaultBuildOperationRunner$2.execute(DefaultBuildOperationRunner.java:60)
	at org.gradle.internal.operations.DefaultBuildOperationRunner.execute(DefaultBuildOperationRunner.java:167)
	at org.gradle.internal.operations.DefaultBuildOperationRunner.execute(DefaultBuildOperationRunner.java:60)
	at org.gradle.internal.operations.DefaultBuildOperationRunner.run(DefaultBuildOperationRunner.java:48)
	at org.gradle.configuration.BuildOperationScriptPlugin.lambda$apply$0(BuildOperationScriptPlugin.java:65)
	at org.gradle.internal.code.DefaultUserCodeApplicationContext.apply(DefaultUserCodeApplicationContext.java:44)
	at org.gradle.configuration.BuildOperationScriptPlugin.apply(BuildOperationScriptPlugin.java:65)
	at org.gradle.api.internal.project.DefaultProjectStateRegistry$ProjectStateImpl.lambda$applyToMutableState$0(DefaultProjectStateRegistry.java:443)
	at org.gradle.api.internal.project.DefaultProjectStateRegistry$ProjectStateImpl.lambda$fromMutableState$1(DefaultProjectStateRegistry.java:450)
	at org.gradle.api.internal.project.DefaultProjectStateRegistry$ProjectStateImpl.runWithModelLock(DefaultProjectStateRegistry.java:466)
	at org.gradle.api.internal.project.DefaultProjectStateRegistry$ProjectStateImpl.fromMutableState(DefaultProjectStateRegistry.java:450)
	at org.gradle.api.internal.project.DefaultProjectStateRegistry$ProjectStateImpl.applyToMutableState(DefaultProjectStateRegistry.java:442)
	at org.gradle.configuration.project.BuildScriptProcessor.execute(BuildScriptProcessor.java:46)
	at org.gradle.configuration.project.BuildScriptProcessor.execute(BuildScriptProcessor.java:27)
	at org.gradle.configuration.project.ConfigureActionsProjectEvaluator.evaluate(ConfigureActionsProjectEvaluator.java:35)
	at org.gradle.configuration.project.LifecycleProjectEvaluator$EvaluateProject.lambda$run$0(LifecycleProjectEvaluator.java:109)
	at org.gradle.api.internal.project.DefaultProjectStateRegistry$ProjectStateImpl.lambda$applyToMutableState$0(DefaultProjectStateRegistry.java:443)
	at org.gradle.api.internal.project.DefaultProjectStateRegistry$ProjectStateImpl.lambda$fromMutableState$1(DefaultProjectStateRegistry.java:450)
	at org.gradle.internal.work.DefaultWorkerLeaseService.lambda$withLocksAcquired$0(DefaultWorkerLeaseService.java:275)
	at org.gradle.internal.work.ResourceLockStatistics$1.measure(ResourceLockStatistics.java:43)
	at org.gradle.internal.work.DefaultWorkerLeaseService.withLocksAcquired(DefaultWorkerLeaseService.java:273)
	at org.gradle.internal.work.DefaultWorkerLeaseService.lambda$withReplacedLocks$3(DefaultWorkerLeaseService.java:371)
	at org.gradle.internal.work.DefaultWorkerLeaseService.withoutLocks(DefaultWorkerLeaseService.java:343)
	at org.gradle.internal.work.DefaultWorkerLeaseService.withReplacedLocks(DefaultWorkerLeaseService.java:370)
	at org.gradle.api.internal.project.DefaultProjectStateRegistry$ProjectStateImpl.runWithModelLock(DefaultProjectStateRegistry.java:471)
	at org.gradle.api.internal.project.DefaultProjectStateRegistry$ProjectStateImpl.fromMutableState(DefaultProjectStateRegistry.java:450)
	at org.gradle.api.internal.project.DefaultProjectStateRegistry$ProjectStateImpl.applyToMutableState(DefaultProjectStateRegistry.java:442)
	at org.gradle.configuration.project.LifecycleProjectEvaluator$EvaluateProject.run(LifecycleProjectEvaluator.java:100)
	at org.gradle.internal.operations.DefaultBuildOperationRunner$1.execute(DefaultBuildOperationRunner.java:30)
	at org.gradle.internal.operations.DefaultBuildOperationRunner$1.execute(DefaultBuildOperationRunner.java:27)
	at org.gradle.internal.operations.DefaultBuildOperationRunner$2.execute(DefaultBuildOperationRunner.java:67)
	at org.gradle.internal.operations.DefaultBuildOperationRunner$2.execute(DefaultBuildOperationRunner.java:60)
	at org.gradle.internal.operations.DefaultBuildOperationRunner.execute(DefaultBuildOperationRunner.java:167)
	at org.gradle.internal.operations.DefaultBuildOperationRunner.execute(DefaultBuildOperationRunner.java:60)
	at org.gradle.internal.operations.DefaultBuildOperationRunner.run(DefaultBuildOperationRunner.java:48)
	at org.gradle.configuration.project.LifecycleProjectEvaluator.evaluate(LifecycleProjectEvaluator.java:72)
	at org.gradle.api.internal.project.DefaultProject.evaluateUnchecked(DefaultProject.java:796)
	at org.gradle.api.internal.project.ProjectLifecycleController.lambda$ensureSelfConfigured$2(ProjectLifecycleController.java:93)
	at org.gradle.internal.model.StateTransitionController.lambda$doTransition$15(StateTransitionController.java:293)
	at org.gradle.internal.model.StateTransitionController.doTransition(StateTransitionController.java:304)
	at org.gradle.internal.model.StateTransitionController.doTransition(StateTransitionController.java:292)
	at org.gradle.internal.model.StateTransitionController.lambda$maybeTransitionIfNotCurrentlyTransitioning$11(StateTransitionController.java:237)
	at org.gradle.internal.work.DefaultSynchronizer.withLock(DefaultSynchronizer.java:35)
	at org.gradle.internal.model.StateTransitionController.maybeTransitionIfNotCurrentlyTransitioning(StateTransitionController.java:233)
	at org.gradle.api.internal.project.ProjectLifecycleController.ensureSelfConfigured(ProjectLifecycleController.java:93)
	at org.gradle.api.internal.project.DefaultProjectStateRegistry$ProjectStateImpl.ensureConfigured(DefaultProjectStateRegistry.java:408)
	at org.gradle.execution.TaskPathProjectEvaluator.configure(TaskPathProjectEvaluator.java:71)
	at org.gradle.execution.TaskPathProjectEvaluator.configureHierarchy(TaskPathProjectEvaluator.java:85)
	at org.gradle.configuration.DefaultProjectsPreparer.prepareProjects(DefaultProjectsPreparer.java:50)
	at org.gradle.configuration.BuildTreePreparingProjectsPreparer.prepareProjects(BuildTreePreparingProjectsPreparer.java:65)
	at org.gradle.configuration.BuildOperationFiringProjectsPreparer$ConfigureBuild.run(BuildOperationFiringProjectsPreparer.java:52)
	at org.gradle.internal.operations.DefaultBuildOperationRunner$1.execute(DefaultBuildOperationRunner.java:30)
	at org.gradle.internal.operations.DefaultBuildOperationRunner$1.execute(DefaultBuildOperationRunner.java:27)
	at org.gradle.internal.operations.DefaultBuildOperationRunner$2.execute(DefaultBuildOperationRunner.java:67)
	at org.gradle.internal.operations.DefaultBuildOperationRunner$2.execute(DefaultBuildOperationRunner.java:60)
	at org.gradle.internal.operations.DefaultBuildOperationRunner.execute(DefaultBuildOperationRunner.java:167)
	at org.gradle.internal.operations.DefaultBuildOperationRunner.execute(DefaultBuildOperationRunner.java:60)
	at org.gradle.internal.operations.DefaultBuildOperationRunner.run(DefaultBuildOperationRunner.java:48)
	at org.gradle.configuration.BuildOperationFiringProjectsPreparer.prepareProjects(BuildOperationFiringProjectsPreparer.java:40)
	at org.gradle.initialization.VintageBuildModelController.lambda$prepareProjects$2(VintageBuildModelController.java:83)
	at org.gradle.internal.model.StateTransitionController.lambda$doTransition$15(StateTransitionController.java:293)
	at org.gradle.internal.model.StateTransitionController.doTransition(StateTransitionController.java:304)
	at org.gradle.internal.model.StateTransitionController.doTransition(StateTransitionController.java:292)
	at org.gradle.internal.model.StateTransitionController.lambda$transitionIfNotPreviously$12(StateTransitionController.java:251)
	at org.gradle.internal.work.DefaultSynchronizer.withLock(DefaultSynchronizer.java:35)
	at org.gradle.internal.model.StateTransitionController.transitionIfNotPreviously(StateTransitionController.java:247)
	at org.gradle.initialization.VintageBuildModelController.prepareProjects(VintageBuildModelController.java:83)
	at org.gradle.initialization.VintageBuildModelController.prepareToScheduleTasks(VintageBuildModelController.java:70)
	at org.gradle.internal.build.DefaultBuildLifecycleController.lambda$prepareToScheduleTasks$7(DefaultBuildLifecycleController.java:185)
	at org.gradle.internal.model.StateTransitionController.lambda$doTransition$15(StateTransitionController.java:293)
	at org.gradle.internal.model.StateTransitionController.doTransition(StateTransitionController.java:304)
	at org.gradle.internal.model.StateTransitionController.doTransition(StateTransitionController.java:292)
	at org.gradle.internal.model.StateTransitionController.lambda$maybeTransition$10(StateTransitionController.java:228)
	at org.gradle.internal.work.DefaultSynchronizer.withLock(DefaultSynchronizer.java:35)
	at org.gradle.internal.model.StateTransitionController.maybeTransition(StateTransitionController.java:224)
	at org.gradle.internal.build.DefaultBuildLifecycleController.prepareToScheduleTasks(DefaultBuildLifecycleController.java:183)
	at org.gradle.internal.buildtree.DefaultBuildTreeWorkPreparer.scheduleRequestedTasks(DefaultBuildTreeWorkPreparer.java:35)
	at org.gradle.internal.cc.impl.barrier.BarrierAwareBuildTreeWorkPreparer.scheduleRequestedTasks$lambda$0(BarrierAwareBuildTreeWorkPreparer.kt:34)
	at org.gradle.internal.cc.impl.barrier.VintageConfigurationTimeActionRunner.runConfigurationTimeAction(VintageConfigurationTimeActionRunner.kt:48)
	at org.gradle.internal.cc.impl.barrier.BarrierAwareBuildTreeWorkPreparer.scheduleRequestedTasks(BarrierAwareBuildTreeWorkPreparer.kt:33)
	at org.gradle.internal.cc.impl.VintageBuildTreeWorkController$scheduleAndRunRequestedTasks$1$finalizedGraph$1.call(VintageBuildTreeWorkController.kt:37)
	at org.gradle.internal.cc.impl.VintageBuildTreeWorkController$scheduleAndRunRequestedTasks$1$finalizedGraph$1.call(VintageBuildTreeWorkController.kt:37)
	at org.gradle.internal.Try.ofFailable(Try.java:46)
	at org.gradle.internal.cc.impl.VintageBuildTreeWorkController$scheduleAndRunRequestedTasks$1.apply(VintageBuildTreeWorkController.kt:37)
	at org.gradle.internal.cc.impl.VintageBuildTreeWorkController$scheduleAndRunRequestedTasks$1.apply(VintageBuildTreeWorkController.kt:36)
	at org.gradle.composite.internal.DefaultIncludedBuildTaskGraph.withNewWorkGraph(DefaultIncludedBuildTaskGraph.java:115)
	at org.gradle.internal.cc.impl.VintageBuildTreeWorkController.scheduleAndRunRequestedTasks(VintageBuildTreeWorkController.kt:36)
	at org.gradle.internal.buildtree.DefaultBuildTreeLifecycleController.lambda$scheduleAndRunTasks$1(DefaultBuildTreeLifecycleController.java:84)
	at org.gradle.internal.buildtree.DefaultBuildTreeLifecycleController.lambda$runBuild$5(DefaultBuildTreeLifecycleController.java:142)
	at org.gradle.internal.model.StateTransitionController.lambda$transition$7(StateTransitionController.java:207)
	at org.gradle.internal.model.StateTransitionController.doTransition(StateTransitionController.java:304)
	at org.gradle.internal.model.StateTransitionController.lambda$transition$8(StateTransitionController.java:207)
	at org.gradle.internal.work.DefaultSynchronizer.withLock(DefaultSynchronizer.java:45)
	at org.gradle.internal.model.StateTransitionController.transition(StateTransitionController.java:207)
	at org.gradle.internal.buildtree.DefaultBuildTreeLifecycleController.runBuild(DefaultBuildTreeLifecycleController.java:139)
	at org.gradle.internal.buildtree.DefaultBuildTreeLifecycleController.scheduleAndRunTasks(DefaultBuildTreeLifecycleController.java:84)
	at org.gradle.internal.buildtree.DefaultBuildTreeLifecycleController.scheduleAndRunTasks(DefaultBuildTreeLifecycleController.java:79)
	at org.gradle.tooling.internal.provider.ExecuteBuildActionRunner.run(ExecuteBuildActionRunner.java:31)
	at org.gradle.launcher.exec.ChainingBuildActionRunner.run(ChainingBuildActionRunner.java:35)
	at org.gradle.internal.buildtree.ProblemReportingBuildActionRunner.run(ProblemReportingBuildActionRunner.java:54)
	at org.gradle.launcher.exec.BuildOutcomeReportingBuildActionRunner.run(BuildOutcomeReportingBuildActionRunner.java:83)
	at org.gradle.tooling.internal.provider.FileSystemWatchingBuildActionRunner.run(FileSystemWatchingBuildActionRunner.java:135)
	at org.gradle.launcher.exec.BuildCompletionNotifyingBuildActionRunner.run(BuildCompletionNotifyingBuildActionRunner.java:54)
	at org.gradle.launcher.exec.RootBuildLifecycleBuildActionExecutor.lambda$execute$0(RootBuildLifecycleBuildActionExecutor.java:101)
	at org.gradle.composite.internal.DefaultRootBuildState.run(DefaultRootBuildState.java:126)
	at org.gradle.launcher.exec.RootBuildLifecycleBuildActionExecutor.execute(RootBuildLifecycleBuildActionExecutor.java:101)
	at org.gradle.launcher.exec.BuildTreeLifecycleBuildActionExecutor.runRootBuildAction(BuildTreeLifecycleBuildActionExecutor.java:104)
	at org.gradle.launcher.exec.BuildTreeLifecycleBuildActionExecutor.execute(BuildTreeLifecycleBuildActionExecutor.java:74)
	at org.gradle.launcher.exec.RunAsBuildOperationBuildActionExecutor$2.call(RunAsBuildOperationBuildActionExecutor.java:65)
	at org.gradle.launcher.exec.RunAsBuildOperationBuildActionExecutor$2.call(RunAsBuildOperationBuildActionExecutor.java:61)
	at org.gradle.internal.operations.DefaultBuildOperationRunner$CallableBuildOperationWorker.execute(DefaultBuildOperationRunner.java:210)
	at org.gradle.internal.operations.DefaultBuildOperationRunner$CallableBuildOperationWorker.execute(DefaultBuildOperationRunner.java:205)
	at org.gradle.internal.operations.DefaultBuildOperationRunner$2.execute(DefaultBuildOperationRunner.java:67)
	at org.gradle.internal.operations.DefaultBuildOperationRunner$2.execute(DefaultBuildOperationRunner.java:60)
	at org.gradle.internal.operations.DefaultBuildOperationRunner.execute(DefaultBuildOperationRunner.java:167)
	at org.gradle.internal.operations.DefaultBuildOperationRunner.execute(DefaultBuildOperationRunner.java:60)
	at org.gradle.internal.operations.DefaultBuildOperationRunner.call(DefaultBuildOperationRunner.java:54)
	at org.gradle.launcher.exec.RunAsBuildOperationBuildActionExecutor.execute(RunAsBuildOperationBuildActionExecutor.java:61)
	at org.gradle.launcher.exec.RunAsWorkerThreadBuildActionExecutor.lambda$execute$0(RunAsWorkerThreadBuildActionExecutor.java:36)
	at org.gradle.internal.work.DefaultWorkerLeaseService.lambda$withLocksAcquired$0(DefaultWorkerLeaseService.java:275)
	at org.gradle.internal.work.ResourceLockStatistics$1.measure(ResourceLockStatistics.java:43)
	at org.gradle.internal.work.DefaultWorkerLeaseService.withLocksAcquired(DefaultWorkerLeaseService.java:273)
	at org.gradle.internal.work.DefaultWorkerLeaseService.withLocks(DefaultWorkerLeaseService.java:265)
	at org.gradle.internal.work.DefaultWorkerLeaseService.runAsWorkerThread(DefaultWorkerLeaseService.java:128)
	at org.gradle.launcher.exec.RunAsWorkerThreadBuildActionExecutor.execute(RunAsWorkerThreadBuildActionExecutor.java:36)
	at org.gradle.tooling.internal.provider.continuous.ContinuousBuildActionExecutor.execute(ContinuousBuildActionExecutor.java:110)
	at org.gradle.tooling.internal.provider.SubscribableBuildActionExecutor.execute(SubscribableBuildActionExecutor.java:64)
	at org.gradle.internal.session.DefaultBuildSessionContext.execute(DefaultBuildSessionContext.java:46)
	at org.gradle.internal.buildprocess.execution.BuildSessionLifecycleBuildActionExecutor$ActionImpl.apply(BuildSessionLifecycleBuildActionExecutor.java:106)
	at org.gradle.internal.buildprocess.execution.BuildSessionLifecycleBuildActionExecutor$ActionImpl.apply(BuildSessionLifecycleBuildActionExecutor.java:94)
	at org.gradle.internal.session.BuildSessionState.run(BuildSessionState.java:73)
	at org.gradle.internal.buildprocess.execution.BuildSessionLifecycleBuildActionExecutor.execute(BuildSessionLifecycleBuildActionExecutor.java:67)
	at org.gradle.internal.buildprocess.execution.BuildSessionLifecycleBuildActionExecutor.execute(BuildSessionLifecycleBuildActionExecutor.java:45)
	at org.gradle.internal.buildprocess.execution.StartParamsValidatingActionExecutor.execute(StartParamsValidatingActionExecutor.java:57)
	at org.gradle.internal.buildprocess.execution.StartParamsValidatingActionExecutor.execute(StartParamsValidatingActionExecutor.java:32)
	at org.gradle.internal.buildprocess.execution.SessionFailureReportingActionExecutor.execute(SessionFailureReportingActionExecutor.java:51)
	at org.gradle.internal.buildprocess.execution.SessionFailureReportingActionExecutor.execute(SessionFailureReportingActionExecutor.java:39)
	at org.gradle.internal.buildprocess.execution.SetupLoggingActionExecutor.execute(SetupLoggingActionExecutor.java:47)
	at org.gradle.internal.buildprocess.execution.SetupLoggingActionExecutor.execute(SetupLoggingActionExecutor.java:31)
	at org.gradle.launcher.daemon.server.exec.ExecuteBuild.doBuild(ExecuteBuild.java:70)
	at org.gradle.launcher.daemon.server.exec.BuildCommandOnly.execute(BuildCommandOnly.java:37)
	at org.gradle.launcher.daemon.server.api.DaemonCommandExecution.proceed(DaemonCommandExecution.java:104)
	at org.gradle.launcher.daemon.server.exec.WatchForDisconnection.execute(WatchForDisconnection.java:39)
	at org.gradle.launcher.daemon.server.api.DaemonCommandExecution.proceed(DaemonCommandExecution.java:104)
	at org.gradle.launcher.daemon.server.exec.ResetDeprecationLogger.execute(ResetDeprecationLogger.java:29)
	at org.gradle.launcher.daemon.server.api.DaemonCommandExecution.proceed(DaemonCommandExecution.java:104)
	at org.gradle.launcher.daemon.server.exec.RequestStopIfSingleUsedDaemon.execute(RequestStopIfSingleUsedDaemon.java:35)
	at org.gradle.launcher.daemon.server.api.DaemonCommandExecution.proceed(DaemonCommandExecution.java:104)
	at org.gradle.launcher.daemon.server.exec.ForwardClientInput.lambda$execute$0(ForwardClientInput.java:40)
	at org.gradle.internal.daemon.clientinput.ClientInputForwarder.forwardInput(ClientInputForwarder.java:80)
	at org.gradle.launcher.daemon.server.exec.ForwardClientInput.execute(ForwardClientInput.java:37)
	at org.gradle.launcher.daemon.server.api.DaemonCommandExecution.proceed(DaemonCommandExecution.java:104)
	at org.gradle.launcher.daemon.server.exec.LogAndCheckHealth.execute(LogAndCheckHealth.java:53)
	at org.gradle.launcher.daemon.server.api.DaemonCommandExecution.proceed(DaemonCommandExecution.java:104)
	at org.gradle.launcher.daemon.server.exec.LogToClient.doBuild(LogToClient.java:63)
	at org.gradle.launcher.daemon.server.exec.BuildCommandOnly.execute(BuildCommandOnly.java:37)
	at org.gradle.launcher.daemon.server.api.DaemonCommandExecution.proceed(DaemonCommandExecution.java:104)
	at org.gradle.launcher.daemon.server.exec.EstablishBuildEnvironment.doBuild(EstablishBuildEnvironment.java:84)
	at org.gradle.launcher.daemon.server.exec.BuildCommandOnly.execute(BuildCommandOnly.java:37)
	at org.gradle.launcher.daemon.server.api.DaemonCommandExecution.proceed(DaemonCommandExecution.java:104)
	at org.gradle.launcher.daemon.server.exec.StartBuildOrRespondWithBusy$1.run(StartBuildOrRespondWithBusy.java:52)
	at org.gradle.launcher.daemon.server.DaemonStateCoordinator.lambda$runCommand$0(DaemonStateCoordinator.java:321)
	at org.gradle.internal.concurrent.ExecutorPolicy$CatchAndRecordFailures.onExecute(ExecutorPolicy.java:64)
	at org.gradle.internal.concurrent.AbstractManagedExecutor$1.run(AbstractManagedExecutor.java:47)
Caused by: org.gradle.api.resources.ResourceException: Could not get resource 'https://repo.maven.apache.org/maven2/org/jetbrains/kotlin/jvm/org.jetbrains.kotlin.jvm.gradle.plugin/2.4.10/org.jetbrains.kotlin.jvm.gradle.plugin-2.4.10.jar'.
	at org.gradle.internal.resource.ResourceExceptions.failure(ResourceExceptions.java:74)
	at org.gradle.internal.resource.ResourceExceptions.getFailed(ResourceExceptions.java:57)
	at org.gradle.api.internal.artifacts.repositories.resolver.DefaultExternalResourceArtifactResolver.staticResourceExists(DefaultExternalResourceArtifactResolver.java:83)
	at org.gradle.api.internal.artifacts.repositories.resolver.DefaultExternalResourceArtifactResolver.artifactExists(DefaultExternalResourceArtifactResolver.java:67)
	at org.gradle.api.internal.artifacts.repositories.resolver.ExternalResourceResolver$RemoteRepositoryAccess.resolveArtifact(ExternalResourceResolver.java:472)
	at org.gradle.api.internal.artifacts.ivyservice.ivyresolve.CachingModuleComponentRepository$ResolveAndCacheRepositoryAccess.resolveArtifact(CachingModuleComponentRepository.java:470)
	at org.gradle.api.internal.artifacts.ivyservice.ivyresolve.ErrorHandlingModuleComponentRepository$ErrorHandlingModuleComponentRepositoryAccess.lambda$resolveArtifact$12(ErrorHandlingModuleComponentRepository.java:180)
	at org.gradle.api.internal.artifacts.ivyservice.ivyresolve.ErrorHandlingModuleComponentRepository$ErrorHandlingModuleComponentRepositoryAccess.tryResolveAndMaybeDisable(ErrorHandlingModuleComponentRepository.java:251)
	... 213 more
Caused by: org.gradle.internal.resource.transport.http.HttpErrorStatusCodeException: Could not HEAD 'https://repo.maven.apache.org/maven2/org/jetbrains/kotlin/jvm/org.jetbrains.kotlin.jvm.gradle.plugin/2.4.10/org.jetbrains.kotlin.jvm.gradle.plugin-2.4.10.jar'. Received status code 429 from server: Too Many Requests
	at org.gradle.internal.resource.transport.http.ApacheCommonsHttpClient.processResponse(ApacheCommonsHttpClient.java:310)
	at org.gradle.internal.resource.transport.http.ApacheCommonsHttpClient.performHead(ApacheCommonsHttpClient.java:114)
	at org.gradle.internal.resource.transport.http.HttpResourceAccessor.getMetaData(HttpResourceAccessor.java:58)
	at org.gradle.internal.resource.transfer.DefaultExternalResourceConnector.getMetaData(DefaultExternalResourceConnector.java:66)
	at org.gradle.internal.resource.transfer.ProgressLoggingExternalResourceAccessor$MetadataOperation.call(ProgressLoggingExternalResourceAccessor.java:173)
	at org.gradle.internal.resource.transfer.ProgressLoggingExternalResourceAccessor$MetadataOperation.call(ProgressLoggingExternalResourceAccessor.java:161)
	at org.gradle.internal.operations.DefaultBuildOperationRunner$CallableBuildOperationWorker.execute(DefaultBuildOperationRunner.java:210)
	at org.gradle.internal.operations.DefaultBuildOperationRunner$CallableBuildOperationWorker.execute(DefaultBuildOperationRunner.java:205)
	at org.gradle.internal.operations.DefaultBuildOperationRunner$2.execute(DefaultBuildOperationRunner.java:67)
	at org.gradle.internal.operations.DefaultBuildOperationRunner$2.execute(DefaultBuildOperationRunner.java:60)
	at org.gradle.internal.operations.DefaultBuildOperationRunner.execute(DefaultBuildOperationRunner.java:167)
	at org.gradle.internal.operations.DefaultBuildOperationRunner.execute(DefaultBuildOperationRunner.java:60)
	at org.gradle.internal.operations.DefaultBuildOperationRunner.call(DefaultBuildOperationRunner.java:54)
	at org.gradle.internal.resource.transfer.ProgressLoggingExternalResourceAccessor.getMetaData(ProgressLoggingExternalResourceAccessor.java:55)
	at org.gradle.internal.resource.transfer.AccessorBackedExternalResource.getMetaData(AccessorBackedExternalResource.java:156)
	at org.gradle.api.internal.artifacts.repositories.resolver.DefaultExternalResourceArtifactResolver.staticResourceExists(DefaultExternalResourceArtifactResolver.java:79)
	... 218 more

==============================================================================

6: Task failed with an exception.
-----------
* What went wrong:
Execution failed for task ':app:mergeDebugResources'.
> Could not resolve all files for configuration ':app:debugRuntimeClasspath'.
   > Could not resolve com.tom-roush:pdfbox-android:2.0.27.0.
     Required by:
         project ':app'
      > Repository MavenRepo is disabled due to earlier error below:
         > Could not download org.jetbrains.kotlin.jvm.gradle.plugin-2.4.10.jar (org.jetbrains.kotlin.jvm:org.jetbrains.kotlin.jvm.gradle.plugin:2.4.10)
            > Could not get resource 'https://repo.maven.apache.org/maven2/org/jetbrains/kotlin/jvm/org.jetbrains.kotlin.jvm.gradle.plugin/2.4.10/org.jetbrains.kotlin.jvm.gradle.plugin-2.4.10.jar'.
               > Could not HEAD 'https://repo.maven.apache.org/maven2/org/jetbrains/kotlin/jvm/org.jetbrains.kotlin.jvm.gradle.plugin/2.4.10/org.jetbrains.kotlin.jvm.gradle.plugin-2.4.10.jar'. Received status code 429 from server: Too Many Requests

* Try:
> Run with --info or --debug option to get more log output.
> Run with --scan to get full insights from a Build Scan (powered by Develocity).
> Get more help at https://help.gradle.org.

* Exception is:
org.gradle.api.tasks.TaskExecutionException: Execution failed for task ':app:mergeDebugResources'.
	at org.gradle.api.internal.tasks.execution.CatchExceptionTaskExecuter.execute(CatchExceptionTaskExecuter.java:38)
	at org.gradle.api.internal.tasks.execution.EventFiringTaskExecuter$1.executeTask(EventFiringTaskExecuter.java:77)
	at org.gradle.api.internal.tasks.execution.EventFiringTaskExecuter$1.call(EventFiringTaskExecuter.java:55)
	at org.gradle.api.internal.tasks.execution.EventFiringTaskExecuter$1.call(EventFiringTaskExecuter.java:52)
	at org.gradle.internal.operations.DefaultBuildOperationRunner$CallableBuildOperationWorker.execute(DefaultBuildOperationRunner.java:210)
	at org.gradle.internal.operations.DefaultBuildOperationRunner$CallableBuildOperationWorker.execute(DefaultBuildOperationRunner.java:205)
	at org.gradle.internal.operations.DefaultBuildOperationRunner$2.execute(DefaultBuildOperationRunner.java:67)
	at org.gradle.internal.operations.DefaultBuildOperationRunner$2.execute(DefaultBuildOperationRunner.java:60)
	at org.gradle.internal.operations.DefaultBuildOperationRunner.execute(DefaultBuildOperationRunner.java:167)
	at org.gradle.internal.operations.DefaultBuildOperationRunner.execute(DefaultBuildOperationRunner.java:60)
	at org.gradle.internal.operations.DefaultBuildOperationRunner.call(DefaultBuildOperationRunner.java:54)
	at org.gradle.api.internal.tasks.execution.EventFiringTaskExecuter.execute(EventFiringTaskExecuter.java:52)
	at org.gradle.execution.plan.DefaultNodeExecutor.executeLocalTaskNode(DefaultNodeExecutor.java:55)
	at org.gradle.execution.plan.DefaultNodeExecutor.execute(DefaultNodeExecutor.java:34)
	at org.gradle.execution.taskgraph.DefaultTaskExecutionGraph$InvokeNodeExecutorsAction.execute(DefaultTaskExecutionGraph.java:355)
	at org.gradle.execution.taskgraph.DefaultTaskExecutionGraph$InvokeNodeExecutorsAction.execute(DefaultTaskExecutionGraph.java:343)
	at org.gradle.execution.taskgraph.DefaultTaskExecutionGraph$BuildOperationAwareExecutionAction.lambda$execute$0(DefaultTaskExecutionGraph.java:339)
	at org.gradle.internal.operations.CurrentBuildOperationRef.with(CurrentBuildOperationRef.java:84)
	at org.gradle.execution.taskgraph.DefaultTaskExecutionGraph$BuildOperationAwareExecutionAction.execute(DefaultTaskExecutionGraph.java:339)
	at org.gradle.execution.taskgraph.DefaultTaskExecutionGraph$BuildOperationAwareExecutionAction.execute(DefaultTaskExecutionGraph.java:328)
	at org.gradle.execution.plan.DefaultPlanExecutor$ExecutorWorker.execute(DefaultPlanExecutor.java:459)
	at org.gradle.execution.plan.DefaultPlanExecutor$ExecutorWorker.run(DefaultPlanExecutor.java:376)
	at org.gradle.internal.concurrent.ExecutorPolicy$CatchAndRecordFailures.onExecute(ExecutorPolicy.java:64)
	at org.gradle.internal.concurrent.AbstractManagedExecutor$1.run(AbstractManagedExecutor.java:47)
	at java.base/java.util.concurrent.ThreadPoolExecutor.runWorker(ThreadPoolExecutor.java:1144)
	at java.base/java.util.concurrent.ThreadPoolExecutor$Worker.run(ThreadPoolExecutor.java:642)
	at java.base/java.lang.Thread.run(Thread.java:1583)
Caused by: org.gradle.api.internal.artifacts.ivyservice.TypedResolveException: Could not resolve all files for configuration ':app:debugRuntimeClasspath'.
	at org.gradle.api.internal.artifacts.ResolveExceptionMapper.mapFailure(ResolveExceptionMapper.java:73)
	at org.gradle.api.internal.artifacts.ResolveExceptionMapper.mapFailures(ResolveExceptionMapper.java:65)
	at org.gradle.api.internal.artifacts.configurations.DefaultConfiguration$DefaultResolutionHost.consolidateFailures(DefaultConfiguration.java:1789)
	at org.gradle.api.internal.artifacts.configurations.ResolutionHost.rethrowFailuresAndReportProblems(ResolutionHost.java:75)
	at org.gradle.api.internal.artifacts.configurations.ResolutionBackedFileCollection.maybeThrowResolutionFailures(ResolutionBackedFileCollection.java:86)
	at org.gradle.api.internal.artifacts.configurations.ResolutionBackedFileCollection.visitContents(ResolutionBackedFileCollection.java:76)
	at org.gradle.api.internal.file.AbstractFileCollection.visitStructure(AbstractFileCollection.java:361)
	at org.gradle.api.internal.file.collections.DefaultConfigurableFileCollection.lambda$calculateFinalizedValue$1(DefaultConfigurableFileCollection.java:423)
	at org.gradle.api.internal.file.collections.UnpackingVisitor.add(UnpackingVisitor.java:66)
	at org.gradle.api.internal.file.collections.DefaultConfigurableFileCollection$UnresolvedItemsCollector.visitContents(DefaultConfigurableFileCollection.java:635)
	at org.gradle.api.internal.file.collections.DefaultConfigurableFileCollection.calculateFinalizedValue(DefaultConfigurableFileCollection.java:423)
	at org.gradle.api.internal.file.collections.DefaultConfigurableFileCollection.finalizeNow(DefaultConfigurableFileCollection.java:125)
	at org.gradle.api.internal.file.collections.DefaultConfigurableFileCollection.lambda$visitChildren$2(DefaultConfigurableFileCollection.java:447)
	at org.gradle.api.internal.provider.ValueState.finalizeOnReadIfNeeded(ValueState.java:142)
	at org.gradle.api.internal.file.collections.DefaultConfigurableFileCollection.visitChildren(DefaultConfigurableFileCollection.java:447)
	at org.gradle.api.internal.file.CompositeFileCollection.visitContents(CompositeFileCollection.java:112)
	at org.gradle.api.internal.file.AbstractFileCollection.visitStructure(AbstractFileCollection.java:361)
	at org.gradle.api.internal.file.CompositeFileCollection.lambda$visitContents$0(CompositeFileCollection.java:112)
	at org.gradle.api.internal.file.collections.UnpackingVisitor.add(UnpackingVisitor.java:66)
	at org.gradle.api.internal.file.collections.UnpackingVisitor.add(UnpackingVisitor.java:91)
	at org.gradle.api.internal.file.DefaultFileCollectionFactory$ResolvingFileCollection.visitChildren(DefaultFileCollectionFactory.java:311)
	at org.gradle.api.internal.file.CompositeFileCollection.visitContents(CompositeFileCollection.java:112)
	at org.gradle.api.internal.file.AbstractFileCollection.visitStructure(AbstractFileCollection.java:361)
	at org.gradle.api.internal.file.CompositeFileCollection.lambda$visitContents$0(CompositeFileCollection.java:112)
	at org.gradle.api.internal.tasks.PropertyFileCollection.visitChildren(PropertyFileCollection.java:48)
	at org.gradle.api.internal.file.CompositeFileCollection.visitContents(CompositeFileCollection.java:112)
	at org.gradle.api.internal.file.AbstractFileCollection.visitStructure(AbstractFileCollection.java:361)
	at org.gradle.internal.fingerprint.impl.DefaultFileCollectionSnapshotter.snapshot(DefaultFileCollectionSnapshotter.java:48)
	at org.gradle.internal.execution.impl.DefaultInputFingerprinter$InputCollectingVisitor.visitInputFileProperty(DefaultInputFingerprinter.java:151)
	at org.gradle.api.internal.tasks.execution.TaskExecution.visitMutableInputs(TaskExecution.java:345)
	at org.gradle.internal.execution.impl.DefaultInputFingerprinter.fingerprintInputProperties(DefaultInputFingerprinter.java:77)
	at org.gradle.internal.execution.steps.CaptureMutableStateBeforeExecutionStep.captureExecutionStateWithOutputs(CaptureMutableStateBeforeExecutionStep.java:124)
	at org.gradle.internal.execution.steps.CaptureMutableStateBeforeExecutionStep.lambda$captureExecutionState$0(CaptureMutableStateBeforeExecutionStep.java:94)
	at org.gradle.internal.execution.steps.BuildOperationStep$1.call(BuildOperationStep.java:38)
	at org.gradle.internal.operations.DefaultBuildOperationRunner$CallableBuildOperationWorker.execute(DefaultBuildOperationRunner.java:210)
	at org.gradle.internal.operations.DefaultBuildOperationRunner$CallableBuildOperationWorker.execute(DefaultBuildOperationRunner.java:205)
	at org.gradle.internal.operations.DefaultBuildOperationRunner$2.execute(DefaultBuildOperationRunner.java:67)
	at org.gradle.internal.operations.DefaultBuildOperationRunner$2.execute(DefaultBuildOperationRunner.java:60)
	at org.gradle.internal.operations.DefaultBuildOperationRunner.execute(DefaultBuildOperationRunner.java:167)
	at org.gradle.internal.operations.DefaultBuildOperationRunner.execute(DefaultBuildOperationRunner.java:60)
	at org.gradle.internal.operations.DefaultBuildOperationRunner.call(DefaultBuildOperationRunner.java:54)
	at org.gradle.internal.execution.steps.BuildOperationStep.operation(BuildOperationStep.java:35)
	at org.gradle.internal.execution.steps.CaptureMutableStateBeforeExecutionStep.captureExecutionState(CaptureMutableStateBeforeExecutionStep.java:92)
	at org.gradle.internal.execution.steps.CaptureMutableStateBeforeExecutionStep.executeMutable(CaptureMutableStateBeforeExecutionStep.java:73)
	at org.gradle.internal.execution.steps.CaptureMutableStateBeforeExecutionStep.execute(CaptureMutableStateBeforeExecutionStep.java:65)
	at org.gradle.internal.execution.steps.CaptureMutableStateBeforeExecutionStep.execute(CaptureMutableStateBeforeExecutionStep.java:45)
	at org.gradle.internal.execution.steps.SkipEmptyMutableWorkStep.executeWithNonEmptySources(SkipEmptyMutableWorkStep.java:210)
	at org.gradle.internal.execution.steps.SkipEmptyMutableWorkStep.executeMutable(SkipEmptyMutableWorkStep.java:85)
	at org.gradle.internal.execution.steps.SkipEmptyMutableWorkStep.executeMutable(SkipEmptyMutableWorkStep.java:53)
	at org.gradle.internal.execution.steps.MutableStep.execute(MutableStep.java:26)
	at org.gradle.internal.execution.steps.legacy.MarkSnapshottingInputsStartedStep.execute(MarkSnapshottingInputsStartedStep.java:38)
	at org.gradle.internal.execution.steps.LoadPreviousExecutionStateStep.executeMutable(LoadPreviousExecutionStateStep.java:36)
	at org.gradle.internal.execution.steps.LoadPreviousExecutionStateStep.executeMutable(LoadPreviousExecutionStateStep.java:23)
	at org.gradle.internal.execution.steps.MutableStep.execute(MutableStep.java:26)
	at org.gradle.internal.execution.steps.HandleStaleOutputsStep.executeMutable(HandleStaleOutputsStep.java:77)
	at org.gradle.internal.execution.steps.HandleStaleOutputsStep.executeMutable(HandleStaleOutputsStep.java:43)
	at org.gradle.internal.execution.steps.MutableStep.execute(MutableStep.java:26)
	at org.gradle.internal.execution.steps.AssignMutableWorkspaceStep.lambda$executeMutable$0(AssignMutableWorkspaceStep.java:34)
	at org.gradle.api.internal.tasks.execution.TaskExecution$4.withWorkspace(TaskExecution.java:305)
	at org.gradle.internal.execution.steps.AssignMutableWorkspaceStep.executeMutable(AssignMutableWorkspaceStep.java:30)
	at org.gradle.internal.execution.steps.AssignMutableWorkspaceStep.executeMutable(AssignMutableWorkspaceStep.java:21)
	at org.gradle.internal.execution.steps.MutableStep.execute(MutableStep.java:26)
	at org.gradle.internal.execution.steps.ChoosePipelineStep.execute(ChoosePipelineStep.java:40)
	at org.gradle.internal.execution.steps.ChoosePipelineStep.execute(ChoosePipelineStep.java:23)
	at org.gradle.internal.execution.steps.ExecuteWorkBuildOperationFiringStep.lambda$execute$2(ExecuteWorkBuildOperationFiringStep.java:67)
	at java.base/java.util.Optional.orElseGet(Optional.java:364)
	at org.gradle.internal.execution.steps.ExecuteWorkBuildOperationFiringStep.execute(ExecuteWorkBuildOperationFiringStep.java:67)
	at org.gradle.internal.execution.steps.ExecuteWorkBuildOperationFiringStep.execute(ExecuteWorkBuildOperationFiringStep.java:39)
	at org.gradle.internal.execution.steps.IdentityCacheStep.execute(IdentityCacheStep.java:46)
	at org.gradle.internal.execution.steps.IdentityCacheStep.execute(IdentityCacheStep.java:34)
	at org.gradle.internal.execution.steps.IdentifyStep.execute(IdentifyStep.java:56)
	at org.gradle.internal.execution.steps.IdentifyStep.execute(IdentifyStep.java:38)
	at org.gradle.internal.execution.impl.DefaultExecutionEngine$1.execute(DefaultExecutionEngine.java:68)
	at org.gradle.api.internal.tasks.execution.ExecuteActionsTaskExecuter.executeIfValid(ExecuteActionsTaskExecuter.java:132)
	at org.gradle.api.internal.tasks.execution.ExecuteActionsTaskExecuter.execute(ExecuteActionsTaskExecuter.java:121)
	at org.gradle.api.internal.tasks.execution.ProblemsTaskPathTrackingTaskExecuter.execute(ProblemsTaskPathTrackingTaskExecuter.java:41)
	at org.gradle.api.internal.tasks.execution.ResolveTaskExecutionModeExecuter.execute(ResolveTaskExecutionModeExecuter.java:51)
	at org.gradle.api.internal.tasks.execution.FinalizePropertiesTaskExecuter.execute(FinalizePropertiesTaskExecuter.java:46)
	at org.gradle.api.internal.tasks.execution.SkipTaskWithNoActionsExecuter.execute(SkipTaskWithNoActionsExecuter.java:57)
	at org.gradle.api.internal.tasks.execution.SkipOnlyIfTaskExecuter.execute(SkipOnlyIfTaskExecuter.java:74)
	at org.gradle.api.internal.tasks.execution.CatchExceptionTaskExecuter.execute(CatchExceptionTaskExecuter.java:36)
	... 26 more
Caused by: org.gradle.internal.resolve.ModuleVersionResolveException: Could not resolve com.tom-roush:pdfbox-android:2.0.27.0.
Required by:
    project ':app'
Caused by: org.gradle.internal.resolve.ModuleVersionResolveException: Repository MavenRepo is disabled due to earlier error below:
Caused by: org.gradle.internal.resolve.ArtifactResolveException: Could not download org.jetbrains.kotlin.jvm.gradle.plugin-2.4.10.jar (org.jetbrains.kotlin.jvm:org.jetbrains.kotlin.jvm.gradle.plugin:2.4.10)
	at org.gradle.api.internal.artifacts.ivyservice.ivyresolve.ErrorHandlingModuleComponentRepository$ErrorHandlingModuleComponentRepositoryAccess.lambda$resolveArtifact$14(ErrorHandlingModuleComponentRepository.java:190)
	at org.gradle.api.internal.artifacts.ivyservice.ivyresolve.ErrorHandlingModuleComponentRepository$ErrorHandlingModuleComponentRepositoryAccess.tryResolveAndMaybeDisable(ErrorHandlingModuleComponentRepository.java:260)
	at org.gradle.api.internal.artifacts.ivyservice.ivyresolve.ErrorHandlingModuleComponentRepository$ErrorHandlingModuleComponentRepositoryAccess.performOperationWithRetries(ErrorHandlingModuleComponentRepository.java:204)
	at org.gradle.api.internal.artifacts.ivyservice.ivyresolve.ErrorHandlingModuleComponentRepository$ErrorHandlingModuleComponentRepositoryAccess.resolveArtifact(ErrorHandlingModuleComponentRepository.java:178)
	at org.gradle.api.internal.artifacts.ivyservice.ivyresolve.RepositoryChainArtifactResolver.resolveArtifactLater(RepositoryChainArtifactResolver.java:75)
	at org.gradle.api.internal.artifacts.ivyservice.ivyresolve.RepositoryChainArtifactResolver.lambda$resolveArtifact$0(RepositoryChainArtifactResolver.java:63)
	at org.gradle.internal.model.CalculatedValueContainerFactory$SupplierBackedCalculator.calculateValue(CalculatedValueContainerFactory.java:69)
	at org.gradle.internal.model.CalculatedValueContainer$CalculationState.lambda$attachValue$0(CalculatedValueContainer.java:227)
	at org.gradle.internal.Try.ofFailable(Try.java:46)
	at org.gradle.internal.model.CalculatedValueContainer$CalculationState.attachValue(CalculatedValueContainer.java:222)
	at org.gradle.internal.model.CalculatedValueContainer.finalizeIfNotAlready(CalculatedValueContainer.java:195)
	at org.gradle.internal.model.CalculatedValueContainer.finalizeIfNotAlready(CalculatedValueContainer.java:186)
	at org.gradle.api.internal.artifacts.DefaultResolvableArtifact.getFile(DefaultResolvableArtifact.java:140)
	at org.gradle.internal.resolve.resolver.DefaultComponentArtifactResolver.resolveArtifacts(DefaultComponentArtifactResolver.java:50)
	at org.gradle.api.internal.artifacts.ivyservice.resolveengine.artifact.ArtifactBackedResolvedVariant.getArtifacts(ArtifactBackedResolvedVariant.java:80)
	at org.gradle.api.internal.artifacts.transform.AttributeMatchingArtifactVariantSelector.doSelect(AttributeMatchingArtifactVariantSelector.java:88)
	at org.gradle.api.internal.artifacts.transform.AttributeMatchingArtifactVariantSelector.select(AttributeMatchingArtifactVariantSelector.java:70)
	at org.gradle.api.internal.artifacts.ivyservice.resolveengine.artifact.VariantResolvingArtifactSet.select(VariantResolvingArtifactSet.java:110)
	at org.gradle.api.internal.artifacts.ivyservice.resolveengine.artifact.DefaultVisitedArtifactResults.select(DefaultVisitedArtifactResults.java:43)
	at org.gradle.api.internal.artifacts.ivyservice.resolveengine.artifact.DefaultVisitedArtifactSet.select(DefaultVisitedArtifactSet.java:97)
	at org.gradle.api.internal.artifacts.resolver.DefaultResolutionOutputs$DefaultArtifactView.selectArtifacts(DefaultResolutionOutputs.java:204)
	at org.gradle.api.internal.artifacts.configurations.ResolutionResultProvider$1.getValue(ResolutionResultProvider.java:54)
	at org.gradle.api.internal.artifacts.configurations.ResolutionResultProviderBackedSelectedArtifactSet.visitArtifacts(ResolutionResultProviderBackedSelectedArtifactSet.java:50)
	at org.gradle.api.internal.artifacts.configurations.DefaultArtifactCollection.lambda$new$0(DefaultArtifactCollection.java:61)
	at org.gradle.internal.model.CalculatedValueContainerFactory$SupplierBackedCalculator.calculateValue(CalculatedValueContainerFactory.java:69)
	at org.gradle.internal.model.CalculatedValueContainer$CalculationState.lambda$attachValue$0(CalculatedValueContainer.java:227)
	at org.gradle.internal.Try.ofFailable(Try.java:46)
	at org.gradle.internal.model.CalculatedValueContainer$CalculationState.attachValue(CalculatedValueContainer.java:222)
	at org.gradle.internal.model.CalculatedValueContainer.finalizeIfNotAlready(CalculatedValueContainer.java:195)
	at org.gradle.internal.model.CalculatedValueContainer.finalizeIfNotAlready(CalculatedValueContainer.java:186)
	at org.gradle.api.internal.artifacts.configurations.DefaultArtifactCollection.ensureResolved(DefaultArtifactCollection.java:123)
	at org.gradle.api.internal.artifacts.configurations.DefaultArtifactCollection.getFailures(DefaultArtifactCollection.java:112)
	at org.gradle.plugin.use.resolve.internal.ArtifactRepositoriesPluginResolver.exists(ArtifactRepositoriesPluginResolver.java:186)
	at org.gradle.plugin.use.resolve.internal.ArtifactRepositoriesPluginResolver.resolve(ArtifactRepositoriesPluginResolver.java:65)
	at org.gradle.plugin.use.resolve.internal.CompositePluginResolver.resolve(CompositePluginResolver.java:36)
	at org.gradle.plugin.use.resolve.internal.AlreadyOnClasspathPluginResolver.resolve(AlreadyOnClasspathPluginResolver.java:64)
	at org.gradle.plugin.use.internal.DefaultPluginRequestApplicator.resolvePluginRequest(DefaultPluginRequestApplicator.java:190)
	at org.gradle.plugin.use.internal.DefaultPluginRequestApplicator.applyPlugins(DefaultPluginRequestApplicator.java:102)
	at org.gradle.kotlin.dsl.provider.PluginRequestsHandler.handle(PluginRequestsHandler.kt:45)
	at org.gradle.kotlin.dsl.provider.StandardKotlinScriptEvaluator$InterpreterHost.applyPluginsTo(KotlinScriptEvaluator.kt:246)
	at org.gradle.kotlin.dsl.execution.Interpreter$ProgramHost.applyPluginsTo(Interpreter.kt:395)
	at Program.execute(Unknown Source)
	at org.gradle.kotlin.dsl.execution.Interpreter$ProgramHost.eval(Interpreter.kt:526)
	at org.gradle.kotlin.dsl.execution.Interpreter.eval(Interpreter.kt:219)
	at org.gradle.kotlin.dsl.provider.StandardKotlinScriptEvaluator.evaluate(KotlinScriptEvaluator.kt:135)
	at org.gradle.kotlin.dsl.provider.KotlinScriptPluginFactory.create$lambda$0(KotlinScriptPluginFactory.kt:61)
	at org.gradle.kotlin.dsl.provider.KotlinScriptPlugin.apply(KotlinScriptPlugin.kt:35)
	at org.gradle.configuration.BuildOperationScriptPlugin$1.run(BuildOperationScriptPlugin.java:68)
	at org.gradle.internal.operations.DefaultBuildOperationRunner$1.execute(DefaultBuildOperationRunner.java:30)
	at org.gradle.internal.operations.DefaultBuildOperationRunner$1.execute(DefaultBuildOperationRunner.java:27)
	at org.gradle.internal.operations.DefaultBuildOperationRunner$2.execute(DefaultBuildOperationRunner.java:67)
	at org.gradle.internal.operations.DefaultBuildOperationRunner$2.execute(DefaultBuildOperationRunner.java:60)
	at org.gradle.internal.operations.DefaultBuildOperationRunner.execute(DefaultBuildOperationRunner.java:167)
	at org.gradle.internal.operations.DefaultBuildOperationRunner.execute(DefaultBuildOperationRunner.java:60)
	at org.gradle.internal.operations.DefaultBuildOperationRunner.run(DefaultBuildOperationRunner.java:48)
	at org.gradle.configuration.BuildOperationScriptPlugin.lambda$apply$0(BuildOperationScriptPlugin.java:65)
	at org.gradle.internal.code.DefaultUserCodeApplicationContext.apply(DefaultUserCodeApplicationContext.java:44)
	at org.gradle.configuration.BuildOperationScriptPlugin.apply(BuildOperationScriptPlugin.java:65)
	at org.gradle.api.internal.project.DefaultProjectStateRegistry$ProjectStateImpl.lambda$applyToMutableState$0(DefaultProjectStateRegistry.java:443)
	at org.gradle.api.internal.project.DefaultProjectStateRegistry$ProjectStateImpl.lambda$fromMutableState$1(DefaultProjectStateRegistry.java:450)
	at org.gradle.api.internal.project.DefaultProjectStateRegistry$ProjectStateImpl.runWithModelLock(DefaultProjectStateRegistry.java:466)
	at org.gradle.api.internal.project.DefaultProjectStateRegistry$ProjectStateImpl.fromMutableState(DefaultProjectStateRegistry.java:450)
	at org.gradle.api.internal.project.DefaultProjectStateRegistry$ProjectStateImpl.applyToMutableState(DefaultProjectStateRegistry.java:442)
	at org.gradle.configuration.project.BuildScriptProcessor.execute(BuildScriptProcessor.java:46)
	at org.gradle.configuration.project.BuildScriptProcessor.execute(BuildScriptProcessor.java:27)
	at org.gradle.configuration.project.ConfigureActionsProjectEvaluator.evaluate(ConfigureActionsProjectEvaluator.java:35)
	at org.gradle.configuration.project.LifecycleProjectEvaluator$EvaluateProject.lambda$run$0(LifecycleProjectEvaluator.java:109)
	at org.gradle.api.internal.project.DefaultProjectStateRegistry$ProjectStateImpl.lambda$applyToMutableState$0(DefaultProjectStateRegistry.java:443)
	at org.gradle.api.internal.project.DefaultProjectStateRegistry$ProjectStateImpl.lambda$fromMutableState$1(DefaultProjectStateRegistry.java:450)
	at org.gradle.internal.work.DefaultWorkerLeaseService.lambda$withLocksAcquired$0(DefaultWorkerLeaseService.java:275)
	at org.gradle.internal.work.ResourceLockStatistics$1.measure(ResourceLockStatistics.java:43)
	at org.gradle.internal.work.DefaultWorkerLeaseService.withLocksAcquired(DefaultWorkerLeaseService.java:273)
	at org.gradle.internal.work.DefaultWorkerLeaseService.lambda$withReplacedLocks$3(DefaultWorkerLeaseService.java:371)
	at org.gradle.internal.work.DefaultWorkerLeaseService.withoutLocks(DefaultWorkerLeaseService.java:343)
	at org.gradle.internal.work.DefaultWorkerLeaseService.withReplacedLocks(DefaultWorkerLeaseService.java:370)
	at org.gradle.api.internal.project.DefaultProjectStateRegistry$ProjectStateImpl.runWithModelLock(DefaultProjectStateRegistry.java:471)
	at org.gradle.api.internal.project.DefaultProjectStateRegistry$ProjectStateImpl.fromMutableState(DefaultProjectStateRegistry.java:450)
	at org.gradle.api.internal.project.DefaultProjectStateRegistry$ProjectStateImpl.applyToMutableState(DefaultProjectStateRegistry.java:442)
	at org.gradle.configuration.project.LifecycleProjectEvaluator$EvaluateProject.run(LifecycleProjectEvaluator.java:100)
	at org.gradle.internal.operations.DefaultBuildOperationRunner$1.execute(DefaultBuildOperationRunner.java:30)
	at org.gradle.internal.operations.DefaultBuildOperationRunner$1.execute(DefaultBuildOperationRunner.java:27)
	at org.gradle.internal.operations.DefaultBuildOperationRunner$2.execute(DefaultBuildOperationRunner.java:67)
	at org.gradle.internal.operations.DefaultBuildOperationRunner$2.execute(DefaultBuildOperationRunner.java:60)
	at org.gradle.internal.operations.DefaultBuildOperationRunner.execute(DefaultBuildOperationRunner.java:167)
	at org.gradle.internal.operations.DefaultBuildOperationRunner.execute(DefaultBuildOperationRunner.java:60)
	at org.gradle.internal.operations.DefaultBuildOperationRunner.run(DefaultBuildOperationRunner.java:48)
	at org.gradle.configuration.project.LifecycleProjectEvaluator.evaluate(LifecycleProjectEvaluator.java:72)
	at org.gradle.api.internal.project.DefaultProject.evaluateUnchecked(DefaultProject.java:796)
	at org.gradle.api.internal.project.ProjectLifecycleController.lambda$ensureSelfConfigured$2(ProjectLifecycleController.java:93)
	at org.gradle.internal.model.StateTransitionController.lambda$doTransition$15(StateTransitionController.java:293)
	at org.gradle.internal.model.StateTransitionController.doTransition(StateTransitionController.java:304)
	at org.gradle.internal.model.StateTransitionController.doTransition(StateTransitionController.java:292)
	at org.gradle.internal.model.StateTransitionController.lambda$maybeTransitionIfNotCurrentlyTransitioning$11(StateTransitionController.java:237)
	at org.gradle.internal.work.DefaultSynchronizer.withLock(DefaultSynchronizer.java:35)
	at org.gradle.internal.model.StateTransitionController.maybeTransitionIfNotCurrentlyTransitioning(StateTransitionController.java:233)
	at org.gradle.api.internal.project.ProjectLifecycleController.ensureSelfConfigured(ProjectLifecycleController.java:93)
	at org.gradle.api.internal.project.DefaultProjectStateRegistry$ProjectStateImpl.ensureConfigured(DefaultProjectStateRegistry.java:408)
	at org.gradle.execution.TaskPathProjectEvaluator.configure(TaskPathProjectEvaluator.java:71)
	at org.gradle.execution.TaskPathProjectEvaluator.configureHierarchy(TaskPathProjectEvaluator.java:85)
	at org.gradle.configuration.DefaultProjectsPreparer.prepareProjects(DefaultProjectsPreparer.java:50)
	at org.gradle.configuration.BuildTreePreparingProjectsPreparer.prepareProjects(BuildTreePreparingProjectsPreparer.java:65)
	at org.gradle.configuration.BuildOperationFiringProjectsPreparer$ConfigureBuild.run(BuildOperationFiringProjectsPreparer.java:52)
	at org.gradle.internal.operations.DefaultBuildOperationRunner$1.execute(DefaultBuildOperationRunner.java:30)
	at org.gradle.internal.operations.DefaultBuildOperationRunner$1.execute(DefaultBuildOperationRunner.java:27)
	at org.gradle.internal.operations.DefaultBuildOperationRunner$2.execute(DefaultBuildOperationRunner.java:67)
	at org.gradle.internal.operations.DefaultBuildOperationRunner$2.execute(DefaultBuildOperationRunner.java:60)
	at org.gradle.internal.operations.DefaultBuildOperationRunner.execute(DefaultBuildOperationRunner.java:167)
	at org.gradle.internal.operations.DefaultBuildOperationRunner.execute(DefaultBuildOperationRunner.java:60)
	at org.gradle.internal.operations.DefaultBuildOperationRunner.run(DefaultBuildOperationRunner.java:48)
	at org.gradle.configuration.BuildOperationFiringProjectsPreparer.prepareProjects(BuildOperationFiringProjectsPreparer.java:40)
	at org.gradle.initialization.VintageBuildModelController.lambda$prepareProjects$2(VintageBuildModelController.java:83)
	at org.gradle.internal.model.StateTransitionController.lambda$doTransition$15(StateTransitionController.java:293)
	at org.gradle.internal.model.StateTransitionController.doTransition(StateTransitionController.java:304)
	at org.gradle.internal.model.StateTransitionController.doTransition(StateTransitionController.java:292)
	at org.gradle.internal.model.StateTransitionController.lambda$transitionIfNotPreviously$12(StateTransitionController.java:251)
	at org.gradle.internal.work.DefaultSynchronizer.withLock(DefaultSynchronizer.java:35)
	at org.gradle.internal.model.StateTransitionController.transitionIfNotPreviously(StateTransitionController.java:247)
	at org.gradle.initialization.VintageBuildModelController.prepareProjects(VintageBuildModelController.java:83)
	at org.gradle.initialization.VintageBuildModelController.prepareToScheduleTasks(VintageBuildModelController.java:70)
	at org.gradle.internal.build.DefaultBuildLifecycleController.lambda$prepareToScheduleTasks$7(DefaultBuildLifecycleController.java:185)
	at org.gradle.internal.model.StateTransitionController.lambda$doTransition$15(StateTransitionController.java:293)
	at org.gradle.internal.model.StateTransitionController.doTransition(StateTransitionController.java:304)
	at org.gradle.internal.model.StateTransitionController.doTransition(StateTransitionController.java:292)
	at org.gradle.internal.model.StateTransitionController.lambda$maybeTransition$10(StateTransitionController.java:228)
	at org.gradle.internal.work.DefaultSynchronizer.withLock(DefaultSynchronizer.java:35)
	at org.gradle.internal.model.StateTransitionController.maybeTransition(StateTransitionController.java:224)
	at org.gradle.internal.build.DefaultBuildLifecycleController.prepareToScheduleTasks(DefaultBuildLifecycleController.java:183)
	at org.gradle.internal.buildtree.DefaultBuildTreeWorkPreparer.scheduleRequestedTasks(DefaultBuildTreeWorkPreparer.java:35)
	at org.gradle.internal.cc.impl.barrier.BarrierAwareBuildTreeWorkPreparer.scheduleRequestedTasks$lambda$0(BarrierAwareBuildTreeWorkPreparer.kt:34)
	at org.gradle.internal.cc.impl.barrier.VintageConfigurationTimeActionRunner.runConfigurationTimeAction(VintageConfigurationTimeActionRunner.kt:48)
	at org.gradle.internal.cc.impl.barrier.BarrierAwareBuildTreeWorkPreparer.scheduleRequestedTasks(BarrierAwareBuildTreeWorkPreparer.kt:33)
	at org.gradle.internal.cc.impl.VintageBuildTreeWorkController$scheduleAndRunRequestedTasks$1$finalizedGraph$1.call(VintageBuildTreeWorkController.kt:37)
	at org.gradle.internal.cc.impl.VintageBuildTreeWorkController$scheduleAndRunRequestedTasks$1$finalizedGraph$1.call(VintageBuildTreeWorkController.kt:37)
	at org.gradle.internal.Try.ofFailable(Try.java:46)
	at org.gradle.internal.cc.impl.VintageBuildTreeWorkController$scheduleAndRunRequestedTasks$1.apply(VintageBuildTreeWorkController.kt:37)
	at org.gradle.internal.cc.impl.VintageBuildTreeWorkController$scheduleAndRunRequestedTasks$1.apply(VintageBuildTreeWorkController.kt:36)
	at org.gradle.composite.internal.DefaultIncludedBuildTaskGraph.withNewWorkGraph(DefaultIncludedBuildTaskGraph.java:115)
	at org.gradle.internal.cc.impl.VintageBuildTreeWorkController.scheduleAndRunRequestedTasks(VintageBuildTreeWorkController.kt:36)
	at org.gradle.internal.buildtree.DefaultBuildTreeLifecycleController.lambda$scheduleAndRunTasks$1(DefaultBuildTreeLifecycleController.java:84)
	at org.gradle.internal.buildtree.DefaultBuildTreeLifecycleController.lambda$runBuild$5(DefaultBuildTreeLifecycleController.java:142)
	at org.gradle.internal.model.StateTransitionController.lambda$transition$7(StateTransitionController.java:207)
	at org.gradle.internal.model.StateTransitionController.doTransition(StateTransitionController.java:304)
	at org.gradle.internal.model.StateTransitionController.lambda$transition$8(StateTransitionController.java:207)
	at org.gradle.internal.work.DefaultSynchronizer.withLock(DefaultSynchronizer.java:45)
	at org.gradle.internal.model.StateTransitionController.transition(StateTransitionController.java:207)
	at org.gradle.internal.buildtree.DefaultBuildTreeLifecycleController.runBuild(DefaultBuildTreeLifecycleController.java:139)
	at org.gradle.internal.buildtree.DefaultBuildTreeLifecycleController.scheduleAndRunTasks(DefaultBuildTreeLifecycleController.java:84)
	at org.gradle.internal.buildtree.DefaultBuildTreeLifecycleController.scheduleAndRunTasks(DefaultBuildTreeLifecycleController.java:79)
	at org.gradle.tooling.internal.provider.ExecuteBuildActionRunner.run(ExecuteBuildActionRunner.java:31)
	at org.gradle.launcher.exec.ChainingBuildActionRunner.run(ChainingBuildActionRunner.java:35)
	at org.gradle.internal.buildtree.ProblemReportingBuildActionRunner.run(ProblemReportingBuildActionRunner.java:54)
	at org.gradle.launcher.exec.BuildOutcomeReportingBuildActionRunner.run(BuildOutcomeReportingBuildActionRunner.java:83)
	at org.gradle.tooling.internal.provider.FileSystemWatchingBuildActionRunner.run(FileSystemWatchingBuildActionRunner.java:135)
	at org.gradle.launcher.exec.BuildCompletionNotifyingBuildActionRunner.run(BuildCompletionNotifyingBuildActionRunner.java:54)
	at org.gradle.launcher.exec.RootBuildLifecycleBuildActionExecutor.lambda$execute$0(RootBuildLifecycleBuildActionExecutor.java:101)
	at org.gradle.composite.internal.DefaultRootBuildState.run(DefaultRootBuildState.java:126)
	at org.gradle.launcher.exec.RootBuildLifecycleBuildActionExecutor.execute(RootBuildLifecycleBuildActionExecutor.java:101)
	at org.gradle.launcher.exec.BuildTreeLifecycleBuildActionExecutor.runRootBuildAction(BuildTreeLifecycleBuildActionExecutor.java:104)
	at org.gradle.launcher.exec.BuildTreeLifecycleBuildActionExecutor.execute(BuildTreeLifecycleBuildActionExecutor.java:74)
	at org.gradle.launcher.exec.RunAsBuildOperationBuildActionExecutor$2.call(RunAsBuildOperationBuildActionExecutor.java:65)
	at org.gradle.launcher.exec.RunAsBuildOperationBuildActionExecutor$2.call(RunAsBuildOperationBuildActionExecutor.java:61)
	at org.gradle.internal.operations.DefaultBuildOperationRunner$CallableBuildOperationWorker.execute(DefaultBuildOperationRunner.java:210)
	at org.gradle.internal.operations.DefaultBuildOperationRunner$CallableBuildOperationWorker.execute(DefaultBuildOperationRunner.java:205)
	at org.gradle.internal.operations.DefaultBuildOperationRunner$2.execute(DefaultBuildOperationRunner.java:67)
	at org.gradle.internal.operations.DefaultBuildOperationRunner$2.execute(DefaultBuildOperationRunner.java:60)
	at org.gradle.internal.operations.DefaultBuildOperationRunner.execute(DefaultBuildOperationRunner.java:167)
	at org.gradle.internal.operations.DefaultBuildOperationRunner.execute(DefaultBuildOperationRunner.java:60)
	at org.gradle.internal.operations.DefaultBuildOperationRunner.call(DefaultBuildOperationRunner.java:54)
	at org.gradle.launcher.exec.RunAsBuildOperationBuildActionExecutor.execute(RunAsBuildOperationBuildActionExecutor.java:61)
	at org.gradle.launcher.exec.RunAsWorkerThreadBuildActionExecutor.lambda$execute$0(RunAsWorkerThreadBuildActionExecutor.java:36)
	at org.gradle.internal.work.DefaultWorkerLeaseService.lambda$withLocksAcquired$0(DefaultWorkerLeaseService.java:275)
	at org.gradle.internal.work.ResourceLockStatistics$1.measure(ResourceLockStatistics.java:43)
	at org.gradle.internal.work.DefaultWorkerLeaseService.withLocksAcquired(DefaultWorkerLeaseService.java:273)
	at org.gradle.internal.work.DefaultWorkerLeaseService.withLocks(DefaultWorkerLeaseService.java:265)
	at org.gradle.internal.work.DefaultWorkerLeaseService.runAsWorkerThread(DefaultWorkerLeaseService.java:128)
	at org.gradle.launcher.exec.RunAsWorkerThreadBuildActionExecutor.execute(RunAsWorkerThreadBuildActionExecutor.java:36)
	at org.gradle.tooling.internal.provider.continuous.ContinuousBuildActionExecutor.execute(ContinuousBuildActionExecutor.java:110)
	at org.gradle.tooling.internal.provider.SubscribableBuildActionExecutor.execute(SubscribableBuildActionExecutor.java:64)
	at org.gradle.internal.session.DefaultBuildSessionContext.execute(DefaultBuildSessionContext.java:46)
	at org.gradle.internal.buildprocess.execution.BuildSessionLifecycleBuildActionExecutor$ActionImpl.apply(BuildSessionLifecycleBuildActionExecutor.java:106)
	at org.gradle.internal.buildprocess.execution.BuildSessionLifecycleBuildActionExecutor$ActionImpl.apply(BuildSessionLifecycleBuildActionExecutor.java:94)
	at org.gradle.internal.session.BuildSessionState.run(BuildSessionState.java:73)
	at org.gradle.internal.buildprocess.execution.BuildSessionLifecycleBuildActionExecutor.execute(BuildSessionLifecycleBuildActionExecutor.java:67)
	at org.gradle.internal.buildprocess.execution.BuildSessionLifecycleBuildActionExecutor.execute(BuildSessionLifecycleBuildActionExecutor.java:45)
	at org.gradle.internal.buildprocess.execution.StartParamsValidatingActionExecutor.execute(StartParamsValidatingActionExecutor.java:57)
	at org.gradle.internal.buildprocess.execution.StartParamsValidatingActionExecutor.execute(StartParamsValidatingActionExecutor.java:32)
	at org.gradle.internal.buildprocess.execution.SessionFailureReportingActionExecutor.execute(SessionFailureReportingActionExecutor.java:51)
	at org.gradle.internal.buildprocess.execution.SessionFailureReportingActionExecutor.execute(SessionFailureReportingActionExecutor.java:39)
	at org.gradle.internal.buildprocess.execution.SetupLoggingActionExecutor.execute(SetupLoggingActionExecutor.java:47)
	at org.gradle.internal.buildprocess.execution.SetupLoggingActionExecutor.execute(SetupLoggingActionExecutor.java:31)
	at org.gradle.launcher.daemon.server.exec.ExecuteBuild.doBuild(ExecuteBuild.java:70)
	at org.gradle.launcher.daemon.server.exec.BuildCommandOnly.execute(BuildCommandOnly.java:37)
	at org.gradle.launcher.daemon.server.api.DaemonCommandExecution.proceed(DaemonCommandExecution.java:104)
	at org.gradle.launcher.daemon.server.exec.WatchForDisconnection.execute(WatchForDisconnection.java:39)
	at org.gradle.launcher.daemon.server.api.DaemonCommandExecution.proceed(DaemonCommandExecution.java:104)
	at org.gradle.launcher.daemon.server.exec.ResetDeprecationLogger.execute(ResetDeprecationLogger.java:29)
	at org.gradle.launcher.daemon.server.api.DaemonCommandExecution.proceed(DaemonCommandExecution.java:104)
	at org.gradle.launcher.daemon.server.exec.RequestStopIfSingleUsedDaemon.execute(RequestStopIfSingleUsedDaemon.java:35)
	at org.gradle.launcher.daemon.server.api.DaemonCommandExecution.proceed(DaemonCommandExecution.java:104)
	at org.gradle.launcher.daemon.server.exec.ForwardClientInput.lambda$execute$0(ForwardClientInput.java:40)
	at org.gradle.internal.daemon.clientinput.ClientInputForwarder.forwardInput(ClientInputForwarder.java:80)
	at org.gradle.launcher.daemon.server.exec.ForwardClientInput.execute(ForwardClientInput.java:37)
	at org.gradle.launcher.daemon.server.api.DaemonCommandExecution.proceed(DaemonCommandExecution.java:104)
	at org.gradle.launcher.daemon.server.exec.LogAndCheckHealth.execute(LogAndCheckHealth.java:53)
	at org.gradle.launcher.daemon.server.api.DaemonCommandExecution.proceed(DaemonCommandExecution.java:104)
	at org.gradle.launcher.daemon.server.exec.LogToClient.doBuild(LogToClient.java:63)
	at org.gradle.launcher.daemon.server.exec.BuildCommandOnly.execute(BuildCommandOnly.java:37)
	at org.gradle.launcher.daemon.server.api.DaemonCommandExecution.proceed(DaemonCommandExecution.java:104)
	at org.gradle.launcher.daemon.server.exec.EstablishBuildEnvironment.doBuild(EstablishBuildEnvironment.java:84)
	at org.gradle.launcher.daemon.server.exec.BuildCommandOnly.execute(BuildCommandOnly.java:37)
	at org.gradle.launcher.daemon.server.api.DaemonCommandExecution.proceed(DaemonCommandExecution.java:104)
	at org.gradle.launcher.daemon.server.exec.StartBuildOrRespondWithBusy$1.run(StartBuildOrRespondWithBusy.java:52)
	at org.gradle.launcher.daemon.server.DaemonStateCoordinator.lambda$runCommand$0(DaemonStateCoordinator.java:321)
	at org.gradle.internal.concurrent.ExecutorPolicy$CatchAndRecordFailures.onExecute(ExecutorPolicy.java:64)
	at org.gradle.internal.concurrent.AbstractManagedExecutor$1.run(AbstractManagedExecutor.java:47)
Caused by: org.gradle.api.resources.ResourceException: Could not get resource 'https://repo.maven.apache.org/maven2/org/jetbrains/kotlin/jvm/org.jetbrains.kotlin.jvm.gradle.plugin/2.4.10/org.jetbrains.kotlin.jvm.gradle.plugin-2.4.10.jar'.
	at org.gradle.internal.resource.ResourceExceptions.failure(ResourceExceptions.java:74)
	at org.gradle.internal.resource.ResourceExceptions.getFailed(ResourceExceptions.java:57)
	at org.gradle.api.internal.artifacts.repositories.resolver.DefaultExternalResourceArtifactResolver.staticResourceExists(DefaultExternalResourceArtifactResolver.java:83)
	at org.gradle.api.internal.artifacts.repositories.resolver.DefaultExternalResourceArtifactResolver.artifactExists(DefaultExternalResourceArtifactResolver.java:67)
	at org.gradle.api.internal.artifacts.repositories.resolver.ExternalResourceResolver$RemoteRepositoryAccess.resolveArtifact(ExternalResourceResolver.java:472)
	at org.gradle.api.internal.artifacts.ivyservice.ivyresolve.CachingModuleComponentRepository$ResolveAndCacheRepositoryAccess.resolveArtifact(CachingModuleComponentRepository.java:470)
	at org.gradle.api.internal.artifacts.ivyservice.ivyresolve.ErrorHandlingModuleComponentRepository$ErrorHandlingModuleComponentRepositoryAccess.lambda$resolveArtifact$12(ErrorHandlingModuleComponentRepository.java:180)
	at org.gradle.api.internal.artifacts.ivyservice.ivyresolve.ErrorHandlingModuleComponentRepository$ErrorHandlingModuleComponentRepositoryAccess.tryResolveAndMaybeDisable(ErrorHandlingModuleComponentRepository.java:251)
	... 213 more
Caused by: org.gradle.internal.resource.transport.http.HttpErrorStatusCodeException: Could not HEAD 'https://repo.maven.apache.org/maven2/org/jetbrains/kotlin/jvm/org.jetbrains.kotlin.jvm.gradle.plugin/2.4.10/org.jetbrains.kotlin.jvm.gradle.plugin-2.4.10.jar'. Received status code 429 from server: Too Many Requests
	at org.gradle.internal.resource.transport.http.ApacheCommonsHttpClient.processResponse(ApacheCommonsHttpClient.java:310)
	at org.gradle.internal.resource.transport.http.ApacheCommonsHttpClient.performHead(ApacheCommonsHttpClient.java:114)
	at org.gradle.internal.resource.transport.http.HttpResourceAccessor.getMetaData(HttpResourceAccessor.java:58)
	at org.gradle.internal.resource.transfer.DefaultExternalResourceConnector.getMetaData(DefaultExternalResourceConnector.java:66)
	at org.gradle.internal.resource.transfer.ProgressLoggingExternalResourceAccessor$MetadataOperation.call(ProgressLoggingExternalResourceAccessor.java:173)
	at org.gradle.internal.resource.transfer.ProgressLoggingExternalResourceAccessor$MetadataOperation.call(ProgressLoggingExternalResourceAccessor.java:161)
	at org.gradle.internal.operations.DefaultBuildOperationRunner$CallableBuildOperationWorker.execute(DefaultBuildOperationRunner.java:210)
	at org.gradle.internal.operations.DefaultBuildOperationRunner$CallableBuildOperationWorker.execute(DefaultBuildOperationRunner.java:205)
	at org.gradle.internal.operations.DefaultBuildOperationRunner$2.execute(DefaultBuildOperationRunner.java:67)
	at org.gradle.internal.operations.DefaultBuildOperationRunner$2.execute(DefaultBuildOperationRunner.java:60)
	at org.gradle.internal.operations.DefaultBuildOperationRunner.execute(DefaultBuildOperationRunner.java:167)
	at org.gradle.internal.operations.DefaultBuildOperationRunner.execute(DefaultBuildOperationRunner.java:60)
	at org.gradle.internal.operations.DefaultBuildOperationRunner.call(DefaultBuildOperationRunner.java:54)
	at org.gradle.internal.resource.transfer.ProgressLoggingExternalResourceAccessor.getMetaData(ProgressLoggingExternalResourceAccessor.java:55)
	at org.gradle.internal.resource.transfer.AccessorBackedExternalResource.getMetaData(AccessorBackedExternalResource.java:156)
	at org.gradle.api.internal.artifacts.repositories.resolver.DefaultExternalResourceArtifactResolver.staticResourceExists(DefaultExternalResourceArtifactResolver.java:79)
	... 218 more

==============================================================================

7: Task failed with an exception.
-----------
* What went wrong:
Execution failed for task ':app:processDebugMainManifest'.
> Could not resolve all files for configuration ':app:debugRuntimeClasspath'.
   > Could not resolve com.tom-roush:pdfbox-android:2.0.27.0.
     Required by:
         project ':app'
      > Repository MavenRepo is disabled due to earlier error below:
         > Could not download org.jetbrains.kotlin.jvm.gradle.plugin-2.4.10.jar (org.jetbrains.kotlin.jvm:org.jetbrains.kotlin.jvm.gradle.plugin:2.4.10)
            > Could not get resource 'https://repo.maven.apache.org/maven2/org/jetbrains/kotlin/jvm/org.jetbrains.kotlin.jvm.gradle.plugin/2.4.10/org.jetbrains.kotlin.jvm.gradle.plugin-2.4.10.jar'.
               > Could not HEAD 'https://repo.maven.apache.org/maven2/org/jetbrains/kotlin/jvm/org.jetbrains.kotlin.jvm.gradle.plugin/2.4.10/org.jetbrains.kotlin.jvm.gradle.plugin-2.4.10.jar'. Received status code 429 from server: Too Many Requests

* Try:
> Run with --info or --debug option to get more log output.
> Run with --scan to get full insights from a Build Scan (powered by Develocity).
> Get more help at https://help.gradle.org.

* Exception is:
org.gradle.api.tasks.TaskExecutionException: Execution failed for task ':app:processDebugMainManifest'.
	at org.gradle.api.internal.tasks.execution.CatchExceptionTaskExecuter.execute(CatchExceptionTaskExecuter.java:38)
	at org.gradle.api.internal.tasks.execution.EventFiringTaskExecuter$1.executeTask(EventFiringTaskExecuter.java:77)
	at org.gradle.api.internal.tasks.execution.EventFiringTaskExecuter$1.call(EventFiringTaskExecuter.java:55)
	at org.gradle.api.internal.tasks.execution.EventFiringTaskExecuter$1.call(EventFiringTaskExecuter.java:52)
	at org.gradle.internal.operations.DefaultBuildOperationRunner$CallableBuildOperationWorker.execute(DefaultBuildOperationRunner.java:210)
	at org.gradle.internal.operations.DefaultBuildOperationRunner$CallableBuildOperationWorker.execute(DefaultBuildOperationRunner.java:205)
	at org.gradle.internal.operations.DefaultBuildOperationRunner$2.execute(DefaultBuildOperationRunner.java:67)
	at org.gradle.internal.operations.DefaultBuildOperationRunner$2.execute(DefaultBuildOperationRunner.java:60)
	at org.gradle.internal.operations.DefaultBuildOperationRunner.execute(DefaultBuildOperationRunner.java:167)
	at org.gradle.internal.operations.DefaultBuildOperationRunner.execute(DefaultBuildOperationRunner.java:60)
	at org.gradle.internal.operations.DefaultBuildOperationRunner.call(DefaultBuildOperationRunner.java:54)
	at org.gradle.api.internal.tasks.execution.EventFiringTaskExecuter.execute(EventFiringTaskExecuter.java:52)
	at org.gradle.execution.plan.DefaultNodeExecutor.executeLocalTaskNode(DefaultNodeExecutor.java:55)
	at org.gradle.execution.plan.DefaultNodeExecutor.execute(DefaultNodeExecutor.java:34)
	at org.gradle.execution.taskgraph.DefaultTaskExecutionGraph$InvokeNodeExecutorsAction.execute(DefaultTaskExecutionGraph.java:355)
	at org.gradle.execution.taskgraph.DefaultTaskExecutionGraph$InvokeNodeExecutorsAction.execute(DefaultTaskExecutionGraph.java:343)
	at org.gradle.execution.taskgraph.DefaultTaskExecutionGraph$BuildOperationAwareExecutionAction.lambda$execute$0(DefaultTaskExecutionGraph.java:339)
	at org.gradle.internal.operations.CurrentBuildOperationRef.with(CurrentBuildOperationRef.java:84)
	at org.gradle.execution.taskgraph.DefaultTaskExecutionGraph$BuildOperationAwareExecutionAction.execute(DefaultTaskExecutionGraph.java:339)
	at org.gradle.execution.taskgraph.DefaultTaskExecutionGraph$BuildOperationAwareExecutionAction.execute(DefaultTaskExecutionGraph.java:328)
	at org.gradle.execution.plan.DefaultPlanExecutor$ExecutorWorker.execute(DefaultPlanExecutor.java:459)
	at org.gradle.execution.plan.DefaultPlanExecutor$ExecutorWorker.run(DefaultPlanExecutor.java:376)
	at org.gradle.internal.concurrent.ExecutorPolicy$CatchAndRecordFailures.onExecute(ExecutorPolicy.java:64)
	at org.gradle.internal.concurrent.AbstractManagedExecutor$1.run(AbstractManagedExecutor.java:47)
	at java.base/java.util.concurrent.ThreadPoolExecutor.runWorker(ThreadPoolExecutor.java:1144)
	at java.base/java.util.concurrent.ThreadPoolExecutor$Worker.run(ThreadPoolExecutor.java:642)
	at java.base/java.lang.Thread.run(Thread.java:1583)
Caused by: org.gradle.api.internal.artifacts.ivyservice.TypedResolveException: Could not resolve all files for configuration ':app:debugRuntimeClasspath'.
	at org.gradle.api.internal.artifacts.ResolveExceptionMapper.mapFailure(ResolveExceptionMapper.java:73)
	at org.gradle.api.internal.artifacts.ResolveExceptionMapper.mapFailures(ResolveExceptionMapper.java:65)
	at org.gradle.api.internal.artifacts.configurations.DefaultConfiguration$DefaultResolutionHost.consolidateFailures(DefaultConfiguration.java:1789)
	at org.gradle.api.internal.artifacts.configurations.ResolutionHost.rethrowFailuresAndReportProblems(ResolutionHost.java:75)
	at org.gradle.api.internal.artifacts.configurations.ResolutionBackedFileCollection.maybeThrowResolutionFailures(ResolutionBackedFileCollection.java:86)
	at org.gradle.api.internal.artifacts.configurations.ResolutionBackedFileCollection.visitContents(ResolutionBackedFileCollection.java:76)
	at org.gradle.api.internal.file.AbstractFileCollection.visitStructure(AbstractFileCollection.java:361)
	at org.gradle.api.internal.file.CompositeFileCollection.lambda$visitContents$0(CompositeFileCollection.java:112)
	at org.gradle.api.internal.file.collections.UnpackingVisitor.add(UnpackingVisitor.java:66)
	at org.gradle.api.internal.file.collections.UnpackingVisitor.add(UnpackingVisitor.java:91)
	at org.gradle.api.internal.file.DefaultFileCollectionFactory$ResolvingFileCollection.visitChildren(DefaultFileCollectionFactory.java:311)
	at org.gradle.api.internal.file.CompositeFileCollection.visitContents(CompositeFileCollection.java:112)
	at org.gradle.api.internal.file.AbstractFileCollection.visitStructure(AbstractFileCollection.java:361)
	at org.gradle.api.internal.file.CompositeFileCollection.lambda$visitContents$0(CompositeFileCollection.java:112)
	at org.gradle.api.internal.tasks.PropertyFileCollection.visitChildren(PropertyFileCollection.java:48)
	at org.gradle.api.internal.file.CompositeFileCollection.visitContents(CompositeFileCollection.java:112)
	at org.gradle.api.internal.file.AbstractFileCollection.visitStructure(AbstractFileCollection.java:361)
	at org.gradle.internal.fingerprint.impl.DefaultFileCollectionSnapshotter.snapshot(DefaultFileCollectionSnapshotter.java:48)
	at org.gradle.internal.execution.impl.DefaultInputFingerprinter$InputCollectingVisitor.visitInputFileProperty(DefaultInputFingerprinter.java:151)
	at org.gradle.api.internal.tasks.execution.TaskExecution.visitMutableInputs(TaskExecution.java:345)
	at org.gradle.internal.execution.impl.DefaultInputFingerprinter.fingerprintInputProperties(DefaultInputFingerprinter.java:77)
	at org.gradle.internal.execution.steps.CaptureMutableStateBeforeExecutionStep.captureExecutionStateWithOutputs(CaptureMutableStateBeforeExecutionStep.java:124)
	at org.gradle.internal.execution.steps.CaptureMutableStateBeforeExecutionStep.lambda$captureExecutionState$0(CaptureMutableStateBeforeExecutionStep.java:94)
	at org.gradle.internal.execution.steps.BuildOperationStep$1.call(BuildOperationStep.java:38)
	at org.gradle.internal.operations.DefaultBuildOperationRunner$CallableBuildOperationWorker.execute(DefaultBuildOperationRunner.java:210)
	at org.gradle.internal.operations.DefaultBuildOperationRunner$CallableBuildOperationWorker.execute(DefaultBuildOperationRunner.java:205)
	at org.gradle.internal.operations.DefaultBuildOperationRunner$2.execute(DefaultBuildOperationRunner.java:67)
	at org.gradle.internal.operations.DefaultBuildOperationRunner$2.execute(DefaultBuildOperationRunner.java:60)
	at org.gradle.internal.operations.DefaultBuildOperationRunner.execute(DefaultBuildOperationRunner.java:167)
	at org.gradle.internal.operations.DefaultBuildOperationRunner.execute(DefaultBuildOperationRunner.java:60)
	at org.gradle.internal.operations.DefaultBuildOperationRunner.call(DefaultBuildOperationRunner.java:54)
	at org.gradle.internal.execution.steps.BuildOperationStep.operation(BuildOperationStep.java:35)
	at org.gradle.internal.execution.steps.CaptureMutableStateBeforeExecutionStep.captureExecutionState(CaptureMutableStateBeforeExecutionStep.java:92)
	at org.gradle.internal.execution.steps.CaptureMutableStateBeforeExecutionStep.executeMutable(CaptureMutableStateBeforeExecutionStep.java:73)
	at org.gradle.internal.execution.steps.CaptureMutableStateBeforeExecutionStep.execute(CaptureMutableStateBeforeExecutionStep.java:65)
	at org.gradle.internal.execution.steps.CaptureMutableStateBeforeExecutionStep.execute(CaptureMutableStateBeforeExecutionStep.java:45)
	at org.gradle.internal.execution.steps.SkipEmptyMutableWorkStep.executeWithNonEmptySources(SkipEmptyMutableWorkStep.java:210)
	at org.gradle.internal.execution.steps.SkipEmptyMutableWorkStep.executeMutable(SkipEmptyMutableWorkStep.java:85)
	at org.gradle.internal.execution.steps.SkipEmptyMutableWorkStep.executeMutable(SkipEmptyMutableWorkStep.java:53)
	at org.gradle.internal.execution.steps.MutableStep.execute(MutableStep.java:26)
	at org.gradle.internal.execution.steps.legacy.MarkSnapshottingInputsStartedStep.execute(MarkSnapshottingInputsStartedStep.java:38)
	at org.gradle.internal.execution.steps.LoadPreviousExecutionStateStep.executeMutable(LoadPreviousExecutionStateStep.java:36)
	at org.gradle.internal.execution.steps.LoadPreviousExecutionStateStep.executeMutable(LoadPreviousExecutionStateStep.java:23)
	at org.gradle.internal.execution.steps.MutableStep.execute(MutableStep.java:26)
	at org.gradle.internal.execution.steps.HandleStaleOutputsStep.executeMutable(HandleStaleOutputsStep.java:77)
	at org.gradle.internal.execution.steps.HandleStaleOutputsStep.executeMutable(HandleStaleOutputsStep.java:43)
	at org.gradle.internal.execution.steps.MutableStep.execute(MutableStep.java:26)
	at org.gradle.internal.execution.steps.AssignMutableWorkspaceStep.lambda$executeMutable$0(AssignMutableWorkspaceStep.java:34)
	at org.gradle.api.internal.tasks.execution.TaskExecution$4.withWorkspace(TaskExecution.java:305)
	at org.gradle.internal.execution.steps.AssignMutableWorkspaceStep.executeMutable(AssignMutableWorkspaceStep.java:30)
	at org.gradle.internal.execution.steps.AssignMutableWorkspaceStep.executeMutable(AssignMutableWorkspaceStep.java:21)
	at org.gradle.internal.execution.steps.MutableStep.execute(MutableStep.java:26)
	at org.gradle.internal.execution.steps.ChoosePipelineStep.execute(ChoosePipelineStep.java:40)
	at org.gradle.internal.execution.steps.ChoosePipelineStep.execute(ChoosePipelineStep.java:23)
	at org.gradle.internal.execution.steps.ExecuteWorkBuildOperationFiringStep.lambda$execute$2(ExecuteWorkBuildOperationFiringStep.java:67)
	at java.base/java.util.Optional.orElseGet(Optional.java:364)
	at org.gradle.internal.execution.steps.ExecuteWorkBuildOperationFiringStep.execute(ExecuteWorkBuildOperationFiringStep.java:67)
	at org.gradle.internal.execution.steps.ExecuteWorkBuildOperationFiringStep.execute(ExecuteWorkBuildOperationFiringStep.java:39)
	at org.gradle.internal.execution.steps.IdentityCacheStep.execute(IdentityCacheStep.java:46)
	at org.gradle.internal.execution.steps.IdentityCacheStep.execute(IdentityCacheStep.java:34)
	at org.gradle.internal.execution.steps.IdentifyStep.execute(IdentifyStep.java:56)
	at org.gradle.internal.execution.steps.IdentifyStep.execute(IdentifyStep.java:38)
	at org.gradle.internal.execution.impl.DefaultExecutionEngine$1.execute(DefaultExecutionEngine.java:68)
	at org.gradle.api.internal.tasks.execution.ExecuteActionsTaskExecuter.executeIfValid(ExecuteActionsTaskExecuter.java:132)
	at org.gradle.api.internal.tasks.execution.ExecuteActionsTaskExecuter.execute(ExecuteActionsTaskExecuter.java:121)
	at org.gradle.api.internal.tasks.execution.ProblemsTaskPathTrackingTaskExecuter.execute(ProblemsTaskPathTrackingTaskExecuter.java:41)
	at org.gradle.api.internal.tasks.execution.ResolveTaskExecutionModeExecuter.execute(ResolveTaskExecutionModeExecuter.java:51)
	at org.gradle.api.internal.tasks.execution.FinalizePropertiesTaskExecuter.execute(FinalizePropertiesTaskExecuter.java:46)
	at org.gradle.api.internal.tasks.execution.SkipTaskWithNoActionsExecuter.execute(SkipTaskWithNoActionsExecuter.java:57)
	at org.gradle.api.internal.tasks.execution.SkipOnlyIfTaskExecuter.execute(SkipOnlyIfTaskExecuter.java:74)
	at org.gradle.api.internal.tasks.execution.CatchExceptionTaskExecuter.execute(CatchExceptionTaskExecuter.java:36)
	... 26 more
Caused by: org.gradle.internal.resolve.ModuleVersionResolveException: Could not resolve com.tom-roush:pdfbox-android:2.0.27.0.
Required by:
    project ':app'
Caused by: org.gradle.internal.resolve.ModuleVersionResolveException: Repository MavenRepo is disabled due to earlier error below:
Caused by: org.gradle.internal.resolve.ArtifactResolveException: Could not download org.jetbrains.kotlin.jvm.gradle.plugin-2.4.10.jar (org.jetbrains.kotlin.jvm:org.jetbrains.kotlin.jvm.gradle.plugin:2.4.10)
	at org.gradle.api.internal.artifacts.ivyservice.ivyresolve.ErrorHandlingModuleComponentRepository$ErrorHandlingModuleComponentRepositoryAccess.lambda$resolveArtifact$14(ErrorHandlingModuleComponentRepository.java:190)
	at org.gradle.api.internal.artifacts.ivyservice.ivyresolve.ErrorHandlingModuleComponentRepository$ErrorHandlingModuleComponentRepositoryAccess.tryResolveAndMaybeDisable(ErrorHandlingModuleComponentRepository.java:260)
	at org.gradle.api.internal.artifacts.ivyservice.ivyresolve.ErrorHandlingModuleComponentRepository$ErrorHandlingModuleComponentRepositoryAccess.performOperationWithRetries(ErrorHandlingModuleComponentRepository.java:204)
	at org.gradle.api.internal.artifacts.ivyservice.ivyresolve.ErrorHandlingModuleComponentRepository$ErrorHandlingModuleComponentRepositoryAccess.resolveArtifact(ErrorHandlingModuleComponentRepository.java:178)
	at org.gradle.api.internal.artifacts.ivyservice.ivyresolve.RepositoryChainArtifactResolver.resolveArtifactLater(RepositoryChainArtifactResolver.java:75)
	at org.gradle.api.internal.artifacts.ivyservice.ivyresolve.RepositoryChainArtifactResolver.lambda$resolveArtifact$0(RepositoryChainArtifactResolver.java:63)
	at org.gradle.internal.model.CalculatedValueContainerFactory$SupplierBackedCalculator.calculateValue(CalculatedValueContainerFactory.java:69)
	at org.gradle.internal.model.CalculatedValueContainer$CalculationState.lambda$attachValue$0(CalculatedValueContainer.java:227)
	at org.gradle.internal.Try.ofFailable(Try.java:46)
	at org.gradle.internal.model.CalculatedValueContainer$CalculationState.attachValue(CalculatedValueContainer.java:222)
	at org.gradle.internal.model.CalculatedValueContainer.finalizeIfNotAlready(CalculatedValueContainer.java:195)
	at org.gradle.internal.model.CalculatedValueContainer.finalizeIfNotAlready(CalculatedValueContainer.java:186)
	at org.gradle.api.internal.artifacts.DefaultResolvableArtifact.getFile(DefaultResolvableArtifact.java:140)
	at org.gradle.internal.resolve.resolver.DefaultComponentArtifactResolver.resolveArtifacts(DefaultComponentArtifactResolver.java:50)
	at org.gradle.api.internal.artifacts.ivyservice.resolveengine.artifact.ArtifactBackedResolvedVariant.getArtifacts(ArtifactBackedResolvedVariant.java:80)
	at org.gradle.api.internal.artifacts.transform.AttributeMatchingArtifactVariantSelector.doSelect(AttributeMatchingArtifactVariantSelector.java:88)
	at org.gradle.api.internal.artifacts.transform.AttributeMatchingArtifactVariantSelector.select(AttributeMatchingArtifactVariantSelector.java:70)
	at org.gradle.api.internal.artifacts.ivyservice.resolveengine.artifact.VariantResolvingArtifactSet.select(VariantResolvingArtifactSet.java:110)
	at org.gradle.api.internal.artifacts.ivyservice.resolveengine.artifact.DefaultVisitedArtifactResults.select(DefaultVisitedArtifactResults.java:43)
	at org.gradle.api.internal.artifacts.ivyservice.resolveengine.artifact.DefaultVisitedArtifactSet.select(DefaultVisitedArtifactSet.java:97)
	at org.gradle.api.internal.artifacts.resolver.DefaultResolutionOutputs$DefaultArtifactView.selectArtifacts(DefaultResolutionOutputs.java:204)
	at org.gradle.api.internal.artifacts.configurations.ResolutionResultProvider$1.getValue(ResolutionResultProvider.java:54)
	at org.gradle.api.internal.artifacts.configurations.ResolutionResultProviderBackedSelectedArtifactSet.visitArtifacts(ResolutionResultProviderBackedSelectedArtifactSet.java:50)
	at org.gradle.api.internal.artifacts.configurations.DefaultArtifactCollection.lambda$new$0(DefaultArtifactCollection.java:61)
	at org.gradle.internal.model.CalculatedValueContainerFactory$SupplierBackedCalculator.calculateValue(CalculatedValueContainerFactory.java:69)
	at org.gradle.internal.model.CalculatedValueContainer$CalculationState.lambda$attachValue$0(CalculatedValueContainer.java:227)
	at org.gradle.internal.Try.ofFailable(Try.java:46)
	at org.gradle.internal.model.CalculatedValueContainer$CalculationState.attachValue(CalculatedValueContainer.java:222)
	at org.gradle.internal.model.CalculatedValueContainer.finalizeIfNotAlready(CalculatedValueContainer.java:195)
	at org.gradle.internal.model.CalculatedValueContainer.finalizeIfNotAlready(CalculatedValueContainer.java:186)
	at org.gradle.api.internal.artifacts.configurations.DefaultArtifactCollection.ensureResolved(DefaultArtifactCollection.java:123)
	at org.gradle.api.internal.artifacts.configurations.DefaultArtifactCollection.getFailures(DefaultArtifactCollection.java:112)
	at org.gradle.plugin.use.resolve.internal.ArtifactRepositoriesPluginResolver.exists(ArtifactRepositoriesPluginResolver.java:186)
	at org.gradle.plugin.use.resolve.internal.ArtifactRepositoriesPluginResolver.resolve(ArtifactRepositoriesPluginResolver.java:65)
	at org.gradle.plugin.use.resolve.internal.CompositePluginResolver.resolve(CompositePluginResolver.java:36)
	at org.gradle.plugin.use.resolve.internal.AlreadyOnClasspathPluginResolver.resolve(AlreadyOnClasspathPluginResolver.java:64)
	at org.gradle.plugin.use.internal.DefaultPluginRequestApplicator.resolvePluginRequest(DefaultPluginRequestApplicator.java:190)
	at org.gradle.plugin.use.internal.DefaultPluginRequestApplicator.applyPlugins(DefaultPluginRequestApplicator.java:102)
	at org.gradle.kotlin.dsl.provider.PluginRequestsHandler.handle(PluginRequestsHandler.kt:45)
	at org.gradle.kotlin.dsl.provider.StandardKotlinScriptEvaluator$InterpreterHost.applyPluginsTo(KotlinScriptEvaluator.kt:246)
	at org.gradle.kotlin.dsl.execution.Interpreter$ProgramHost.applyPluginsTo(Interpreter.kt:395)
	at Program.execute(Unknown Source)
	at org.gradle.kotlin.dsl.execution.Interpreter$ProgramHost.eval(Interpreter.kt:526)
	at org.gradle.kotlin.dsl.execution.Interpreter.eval(Interpreter.kt:219)
	at org.gradle.kotlin.dsl.provider.StandardKotlinScriptEvaluator.evaluate(KotlinScriptEvaluator.kt:135)
	at org.gradle.kotlin.dsl.provider.KotlinScriptPluginFactory.create$lambda$0(KotlinScriptPluginFactory.kt:61)
	at org.gradle.kotlin.dsl.provider.KotlinScriptPlugin.apply(KotlinScriptPlugin.kt:35)
	at org.gradle.configuration.BuildOperationScriptPlugin$1.run(BuildOperationScriptPlugin.java:68)
	at org.gradle.internal.operations.DefaultBuildOperationRunner$1.execute(DefaultBuildOperationRunner.java:30)
	at org.gradle.internal.operations.DefaultBuildOperationRunner$1.execute(DefaultBuildOperationRunner.java:27)
	at org.gradle.internal.operations.DefaultBuildOperationRunner$2.execute(DefaultBuildOperationRunner.java:67)
	at org.gradle.internal.operations.DefaultBuildOperationRunner$2.execute(DefaultBuildOperationRunner.java:60)
	at org.gradle.internal.operations.DefaultBuildOperationRunner.execute(DefaultBuildOperationRunner.java:167)
	at org.gradle.internal.operations.DefaultBuildOperationRunner.execute(DefaultBuildOperationRunner.java:60)
	at org.gradle.internal.operations.DefaultBuildOperationRunner.run(DefaultBuildOperationRunner.java:48)
	at org.gradle.configuration.BuildOperationScriptPlugin.lambda$apply$0(BuildOperationScriptPlugin.java:65)
	at org.gradle.internal.code.DefaultUserCodeApplicationContext.apply(DefaultUserCodeApplicationContext.java:44)
	at org.gradle.configuration.BuildOperationScriptPlugin.apply(BuildOperationScriptPlugin.java:65)
	at org.gradle.api.internal.project.DefaultProjectStateRegistry$ProjectStateImpl.lambda$applyToMutableState$0(DefaultProjectStateRegistry.java:443)
	at org.gradle.api.internal.project.DefaultProjectStateRegistry$ProjectStateImpl.lambda$fromMutableState$1(DefaultProjectStateRegistry.java:450)
	at org.gradle.api.internal.project.DefaultProjectStateRegistry$ProjectStateImpl.runWithModelLock(DefaultProjectStateRegistry.java:466)
	at org.gradle.api.internal.project.DefaultProjectStateRegistry$ProjectStateImpl.fromMutableState(DefaultProjectStateRegistry.java:450)
	at org.gradle.api.internal.project.DefaultProjectStateRegistry$ProjectStateImpl.applyToMutableState(DefaultProjectStateRegistry.java:442)
	at org.gradle.configuration.project.BuildScriptProcessor.execute(BuildScriptProcessor.java:46)
	at org.gradle.configuration.project.BuildScriptProcessor.execute(BuildScriptProcessor.java:27)
	at org.gradle.configuration.project.ConfigureActionsProjectEvaluator.evaluate(ConfigureActionsProjectEvaluator.java:35)
	at org.gradle.configuration.project.LifecycleProjectEvaluator$EvaluateProject.lambda$run$0(LifecycleProjectEvaluator.java:109)
	at org.gradle.api.internal.project.DefaultProjectStateRegistry$ProjectStateImpl.lambda$applyToMutableState$0(DefaultProjectStateRegistry.java:443)
	at org.gradle.api.internal.project.DefaultProjectStateRegistry$ProjectStateImpl.lambda$fromMutableState$1(DefaultProjectStateRegistry.java:450)
	at org.gradle.internal.work.DefaultWorkerLeaseService.lambda$withLocksAcquired$0(DefaultWorkerLeaseService.java:275)
	at org.gradle.internal.work.ResourceLockStatistics$1.measure(ResourceLockStatistics.java:43)
	at org.gradle.internal.work.DefaultWorkerLeaseService.withLocksAcquired(DefaultWorkerLeaseService.java:273)
	at org.gradle.internal.work.DefaultWorkerLeaseService.lambda$withReplacedLocks$3(DefaultWorkerLeaseService.java:371)
	at org.gradle.internal.work.DefaultWorkerLeaseService.withoutLocks(DefaultWorkerLeaseService.java:343)
	at org.gradle.internal.work.DefaultWorkerLeaseService.withReplacedLocks(DefaultWorkerLeaseService.java:370)
	at org.gradle.api.internal.project.DefaultProjectStateRegistry$ProjectStateImpl.runWithModelLock(DefaultProjectStateRegistry.java:471)
	at org.gradle.api.internal.project.DefaultProjectStateRegistry$ProjectStateImpl.fromMutableState(DefaultProjectStateRegistry.java:450)
	at org.gradle.api.internal.project.DefaultProjectStateRegistry$ProjectStateImpl.applyToMutableState(DefaultProjectStateRegistry.java:442)
	at org.gradle.configuration.project.LifecycleProjectEvaluator$EvaluateProject.run(LifecycleProjectEvaluator.java:100)
	at org.gradle.internal.operations.DefaultBuildOperationRunner$1.execute(DefaultBuildOperationRunner.java:30)
	at org.gradle.internal.operations.DefaultBuildOperationRunner$1.execute(DefaultBuildOperationRunner.java:27)
	at org.gradle.internal.operations.DefaultBuildOperationRunner$2.execute(DefaultBuildOperationRunner.java:67)
	at org.gradle.internal.operations.DefaultBuildOperationRunner$2.execute(DefaultBuildOperationRunner.java:60)
	at org.gradle.internal.operations.DefaultBuildOperationRunner.execute(DefaultBuildOperationRunner.java:167)
	at org.gradle.internal.operations.DefaultBuildOperationRunner.execute(DefaultBuildOperationRunner.java:60)
	at org.gradle.internal.operations.DefaultBuildOperationRunner.run(DefaultBuildOperationRunner.java:48)
	at org.gradle.configuration.project.LifecycleProjectEvaluator.evaluate(LifecycleProjectEvaluator.java:72)
	at org.gradle.api.internal.project.DefaultProject.evaluateUnchecked(DefaultProject.java:796)
	at org.gradle.api.internal.project.ProjectLifecycleController.lambda$ensureSelfConfigured$2(ProjectLifecycleController.java:93)
	at org.gradle.internal.model.StateTransitionController.lambda$doTransition$15(StateTransitionController.java:293)
	at org.gradle.internal.model.StateTransitionController.doTransition(StateTransitionController.java:304)
	at org.gradle.internal.model.StateTransitionController.doTransition(StateTransitionController.java:292)
	at org.gradle.internal.model.StateTransitionController.lambda$maybeTransitionIfNotCurrentlyTransitioning$11(StateTransitionController.java:237)
	at org.gradle.internal.work.DefaultSynchronizer.withLock(DefaultSynchronizer.java:35)
	at org.gradle.internal.model.StateTransitionController.maybeTransitionIfNotCurrentlyTransitioning(StateTransitionController.java:233)
	at org.gradle.api.internal.project.ProjectLifecycleController.ensureSelfConfigured(ProjectLifecycleController.java:93)
	at org.gradle.api.internal.project.DefaultProjectStateRegistry$ProjectStateImpl.ensureConfigured(DefaultProjectStateRegistry.java:408)
	at org.gradle.execution.TaskPathProjectEvaluator.configure(TaskPathProjectEvaluator.java:71)
	at org.gradle.execution.TaskPathProjectEvaluator.configureHierarchy(TaskPathProjectEvaluator.java:85)
	at org.gradle.configuration.DefaultProjectsPreparer.prepareProjects(DefaultProjectsPreparer.java:50)
	at org.gradle.configuration.BuildTreePreparingProjectsPreparer.prepareProjects(BuildTreePreparingProjectsPreparer.java:65)
	at org.gradle.configuration.BuildOperationFiringProjectsPreparer$ConfigureBuild.run(BuildOperationFiringProjectsPreparer.java:52)
	at org.gradle.internal.operations.DefaultBuildOperationRunner$1.execute(DefaultBuildOperationRunner.java:30)
	at org.gradle.internal.operations.DefaultBuildOperationRunner$1.execute(DefaultBuildOperationRunner.java:27)
	at org.gradle.internal.operations.DefaultBuildOperationRunner$2.execute(DefaultBuildOperationRunner.java:67)
	at org.gradle.internal.operations.DefaultBuildOperationRunner$2.execute(DefaultBuildOperationRunner.java:60)
	at org.gradle.internal.operations.DefaultBuildOperationRunner.execute(DefaultBuildOperationRunner.java:167)
	at org.gradle.internal.operations.DefaultBuildOperationRunner.execute(DefaultBuildOperationRunner.java:60)
	at org.gradle.internal.operations.DefaultBuildOperationRunner.run(DefaultBuildOperationRunner.java:48)
	at org.gradle.configuration.BuildOperationFiringProjectsPreparer.prepareProjects(BuildOperationFiringProjectsPreparer.java:40)
	at org.gradle.initialization.VintageBuildModelController.lambda$prepareProjects$2(VintageBuildModelController.java:83)
	at org.gradle.internal.model.StateTransitionController.lambda$doTransition$15(StateTransitionController.java:293)
	at org.gradle.internal.model.StateTransitionController.doTransition(StateTransitionController.java:304)
	at org.gradle.internal.model.StateTransitionController.doTransition(StateTransitionController.java:292)
	at org.gradle.internal.model.StateTransitionController.lambda$transitionIfNotPreviously$12(StateTransitionController.java:251)
	at org.gradle.internal.work.DefaultSynchronizer.withLock(DefaultSynchronizer.java:35)
	at org.gradle.internal.model.StateTransitionController.transitionIfNotPreviously(StateTransitionController.java:247)
	at org.gradle.initialization.VintageBuildModelController.prepareProjects(VintageBuildModelController.java:83)
	at org.gradle.initialization.VintageBuildModelController.prepareToScheduleTasks(VintageBuildModelController.java:70)
	at org.gradle.internal.build.DefaultBuildLifecycleController.lambda$prepareToScheduleTasks$7(DefaultBuildLifecycleController.java:185)
	at org.gradle.internal.model.StateTransitionController.lambda$doTransition$15(StateTransitionController.java:293)
	at org.gradle.internal.model.StateTransitionController.doTransition(StateTransitionController.java:304)
	at org.gradle.internal.model.StateTransitionController.doTransition(StateTransitionController.java:292)
	at org.gradle.internal.model.StateTransitionController.lambda$maybeTransition$10(StateTransitionController.java:228)
	at org.gradle.internal.work.DefaultSynchronizer.withLock(DefaultSynchronizer.java:35)
	at org.gradle.internal.model.StateTransitionController.maybeTransition(StateTransitionController.java:224)
	at org.gradle.internal.build.DefaultBuildLifecycleController.prepareToScheduleTasks(DefaultBuildLifecycleController.java:183)
	at org.gradle.internal.buildtree.DefaultBuildTreeWorkPreparer.scheduleRequestedTasks(DefaultBuildTreeWorkPreparer.java:35)
	at org.gradle.internal.cc.impl.barrier.BarrierAwareBuildTreeWorkPreparer.scheduleRequestedTasks$lambda$0(BarrierAwareBuildTreeWorkPreparer.kt:34)
	at org.gradle.internal.cc.impl.barrier.VintageConfigurationTimeActionRunner.runConfigurationTimeAction(VintageConfigurationTimeActionRunner.kt:48)
	at org.gradle.internal.cc.impl.barrier.BarrierAwareBuildTreeWorkPreparer.scheduleRequestedTasks(BarrierAwareBuildTreeWorkPreparer.kt:33)
	at org.gradle.internal.cc.impl.VintageBuildTreeWorkController$scheduleAndRunRequestedTasks$1$finalizedGraph$1.call(VintageBuildTreeWorkController.kt:37)
	at org.gradle.internal.cc.impl.VintageBuildTreeWorkController$scheduleAndRunRequestedTasks$1$finalizedGraph$1.call(VintageBuildTreeWorkController.kt:37)
	at org.gradle.internal.Try.ofFailable(Try.java:46)
	at org.gradle.internal.cc.impl.VintageBuildTreeWorkController$scheduleAndRunRequestedTasks$1.apply(VintageBuildTreeWorkController.kt:37)
	at org.gradle.internal.cc.impl.VintageBuildTreeWorkController$scheduleAndRunRequestedTasks$1.apply(VintageBuildTreeWorkController.kt:36)
	at org.gradle.composite.internal.DefaultIncludedBuildTaskGraph.withNewWorkGraph(DefaultIncludedBuildTaskGraph.java:115)
	at org.gradle.internal.cc.impl.VintageBuildTreeWorkController.scheduleAndRunRequestedTasks(VintageBuildTreeWorkController.kt:36)
	at org.gradle.internal.buildtree.DefaultBuildTreeLifecycleController.lambda$scheduleAndRunTasks$1(DefaultBuildTreeLifecycleController.java:84)
	at org.gradle.internal.buildtree.DefaultBuildTreeLifecycleController.lambda$runBuild$5(DefaultBuildTreeLifecycleController.java:142)
	at org.gradle.internal.model.StateTransitionController.lambda$transition$7(StateTransitionController.java:207)
	at org.gradle.internal.model.StateTransitionController.doTransition(StateTransitionController.java:304)
	at org.gradle.internal.model.StateTransitionController.lambda$transition$8(StateTransitionController.java:207)
	at org.gradle.internal.work.DefaultSynchronizer.withLock(DefaultSynchronizer.java:45)
	at org.gradle.internal.model.StateTransitionController.transition(StateTransitionController.java:207)
	at org.gradle.internal.buildtree.DefaultBuildTreeLifecycleController.runBuild(DefaultBuildTreeLifecycleController.java:139)
	at org.gradle.internal.buildtree.DefaultBuildTreeLifecycleController.scheduleAndRunTasks(DefaultBuildTreeLifecycleController.java:84)
	at org.gradle.internal.buildtree.DefaultBuildTreeLifecycleController.scheduleAndRunTasks(DefaultBuildTreeLifecycleController.java:79)
	at org.gradle.tooling.internal.provider.ExecuteBuildActionRunner.run(ExecuteBuildActionRunner.java:31)
	at org.gradle.launcher.exec.ChainingBuildActionRunner.run(ChainingBuildActionRunner.java:35)
	at org.gradle.internal.buildtree.ProblemReportingBuildActionRunner.run(ProblemReportingBuildActionRunner.java:54)
	at org.gradle.launcher.exec.BuildOutcomeReportingBuildActionRunner.run(BuildOutcomeReportingBuildActionRunner.java:83)
	at org.gradle.tooling.internal.provider.FileSystemWatchingBuildActionRunner.run(FileSystemWatchingBuildActionRunner.java:135)
	at org.gradle.launcher.exec.BuildCompletionNotifyingBuildActionRunner.run(BuildCompletionNotifyingBuildActionRunner.java:54)
	at org.gradle.launcher.exec.RootBuildLifecycleBuildActionExecutor.lambda$execute$0(RootBuildLifecycleBuildActionExecutor.java:101)
	at org.gradle.composite.internal.DefaultRootBuildState.run(DefaultRootBuildState.java:126)
	at org.gradle.launcher.exec.RootBuildLifecycleBuildActionExecutor.execute(RootBuildLifecycleBuildActionExecutor.java:101)
	at org.gradle.launcher.exec.BuildTreeLifecycleBuildActionExecutor.runRootBuildAction(BuildTreeLifecycleBuildActionExecutor.java:104)
	at org.gradle.launcher.exec.BuildTreeLifecycleBuildActionExecutor.execute(BuildTreeLifecycleBuildActionExecutor.java:74)
	at org.gradle.launcher.exec.RunAsBuildOperationBuildActionExecutor$2.call(RunAsBuildOperationBuildActionExecutor.java:65)
	at org.gradle.launcher.exec.RunAsBuildOperationBuildActionExecutor$2.call(RunAsBuildOperationBuildActionExecutor.java:61)
	at org.gradle.internal.operations.DefaultBuildOperationRunner$CallableBuildOperationWorker.execute(DefaultBuildOperationRunner.java:210)
	at org.gradle.internal.operations.DefaultBuildOperationRunner$CallableBuildOperationWorker.execute(DefaultBuildOperationRunner.java:205)
	at org.gradle.internal.operations.DefaultBuildOperationRunner$2.execute(DefaultBuildOperationRunner.java:67)
	at org.gradle.internal.operations.DefaultBuildOperationRunner$2.execute(DefaultBuildOperationRunner.java:60)
	at org.gradle.internal.operations.DefaultBuildOperationRunner.execute(DefaultBuildOperationRunner.java:167)
	at org.gradle.internal.operations.DefaultBuildOperationRunner.execute(DefaultBuildOperationRunner.java:60)
	at org.gradle.internal.operations.DefaultBuildOperationRunner.call(DefaultBuildOperationRunner.java:54)
	at org.gradle.launcher.exec.RunAsBuildOperationBuildActionExecutor.execute(RunAsBuildOperationBuildActionExecutor.java:61)
	at org.gradle.launcher.exec.RunAsWorkerThreadBuildActionExecutor.lambda$execute$0(RunAsWorkerThreadBuildActionExecutor.java:36)
	at org.gradle.internal.work.DefaultWorkerLeaseService.lambda$withLocksAcquired$0(DefaultWorkerLeaseService.java:275)
	at org.gradle.internal.work.ResourceLockStatistics$1.measure(ResourceLockStatistics.java:43)
	at org.gradle.internal.work.DefaultWorkerLeaseService.withLocksAcquired(DefaultWorkerLeaseService.java:273)
	at org.gradle.internal.work.DefaultWorkerLeaseService.withLocks(DefaultWorkerLeaseService.java:265)
	at org.gradle.internal.work.DefaultWorkerLeaseService.runAsWorkerThread(DefaultWorkerLeaseService.java:128)
	at org.gradle.launcher.exec.RunAsWorkerThreadBuildActionExecutor.execute(RunAsWorkerThreadBuildActionExecutor.java:36)
	at org.gradle.tooling.internal.provider.continuous.ContinuousBuildActionExecutor.execute(ContinuousBuildActionExecutor.java:110)
	at org.gradle.tooling.internal.provider.SubscribableBuildActionExecutor.execute(SubscribableBuildActionExecutor.java:64)
	at org.gradle.internal.session.DefaultBuildSessionContext.execute(DefaultBuildSessionContext.java:46)
	at org.gradle.internal.buildprocess.execution.BuildSessionLifecycleBuildActionExecutor$ActionImpl.apply(BuildSessionLifecycleBuildActionExecutor.java:106)
	at org.gradle.internal.buildprocess.execution.BuildSessionLifecycleBuildActionExecutor$ActionImpl.apply(BuildSessionLifecycleBuildActionExecutor.java:94)
	at org.gradle.internal.session.BuildSessionState.run(BuildSessionState.java:73)
	at org.gradle.internal.buildprocess.execution.BuildSessionLifecycleBuildActionExecutor.execute(BuildSessionLifecycleBuildActionExecutor.java:67)
	at org.gradle.internal.buildprocess.execution.BuildSessionLifecycleBuildActionExecutor.execute(BuildSessionLifecycleBuildActionExecutor.java:45)
	at org.gradle.internal.buildprocess.execution.StartParamsValidatingActionExecutor.execute(StartParamsValidatingActionExecutor.java:57)
	at org.gradle.internal.buildprocess.execution.StartParamsValidatingActionExecutor.execute(StartParamsValidatingActionExecutor.java:32)
	at org.gradle.internal.buildprocess.execution.SessionFailureReportingActionExecutor.execute(SessionFailureReportingActionExecutor.java:51)
	at org.gradle.internal.buildprocess.execution.SessionFailureReportingActionExecutor.execute(SessionFailureReportingActionExecutor.java:39)
	at org.gradle.internal.buildprocess.execution.SetupLoggingActionExecutor.execute(SetupLoggingActionExecutor.java:47)
	at org.gradle.internal.buildprocess.execution.SetupLoggingActionExecutor.execute(SetupLoggingActionExecutor.java:31)
	at org.gradle.launcher.daemon.server.exec.ExecuteBuild.doBuild(ExecuteBuild.java:70)
	at org.gradle.launcher.daemon.server.exec.BuildCommandOnly.execute(BuildCommandOnly.java:37)
	at org.gradle.launcher.daemon.server.api.DaemonCommandExecution.proceed(DaemonCommandExecution.java:104)
	at org.gradle.launcher.daemon.server.exec.WatchForDisconnection.execute(WatchForDisconnection.java:39)
	at org.gradle.launcher.daemon.server.api.DaemonCommandExecution.proceed(DaemonCommandExecution.java:104)
	at org.gradle.launcher.daemon.server.exec.ResetDeprecationLogger.execute(ResetDeprecationLogger.java:29)
	at org.gradle.launcher.daemon.server.api.DaemonCommandExecution.proceed(DaemonCommandExecution.java:104)
	at org.gradle.launcher.daemon.server.exec.RequestStopIfSingleUsedDaemon.execute(RequestStopIfSingleUsedDaemon.java:35)
	at org.gradle.launcher.daemon.server.api.DaemonCommandExecution.proceed(DaemonCommandExecution.java:104)
	at org.gradle.launcher.daemon.server.exec.ForwardClientInput.lambda$execute$0(ForwardClientInput.java:40)
	at org.gradle.internal.daemon.clientinput.ClientInputForwarder.forwardInput(ClientInputForwarder.java:80)
	at org.gradle.launcher.daemon.server.exec.ForwardClientInput.execute(ForwardClientInput.java:37)
	at org.gradle.launcher.daemon.server.api.DaemonCommandExecution.proceed(DaemonCommandExecution.java:104)
	at org.gradle.launcher.daemon.server.exec.LogAndCheckHealth.execute(LogAndCheckHealth.java:53)
	at org.gradle.launcher.daemon.server.api.DaemonCommandExecution.proceed(DaemonCommandExecution.java:104)
	at org.gradle.launcher.daemon.server.exec.LogToClient.doBuild(LogToClient.java:63)
	at org.gradle.launcher.daemon.server.exec.BuildCommandOnly.execute(BuildCommandOnly.java:37)
	at org.gradle.launcher.daemon.server.api.DaemonCommandExecution.proceed(DaemonCommandExecution.java:104)
	at org.gradle.launcher.daemon.server.exec.EstablishBuildEnvironment.doBuild(EstablishBuildEnvironment.java:84)
	at org.gradle.launcher.daemon.server.exec.BuildCommandOnly.execute(BuildCommandOnly.java:37)
	at org.gradle.launcher.daemon.server.api.DaemonCommandExecution.proceed(DaemonCommandExecution.java:104)
	at org.gradle.launcher.daemon.server.exec.StartBuildOrRespondWithBusy$1.run(StartBuildOrRespondWithBusy.java:52)
	at org.gradle.launcher.daemon.server.DaemonStateCoordinator.lambda$runCommand$0(DaemonStateCoordinator.java:321)
	at org.gradle.internal.concurrent.ExecutorPolicy$CatchAndRecordFailures.onExecute(ExecutorPolicy.java:64)
	at org.gradle.internal.concurrent.AbstractManagedExecutor$1.run(AbstractManagedExecutor.java:47)
Caused by: org.gradle.api.resources.ResourceException: Could not get resource 'https://repo.maven.apache.org/maven2/org/jetbrains/kotlin/jvm/org.jetbrains.kotlin.jvm.gradle.plugin/2.4.10/org.jetbrains.kotlin.jvm.gradle.plugin-2.4.10.jar'.
	at org.gradle.internal.resource.ResourceExceptions.failure(ResourceExceptions.java:74)
	at org.gradle.internal.resource.ResourceExceptions.getFailed(ResourceExceptions.java:57)
	at org.gradle.api.internal.artifacts.repositories.resolver.DefaultExternalResourceArtifactResolver.staticResourceExists(DefaultExternalResourceArtifactResolver.java:83)
	at org.gradle.api.internal.artifacts.repositories.resolver.DefaultExternalResourceArtifactResolver.artifactExists(DefaultExternalResourceArtifactResolver.java:67)
	at org.gradle.api.internal.artifacts.repositories.resolver.ExternalResourceResolver$RemoteRepositoryAccess.resolveArtifact(ExternalResourceResolver.java:472)
	at org.gradle.api.internal.artifacts.ivyservice.ivyresolve.CachingModuleComponentRepository$ResolveAndCacheRepositoryAccess.resolveArtifact(CachingModuleComponentRepository.java:470)
	at org.gradle.api.internal.artifacts.ivyservice.ivyresolve.ErrorHandlingModuleComponentRepository$ErrorHandlingModuleComponentRepositoryAccess.lambda$resolveArtifact$12(ErrorHandlingModuleComponentRepository.java:180)
	at org.gradle.api.internal.artifacts.ivyservice.ivyresolve.ErrorHandlingModuleComponentRepository$ErrorHandlingModuleComponentRepositoryAccess.tryResolveAndMaybeDisable(ErrorHandlingModuleComponentRepository.java:251)
	... 213 more
Caused by: org.gradle.internal.resource.transport.http.HttpErrorStatusCodeException: Could not HEAD 'https://repo.maven.apache.org/maven2/org/jetbrains/kotlin/jvm/org.jetbrains.kotlin.jvm.gradle.plugin/2.4.10/org.jetbrains.kotlin.jvm.gradle.plugin-2.4.10.jar'. Received status code 429 from server: Too Many Requests
	at org.gradle.internal.resource.transport.http.ApacheCommonsHttpClient.processResponse(ApacheCommonsHttpClient.java:310)
	at org.gradle.internal.resource.transport.http.ApacheCommonsHttpClient.performHead(ApacheCommonsHttpClient.java:114)
	at org.gradle.internal.resource.transport.http.HttpResourceAccessor.getMetaData(HttpResourceAccessor.java:58)
	at org.gradle.internal.resource.transfer.DefaultExternalResourceConnector.getMetaData(DefaultExternalResourceConnector.java:66)
	at org.gradle.internal.resource.transfer.ProgressLoggingExternalResourceAccessor$MetadataOperation.call(ProgressLoggingExternalResourceAccessor.java:173)
	at org.gradle.internal.resource.transfer.ProgressLoggingExternalResourceAccessor$MetadataOperation.call(ProgressLoggingExternalResourceAccessor.java:161)
	at org.gradle.internal.operations.DefaultBuildOperationRunner$CallableBuildOperationWorker.execute(DefaultBuildOperationRunner.java:210)
	at org.gradle.internal.operations.DefaultBuildOperationRunner$CallableBuildOperationWorker.execute(DefaultBuildOperationRunner.java:205)
	at org.gradle.internal.operations.DefaultBuildOperationRunner$2.execute(DefaultBuildOperationRunner.java:67)
	at org.gradle.internal.operations.DefaultBuildOperationRunner$2.execute(DefaultBuildOperationRunner.java:60)
	at org.gradle.internal.operations.DefaultBuildOperationRunner.execute(DefaultBuildOperationRunner.java:167)
	at org.gradle.internal.operations.DefaultBuildOperationRunner.execute(DefaultBuildOperationRunner.java:60)
	at org.gradle.internal.operations.DefaultBuildOperationRunner.call(DefaultBuildOperationRunner.java:54)
	at org.gradle.internal.resource.transfer.ProgressLoggingExternalResourceAccessor.getMetaData(ProgressLoggingExternalResourceAccessor.java:55)
	at org.gradle.internal.resource.transfer.AccessorBackedExternalResource.getMetaData(AccessorBackedExternalResource.java:156)
	at org.gradle.api.internal.artifacts.repositories.resolver.DefaultExternalResourceArtifactResolver.staticResourceExists(DefaultExternalResourceArtifactResolver.java:79)
	... 218 more

==============================================================================

8: Task failed with an exception.
-----------
* What went wrong:
Execution failed for task ':app:checkReleaseDuplicateClasses'.
> Could not resolve all files for configuration ':app:releaseRuntimeClasspath'.
   > Could not resolve com.tom-roush:pdfbox-android:2.0.27.0.
     Required by:
         project ':app'
      > Repository MavenRepo is disabled due to earlier error below:
         > Could not download org.jetbrains.kotlin.jvm.gradle.plugin-2.4.10.jar (org.jetbrains.kotlin.jvm:org.jetbrains.kotlin.jvm.gradle.plugin:2.4.10)
            > Could not get resource 'https://repo.maven.apache.org/maven2/org/jetbrains/kotlin/jvm/org.jetbrains.kotlin.jvm.gradle.plugin/2.4.10/org.jetbrains.kotlin.jvm.gradle.plugin-2.4.10.jar'.
               > Could not HEAD 'https://repo.maven.apache.org/maven2/org/jetbrains/kotlin/jvm/org.jetbrains.kotlin.jvm.gradle.plugin/2.4.10/org.jetbrains.kotlin.jvm.gradle.plugin-2.4.10.jar'. Received status code 429 from server: Too Many Requests

* Try:
> Run with --info or --debug option to get more log output.
> Run with --scan to get full insights from a Build Scan (powered by Develocity).
> Get more help at https://help.gradle.org.

* Exception is:
org.gradle.api.tasks.TaskExecutionException: Execution failed for task ':app:checkReleaseDuplicateClasses'.
	at org.gradle.api.internal.tasks.execution.CatchExceptionTaskExecuter.execute(CatchExceptionTaskExecuter.java:38)
	at org.gradle.api.internal.tasks.execution.EventFiringTaskExecuter$1.executeTask(EventFiringTaskExecuter.java:77)
	at org.gradle.api.internal.tasks.execution.EventFiringTaskExecuter$1.call(EventFiringTaskExecuter.java:55)
	at org.gradle.api.internal.tasks.execution.EventFiringTaskExecuter$1.call(EventFiringTaskExecuter.java:52)
	at org.gradle.internal.operations.DefaultBuildOperationRunner$CallableBuildOperationWorker.execute(DefaultBuildOperationRunner.java:210)
	at org.gradle.internal.operations.DefaultBuildOperationRunner$CallableBuildOperationWorker.execute(DefaultBuildOperationRunner.java:205)
	at org.gradle.internal.operations.DefaultBuildOperationRunner$2.execute(DefaultBuildOperationRunner.java:67)
	at org.gradle.internal.operations.DefaultBuildOperationRunner$2.execute(DefaultBuildOperationRunner.java:60)
	at org.gradle.internal.operations.DefaultBuildOperationRunner.execute(DefaultBuildOperationRunner.java:167)
	at org.gradle.internal.operations.DefaultBuildOperationRunner.execute(DefaultBuildOperationRunner.java:60)
	at org.gradle.internal.operations.DefaultBuildOperationRunner.call(DefaultBuildOperationRunner.java:54)
	at org.gradle.api.internal.tasks.execution.EventFiringTaskExecuter.execute(EventFiringTaskExecuter.java:52)
	at org.gradle.execution.plan.DefaultNodeExecutor.executeLocalTaskNode(DefaultNodeExecutor.java:55)
	at org.gradle.execution.plan.DefaultNodeExecutor.execute(DefaultNodeExecutor.java:34)
	at org.gradle.execution.taskgraph.DefaultTaskExecutionGraph$InvokeNodeExecutorsAction.execute(DefaultTaskExecutionGraph.java:355)
	at org.gradle.execution.taskgraph.DefaultTaskExecutionGraph$InvokeNodeExecutorsAction.execute(DefaultTaskExecutionGraph.java:343)
	at org.gradle.execution.taskgraph.DefaultTaskExecutionGraph$BuildOperationAwareExecutionAction.lambda$execute$0(DefaultTaskExecutionGraph.java:339)
	at org.gradle.internal.operations.CurrentBuildOperationRef.with(CurrentBuildOperationRef.java:84)
	at org.gradle.execution.taskgraph.DefaultTaskExecutionGraph$BuildOperationAwareExecutionAction.execute(DefaultTaskExecutionGraph.java:339)
	at org.gradle.execution.taskgraph.DefaultTaskExecutionGraph$BuildOperationAwareExecutionAction.execute(DefaultTaskExecutionGraph.java:328)
	at org.gradle.execution.plan.DefaultPlanExecutor$ExecutorWorker.execute(DefaultPlanExecutor.java:459)
	at org.gradle.execution.plan.DefaultPlanExecutor$ExecutorWorker.run(DefaultPlanExecutor.java:376)
	at org.gradle.internal.concurrent.ExecutorPolicy$CatchAndRecordFailures.onExecute(ExecutorPolicy.java:64)
	at org.gradle.internal.concurrent.AbstractManagedExecutor$1.run(AbstractManagedExecutor.java:47)
	at java.base/java.util.concurrent.ThreadPoolExecutor.runWorker(ThreadPoolExecutor.java:1144)
	at java.base/java.util.concurrent.ThreadPoolExecutor$Worker.run(ThreadPoolExecutor.java:642)
	at java.base/java.lang.Thread.run(Thread.java:1583)
Caused by: org.gradle.api.internal.artifacts.ivyservice.TypedResolveException: Could not resolve all files for configuration ':app:releaseRuntimeClasspath'.
	at org.gradle.api.internal.artifacts.ResolveExceptionMapper.mapFailure(ResolveExceptionMapper.java:73)
	at org.gradle.api.internal.artifacts.ResolveExceptionMapper.mapFailures(ResolveExceptionMapper.java:65)
	at org.gradle.api.internal.artifacts.configurations.DefaultConfiguration$DefaultResolutionHost.consolidateFailures(DefaultConfiguration.java:1789)
	at org.gradle.api.internal.artifacts.configurations.ResolutionHost.rethrowFailuresAndReportProblems(ResolutionHost.java:75)
	at org.gradle.api.internal.artifacts.configurations.ResolutionBackedFileCollection.maybeThrowResolutionFailures(ResolutionBackedFileCollection.java:86)
	at org.gradle.api.internal.artifacts.configurations.ResolutionBackedFileCollection.visitContents(ResolutionBackedFileCollection.java:76)
	at org.gradle.api.internal.file.AbstractFileCollection.visitStructure(AbstractFileCollection.java:361)
	at org.gradle.api.internal.file.CompositeFileCollection.lambda$visitContents$0(CompositeFileCollection.java:112)
	at org.gradle.api.internal.file.collections.UnpackingVisitor.add(UnpackingVisitor.java:66)
	at org.gradle.api.internal.file.collections.UnpackingVisitor.add(UnpackingVisitor.java:91)
	at org.gradle.api.internal.file.DefaultFileCollectionFactory$ResolvingFileCollection.visitChildren(DefaultFileCollectionFactory.java:311)
	at org.gradle.api.internal.file.CompositeFileCollection.visitContents(CompositeFileCollection.java:112)
	at org.gradle.api.internal.file.AbstractFileCollection.visitStructure(AbstractFileCollection.java:361)
	at org.gradle.api.internal.file.CompositeFileCollection.lambda$visitContents$0(CompositeFileCollection.java:112)
	at org.gradle.api.internal.tasks.PropertyFileCollection.visitChildren(PropertyFileCollection.java:48)
	at org.gradle.api.internal.file.CompositeFileCollection.visitContents(CompositeFileCollection.java:112)
	at org.gradle.api.internal.file.AbstractFileCollection.visitStructure(AbstractFileCollection.java:361)
	at org.gradle.internal.fingerprint.impl.DefaultFileCollectionSnapshotter.snapshot(DefaultFileCollectionSnapshotter.java:48)
	at org.gradle.internal.execution.impl.DefaultInputFingerprinter$InputCollectingVisitor.visitInputFileProperty(DefaultInputFingerprinter.java:151)
	at org.gradle.api.internal.tasks.execution.TaskExecution.visitMutableInputs(TaskExecution.java:345)
	at org.gradle.internal.execution.impl.DefaultInputFingerprinter.fingerprintInputProperties(DefaultInputFingerprinter.java:77)
	at org.gradle.internal.execution.steps.CaptureMutableStateBeforeExecutionStep.captureExecutionStateWithOutputs(CaptureMutableStateBeforeExecutionStep.java:124)
	at org.gradle.internal.execution.steps.CaptureMutableStateBeforeExecutionStep.lambda$captureExecutionState$0(CaptureMutableStateBeforeExecutionStep.java:94)
	at org.gradle.internal.execution.steps.BuildOperationStep$1.call(BuildOperationStep.java:38)
	at org.gradle.internal.operations.DefaultBuildOperationRunner$CallableBuildOperationWorker.execute(DefaultBuildOperationRunner.java:210)
	at org.gradle.internal.operations.DefaultBuildOperationRunner$CallableBuildOperationWorker.execute(DefaultBuildOperationRunner.java:205)
	at org.gradle.internal.operations.DefaultBuildOperationRunner$2.execute(DefaultBuildOperationRunner.java:67)
	at org.gradle.internal.operations.DefaultBuildOperationRunner$2.execute(DefaultBuildOperationRunner.java:60)
	at org.gradle.internal.operations.DefaultBuildOperationRunner.execute(DefaultBuildOperationRunner.java:167)
	at org.gradle.internal.operations.DefaultBuildOperationRunner.execute(DefaultBuildOperationRunner.java:60)
	at org.gradle.internal.operations.DefaultBuildOperationRunner.call(DefaultBuildOperationRunner.java:54)
	at org.gradle.internal.execution.steps.BuildOperationStep.operation(BuildOperationStep.java:35)
	at org.gradle.internal.execution.steps.CaptureMutableStateBeforeExecutionStep.captureExecutionState(CaptureMutableStateBeforeExecutionStep.java:92)
	at org.gradle.internal.execution.steps.CaptureMutableStateBeforeExecutionStep.executeMutable(CaptureMutableStateBeforeExecutionStep.java:73)
	at org.gradle.internal.execution.steps.CaptureMutableStateBeforeExecutionStep.execute(CaptureMutableStateBeforeExecutionStep.java:65)
	at org.gradle.internal.execution.steps.CaptureMutableStateBeforeExecutionStep.execute(CaptureMutableStateBeforeExecutionStep.java:45)
	at org.gradle.internal.execution.steps.SkipEmptyMutableWorkStep.executeWithNonEmptySources(SkipEmptyMutableWorkStep.java:210)
	at org.gradle.internal.execution.steps.SkipEmptyMutableWorkStep.executeMutable(SkipEmptyMutableWorkStep.java:85)
	at org.gradle.internal.execution.steps.SkipEmptyMutableWorkStep.executeMutable(SkipEmptyMutableWorkStep.java:53)
	at org.gradle.internal.execution.steps.MutableStep.execute(MutableStep.java:26)
	at org.gradle.internal.execution.steps.legacy.MarkSnapshottingInputsStartedStep.execute(MarkSnapshottingInputsStartedStep.java:38)
	at org.gradle.internal.execution.steps.LoadPreviousExecutionStateStep.executeMutable(LoadPreviousExecutionStateStep.java:36)
	at org.gradle.internal.execution.steps.LoadPreviousExecutionStateStep.executeMutable(LoadPreviousExecutionStateStep.java:23)
	at org.gradle.internal.execution.steps.MutableStep.execute(MutableStep.java:26)
	at org.gradle.internal.execution.steps.HandleStaleOutputsStep.executeMutable(HandleStaleOutputsStep.java:77)
	at org.gradle.internal.execution.steps.HandleStaleOutputsStep.executeMutable(HandleStaleOutputsStep.java:43)
	at org.gradle.internal.execution.steps.MutableStep.execute(MutableStep.java:26)
	at org.gradle.internal.execution.steps.AssignMutableWorkspaceStep.lambda$executeMutable$0(AssignMutableWorkspaceStep.java:34)
	at org.gradle.api.internal.tasks.execution.TaskExecution$4.withWorkspace(TaskExecution.java:305)
	at org.gradle.internal.execution.steps.AssignMutableWorkspaceStep.executeMutable(AssignMutableWorkspaceStep.java:30)
	at org.gradle.internal.execution.steps.AssignMutableWorkspaceStep.executeMutable(AssignMutableWorkspaceStep.java:21)
	at org.gradle.internal.execution.steps.MutableStep.execute(MutableStep.java:26)
	at org.gradle.internal.execution.steps.ChoosePipelineStep.execute(ChoosePipelineStep.java:40)
	at org.gradle.internal.execution.steps.ChoosePipelineStep.execute(ChoosePipelineStep.java:23)
	at org.gradle.internal.execution.steps.ExecuteWorkBuildOperationFiringStep.lambda$execute$2(ExecuteWorkBuildOperationFiringStep.java:67)
	at java.base/java.util.Optional.orElseGet(Optional.java:364)
	at org.gradle.internal.execution.steps.ExecuteWorkBuildOperationFiringStep.execute(ExecuteWorkBuildOperationFiringStep.java:67)
	at org.gradle.internal.execution.steps.ExecuteWorkBuildOperationFiringStep.execute(ExecuteWorkBuildOperationFiringStep.java:39)
	at org.gradle.internal.execution.steps.IdentityCacheStep.execute(IdentityCacheStep.java:46)
	at org.gradle.internal.execution.steps.IdentityCacheStep.execute(IdentityCacheStep.java:34)
	at org.gradle.internal.execution.steps.IdentifyStep.execute(IdentifyStep.java:56)
	at org.gradle.internal.execution.steps.IdentifyStep.execute(IdentifyStep.java:38)
	at org.gradle.internal.execution.impl.DefaultExecutionEngine$1.execute(DefaultExecutionEngine.java:68)
	at org.gradle.api.internal.tasks.execution.ExecuteActionsTaskExecuter.executeIfValid(ExecuteActionsTaskExecuter.java:132)
	at org.gradle.api.internal.tasks.execution.ExecuteActionsTaskExecuter.execute(ExecuteActionsTaskExecuter.java:121)
	at org.gradle.api.internal.tasks.execution.ProblemsTaskPathTrackingTaskExecuter.execute(ProblemsTaskPathTrackingTaskExecuter.java:41)
	at org.gradle.api.internal.tasks.execution.ResolveTaskExecutionModeExecuter.execute(ResolveTaskExecutionModeExecuter.java:51)
	at org.gradle.api.internal.tasks.execution.FinalizePropertiesTaskExecuter.execute(FinalizePropertiesTaskExecuter.java:46)
	at org.gradle.api.internal.tasks.execution.SkipTaskWithNoActionsExecuter.execute(SkipTaskWithNoActionsExecuter.java:57)
	at org.gradle.api.internal.tasks.execution.SkipOnlyIfTaskExecuter.execute(SkipOnlyIfTaskExecuter.java:74)
	at org.gradle.api.internal.tasks.execution.CatchExceptionTaskExecuter.execute(CatchExceptionTaskExecuter.java:36)
	... 26 more
Caused by: org.gradle.internal.resolve.ModuleVersionResolveException: Could not resolve com.tom-roush:pdfbox-android:2.0.27.0.
Required by:
    project ':app'
Caused by: org.gradle.internal.resolve.ModuleVersionResolveException: Repository MavenRepo is disabled due to earlier error below:
Caused by: org.gradle.internal.resolve.ArtifactResolveException: Could not download org.jetbrains.kotlin.jvm.gradle.plugin-2.4.10.jar (org.jetbrains.kotlin.jvm:org.jetbrains.kotlin.jvm.gradle.plugin:2.4.10)
	at org.gradle.api.internal.artifacts.ivyservice.ivyresolve.ErrorHandlingModuleComponentRepository$ErrorHandlingModuleComponentRepositoryAccess.lambda$resolveArtifact$14(ErrorHandlingModuleComponentRepository.java:190)
	at org.gradle.api.internal.artifacts.ivyservice.ivyresolve.ErrorHandlingModuleComponentRepository$ErrorHandlingModuleComponentRepositoryAccess.tryResolveAndMaybeDisable(ErrorHandlingModuleComponentRepository.java:260)
	at org.gradle.api.internal.artifacts.ivyservice.ivyresolve.ErrorHandlingModuleComponentRepository$ErrorHandlingModuleComponentRepositoryAccess.performOperationWithRetries(ErrorHandlingModuleComponentRepository.java:204)
	at org.gradle.api.internal.artifacts.ivyservice.ivyresolve.ErrorHandlingModuleComponentRepository$ErrorHandlingModuleComponentRepositoryAccess.resolveArtifact(ErrorHandlingModuleComponentRepository.java:178)
	at org.gradle.api.internal.artifacts.ivyservice.ivyresolve.RepositoryChainArtifactResolver.resolveArtifactLater(RepositoryChainArtifactResolver.java:75)
	at org.gradle.api.internal.artifacts.ivyservice.ivyresolve.RepositoryChainArtifactResolver.lambda$resolveArtifact$0(RepositoryChainArtifactResolver.java:63)
	at org.gradle.internal.model.CalculatedValueContainerFactory$SupplierBackedCalculator.calculateValue(CalculatedValueContainerFactory.java:69)
	at org.gradle.internal.model.CalculatedValueContainer$CalculationState.lambda$attachValue$0(CalculatedValueContainer.java:227)
	at org.gradle.internal.Try.ofFailable(Try.java:46)
	at org.gradle.internal.model.CalculatedValueContainer$CalculationState.attachValue(CalculatedValueContainer.java:222)
	at org.gradle.internal.model.CalculatedValueContainer.finalizeIfNotAlready(CalculatedValueContainer.java:195)
	at org.gradle.internal.model.CalculatedValueContainer.finalizeIfNotAlready(CalculatedValueContainer.java:186)
	at org.gradle.api.internal.artifacts.DefaultResolvableArtifact.getFile(DefaultResolvableArtifact.java:140)
	at org.gradle.internal.resolve.resolver.DefaultComponentArtifactResolver.resolveArtifacts(DefaultComponentArtifactResolver.java:50)
	at org.gradle.api.internal.artifacts.ivyservice.resolveengine.artifact.ArtifactBackedResolvedVariant.getArtifacts(ArtifactBackedResolvedVariant.java:80)
	at org.gradle.api.internal.artifacts.transform.AttributeMatchingArtifactVariantSelector.doSelect(AttributeMatchingArtifactVariantSelector.java:88)
	at org.gradle.api.internal.artifacts.transform.AttributeMatchingArtifactVariantSelector.select(AttributeMatchingArtifactVariantSelector.java:70)
	at org.gradle.api.internal.artifacts.ivyservice.resolveengine.artifact.VariantResolvingArtifactSet.select(VariantResolvingArtifactSet.java:110)
	at org.gradle.api.internal.artifacts.ivyservice.resolveengine.artifact.DefaultVisitedArtifactResults.select(DefaultVisitedArtifactResults.java:43)
	at org.gradle.api.internal.artifacts.ivyservice.resolveengine.artifact.DefaultVisitedArtifactSet.select(DefaultVisitedArtifactSet.java:97)
	at org.gradle.api.internal.artifacts.resolver.DefaultResolutionOutputs$DefaultArtifactView.selectArtifacts(DefaultResolutionOutputs.java:204)
	at org.gradle.api.internal.artifacts.configurations.ResolutionResultProvider$1.getValue(ResolutionResultProvider.java:54)
	at org.gradle.api.internal.artifacts.configurations.ResolutionResultProviderBackedSelectedArtifactSet.visitArtifacts(ResolutionResultProviderBackedSelectedArtifactSet.java:50)
	at org.gradle.api.internal.artifacts.configurations.DefaultArtifactCollection.lambda$new$0(DefaultArtifactCollection.java:61)
	at org.gradle.internal.model.CalculatedValueContainerFactory$SupplierBackedCalculator.calculateValue(CalculatedValueContainerFactory.java:69)
	at org.gradle.internal.model.CalculatedValueContainer$CalculationState.lambda$attachValue$0(CalculatedValueContainer.java:227)
	at org.gradle.internal.Try.ofFailable(Try.java:46)
	at org.gradle.internal.model.CalculatedValueContainer$CalculationState.attachValue(CalculatedValueContainer.java:222)
	at org.gradle.internal.model.CalculatedValueContainer.finalizeIfNotAlready(CalculatedValueContainer.java:195)
	at org.gradle.internal.model.CalculatedValueContainer.finalizeIfNotAlready(CalculatedValueContainer.java:186)
	at org.gradle.api.internal.artifacts.configurations.DefaultArtifactCollection.ensureResolved(DefaultArtifactCollection.java:123)
	at org.gradle.api.internal.artifacts.configurations.DefaultArtifactCollection.getFailures(DefaultArtifactCollection.java:112)
	at org.gradle.plugin.use.resolve.internal.ArtifactRepositoriesPluginResolver.exists(ArtifactRepositoriesPluginResolver.java:186)
	at org.gradle.plugin.use.resolve.internal.ArtifactRepositoriesPluginResolver.resolve(ArtifactRepositoriesPluginResolver.java:65)
	at org.gradle.plugin.use.resolve.internal.CompositePluginResolver.resolve(CompositePluginResolver.java:36)
	at org.gradle.plugin.use.resolve.internal.AlreadyOnClasspathPluginResolver.resolve(AlreadyOnClasspathPluginResolver.java:64)
	at org.gradle.plugin.use.internal.DefaultPluginRequestApplicator.resolvePluginRequest(DefaultPluginRequestApplicator.java:190)
	at org.gradle.plugin.use.internal.DefaultPluginRequestApplicator.applyPlugins(DefaultPluginRequestApplicator.java:102)
	at org.gradle.kotlin.dsl.provider.PluginRequestsHandler.handle(PluginRequestsHandler.kt:45)
	at org.gradle.kotlin.dsl.provider.StandardKotlinScriptEvaluator$InterpreterHost.applyPluginsTo(KotlinScriptEvaluator.kt:246)
	at org.gradle.kotlin.dsl.execution.Interpreter$ProgramHost.applyPluginsTo(Interpreter.kt:395)
	at Program.execute(Unknown Source)
	at org.gradle.kotlin.dsl.execution.Interpreter$ProgramHost.eval(Interpreter.kt:526)
	at org.gradle.kotlin.dsl.execution.Interpreter.eval(Interpreter.kt:219)
	at org.gradle.kotlin.dsl.provider.StandardKotlinScriptEvaluator.evaluate(KotlinScriptEvaluator.kt:135)
	at org.gradle.kotlin.dsl.provider.KotlinScriptPluginFactory.create$lambda$0(KotlinScriptPluginFactory.kt:61)
	at org.gradle.kotlin.dsl.provider.KotlinScriptPlugin.apply(KotlinScriptPlugin.kt:35)
	at org.gradle.configuration.BuildOperationScriptPlugin$1.run(BuildOperationScriptPlugin.java:68)
	at org.gradle.internal.operations.DefaultBuildOperationRunner$1.execute(DefaultBuildOperationRunner.java:30)
	at org.gradle.internal.operations.DefaultBuildOperationRunner$1.execute(DefaultBuildOperationRunner.java:27)
	at org.gradle.internal.operations.DefaultBuildOperationRunner$2.execute(DefaultBuildOperationRunner.java:67)
	at org.gradle.internal.operations.DefaultBuildOperationRunner$2.execute(DefaultBuildOperationRunner.java:60)
	at org.gradle.internal.operations.DefaultBuildOperationRunner.execute(DefaultBuildOperationRunner.java:167)
	at org.gradle.internal.operations.DefaultBuildOperationRunner.execute(DefaultBuildOperationRunner.java:60)
	at org.gradle.internal.operations.DefaultBuildOperationRunner.run(DefaultBuildOperationRunner.java:48)
	at org.gradle.configuration.BuildOperationScriptPlugin.lambda$apply$0(BuildOperationScriptPlugin.java:65)
	at org.gradle.internal.code.DefaultUserCodeApplicationContext.apply(DefaultUserCodeApplicationContext.java:44)
	at org.gradle.configuration.BuildOperationScriptPlugin.apply(BuildOperationScriptPlugin.java:65)
	at org.gradle.api.internal.project.DefaultProjectStateRegistry$ProjectStateImpl.lambda$applyToMutableState$0(DefaultProjectStateRegistry.java:443)
	at org.gradle.api.internal.project.DefaultProjectStateRegistry$ProjectStateImpl.lambda$fromMutableState$1(DefaultProjectStateRegistry.java:450)
	at org.gradle.api.internal.project.DefaultProjectStateRegistry$ProjectStateImpl.runWithModelLock(DefaultProjectStateRegistry.java:466)
	at org.gradle.api.internal.project.DefaultProjectStateRegistry$ProjectStateImpl.fromMutableState(DefaultProjectStateRegistry.java:450)
	at org.gradle.api.internal.project.DefaultProjectStateRegistry$ProjectStateImpl.applyToMutableState(DefaultProjectStateRegistry.java:442)
	at org.gradle.configuration.project.BuildScriptProcessor.execute(BuildScriptProcessor.java:46)
	at org.gradle.configuration.project.BuildScriptProcessor.execute(BuildScriptProcessor.java:27)
	at org.gradle.configuration.project.ConfigureActionsProjectEvaluator.evaluate(ConfigureActionsProjectEvaluator.java:35)
	at org.gradle.configuration.project.LifecycleProjectEvaluator$EvaluateProject.lambda$run$0(LifecycleProjectEvaluator.java:109)
	at org.gradle.api.internal.project.DefaultProjectStateRegistry$ProjectStateImpl.lambda$applyToMutableState$0(DefaultProjectStateRegistry.java:443)
	at org.gradle.api.internal.project.DefaultProjectStateRegistry$ProjectStateImpl.lambda$fromMutableState$1(DefaultProjectStateRegistry.java:450)
	at org.gradle.internal.work.DefaultWorkerLeaseService.lambda$withLocksAcquired$0(DefaultWorkerLeaseService.java:275)
	at org.gradle.internal.work.ResourceLockStatistics$1.measure(ResourceLockStatistics.java:43)
	at org.gradle.internal.work.DefaultWorkerLeaseService.withLocksAcquired(DefaultWorkerLeaseService.java:273)
	at org.gradle.internal.work.DefaultWorkerLeaseService.lambda$withReplacedLocks$3(DefaultWorkerLeaseService.java:371)
	at org.gradle.internal.work.DefaultWorkerLeaseService.withoutLocks(DefaultWorkerLeaseService.java:343)
	at org.gradle.internal.work.DefaultWorkerLeaseService.withReplacedLocks(DefaultWorkerLeaseService.java:370)
	at org.gradle.api.internal.project.DefaultProjectStateRegistry$ProjectStateImpl.runWithModelLock(DefaultProjectStateRegistry.java:471)
	at org.gradle.api.internal.project.DefaultProjectStateRegistry$ProjectStateImpl.fromMutableState(DefaultProjectStateRegistry.java:450)
	at org.gradle.api.internal.project.DefaultProjectStateRegistry$ProjectStateImpl.applyToMutableState(DefaultProjectStateRegistry.java:442)
	at org.gradle.configuration.project.LifecycleProjectEvaluator$EvaluateProject.run(LifecycleProjectEvaluator.java:100)
	at org.gradle.internal.operations.DefaultBuildOperationRunner$1.execute(DefaultBuildOperationRunner.java:30)
	at org.gradle.internal.operations.DefaultBuildOperationRunner$1.execute(DefaultBuildOperationRunner.java:27)
	at org.gradle.internal.operations.DefaultBuildOperationRunner$2.execute(DefaultBuildOperationRunner.java:67)
	at org.gradle.internal.operations.DefaultBuildOperationRunner$2.execute(DefaultBuildOperationRunner.java:60)
	at org.gradle.internal.operations.DefaultBuildOperationRunner.execute(DefaultBuildOperationRunner.java:167)
	at org.gradle.internal.operations.DefaultBuildOperationRunner.execute(DefaultBuildOperationRunner.java:60)
	at org.gradle.internal.operations.DefaultBuildOperationRunner.run(DefaultBuildOperationRunner.java:48)
	at org.gradle.configuration.project.LifecycleProjectEvaluator.evaluate(LifecycleProjectEvaluator.java:72)
	at org.gradle.api.internal.project.DefaultProject.evaluateUnchecked(DefaultProject.java:796)
	at org.gradle.api.internal.project.ProjectLifecycleController.lambda$ensureSelfConfigured$2(ProjectLifecycleController.java:93)
	at org.gradle.internal.model.StateTransitionController.lambda$doTransition$15(StateTransitionController.java:293)
	at org.gradle.internal.model.StateTransitionController.doTransition(StateTransitionController.java:304)
	at org.gradle.internal.model.StateTransitionController.doTransition(StateTransitionController.java:292)
	at org.gradle.internal.model.StateTransitionController.lambda$maybeTransitionIfNotCurrentlyTransitioning$11(StateTransitionController.java:237)
	at org.gradle.internal.work.DefaultSynchronizer.withLock(DefaultSynchronizer.java:35)
	at org.gradle.internal.model.StateTransitionController.maybeTransitionIfNotCurrentlyTransitioning(StateTransitionController.java:233)
	at org.gradle.api.internal.project.ProjectLifecycleController.ensureSelfConfigured(ProjectLifecycleController.java:93)
	at org.gradle.api.internal.project.DefaultProjectStateRegistry$ProjectStateImpl.ensureConfigured(DefaultProjectStateRegistry.java:408)
	at org.gradle.execution.TaskPathProjectEvaluator.configure(TaskPathProjectEvaluator.java:71)
	at org.gradle.execution.TaskPathProjectEvaluator.configureHierarchy(TaskPathProjectEvaluator.java:85)
	at org.gradle.configuration.DefaultProjectsPreparer.prepareProjects(DefaultProjectsPreparer.java:50)
	at org.gradle.configuration.BuildTreePreparingProjectsPreparer.prepareProjects(BuildTreePreparingProjectsPreparer.java:65)
	at org.gradle.configuration.BuildOperationFiringProjectsPreparer$ConfigureBuild.run(BuildOperationFiringProjectsPreparer.java:52)
	at org.gradle.internal.operations.DefaultBuildOperationRunner$1.execute(DefaultBuildOperationRunner.java:30)
	at org.gradle.internal.operations.DefaultBuildOperationRunner$1.execute(DefaultBuildOperationRunner.java:27)
	at org.gradle.internal.operations.DefaultBuildOperationRunner$2.execute(DefaultBuildOperationRunner.java:67)
	at org.gradle.internal.operations.DefaultBuildOperationRunner$2.execute(DefaultBuildOperationRunner.java:60)
	at org.gradle.internal.operations.DefaultBuildOperationRunner.execute(DefaultBuildOperationRunner.java:167)
	at org.gradle.internal.operations.DefaultBuildOperationRunner.execute(DefaultBuildOperationRunner.java:60)
	at org.gradle.internal.operations.DefaultBuildOperationRunner.run(DefaultBuildOperationRunner.java:48)
	at org.gradle.configuration.BuildOperationFiringProjectsPreparer.prepareProjects(BuildOperationFiringProjectsPreparer.java:40)
	at org.gradle.initialization.VintageBuildModelController.lambda$prepareProjects$2(VintageBuildModelController.java:83)
	at org.gradle.internal.model.StateTransitionController.lambda$doTransition$15(StateTransitionController.java:293)
	at org.gradle.internal.model.StateTransitionController.doTransition(StateTransitionController.java:304)
	at org.gradle.internal.model.StateTransitionController.doTransition(StateTransitionController.java:292)
	at org.gradle.internal.model.StateTransitionController.lambda$transitionIfNotPreviously$12(StateTransitionController.java:251)
	at org.gradle.internal.work.DefaultSynchronizer.withLock(DefaultSynchronizer.java:35)
	at org.gradle.internal.model.StateTransitionController.transitionIfNotPreviously(StateTransitionController.java:247)
	at org.gradle.initialization.VintageBuildModelController.prepareProjects(VintageBuildModelController.java:83)
	at org.gradle.initialization.VintageBuildModelController.prepareToScheduleTasks(VintageBuildModelController.java:70)
	at org.gradle.internal.build.DefaultBuildLifecycleController.lambda$prepareToScheduleTasks$7(DefaultBuildLifecycleController.java:185)
	at org.gradle.internal.model.StateTransitionController.lambda$doTransition$15(StateTransitionController.java:293)
	at org.gradle.internal.model.StateTransitionController.doTransition(StateTransitionController.java:304)
	at org.gradle.internal.model.StateTransitionController.doTransition(StateTransitionController.java:292)
	at org.gradle.internal.model.StateTransitionController.lambda$maybeTransition$10(StateTransitionController.java:228)
	at org.gradle.internal.work.DefaultSynchronizer.withLock(DefaultSynchronizer.java:35)
	at org.gradle.internal.model.StateTransitionController.maybeTransition(StateTransitionController.java:224)
	at org.gradle.internal.build.DefaultBuildLifecycleController.prepareToScheduleTasks(DefaultBuildLifecycleController.java:183)
	at org.gradle.internal.buildtree.DefaultBuildTreeWorkPreparer.scheduleRequestedTasks(DefaultBuildTreeWorkPreparer.java:35)
	at org.gradle.internal.cc.impl.barrier.BarrierAwareBuildTreeWorkPreparer.scheduleRequestedTasks$lambda$0(BarrierAwareBuildTreeWorkPreparer.kt:34)
	at org.gradle.internal.cc.impl.barrier.VintageConfigurationTimeActionRunner.runConfigurationTimeAction(VintageConfigurationTimeActionRunner.kt:48)
	at org.gradle.internal.cc.impl.barrier.BarrierAwareBuildTreeWorkPreparer.scheduleRequestedTasks(BarrierAwareBuildTreeWorkPreparer.kt:33)
	at org.gradle.internal.cc.impl.VintageBuildTreeWorkController$scheduleAndRunRequestedTasks$1$finalizedGraph$1.call(VintageBuildTreeWorkController.kt:37)
	at org.gradle.internal.cc.impl.VintageBuildTreeWorkController$scheduleAndRunRequestedTasks$1$finalizedGraph$1.call(VintageBuildTreeWorkController.kt:37)
	at org.gradle.internal.Try.ofFailable(Try.java:46)
	at org.gradle.internal.cc.impl.VintageBuildTreeWorkController$scheduleAndRunRequestedTasks$1.apply(VintageBuildTreeWorkController.kt:37)
	at org.gradle.internal.cc.impl.VintageBuildTreeWorkController$scheduleAndRunRequestedTasks$1.apply(VintageBuildTreeWorkController.kt:36)
	at org.gradle.composite.internal.DefaultIncludedBuildTaskGraph.withNewWorkGraph(DefaultIncludedBuildTaskGraph.java:115)
	at org.gradle.internal.cc.impl.VintageBuildTreeWorkController.scheduleAndRunRequestedTasks(VintageBuildTreeWorkController.kt:36)
	at org.gradle.internal.buildtree.DefaultBuildTreeLifecycleController.lambda$scheduleAndRunTasks$1(DefaultBuildTreeLifecycleController.java:84)
	at org.gradle.internal.buildtree.DefaultBuildTreeLifecycleController.lambda$runBuild$5(DefaultBuildTreeLifecycleController.java:142)
	at org.gradle.internal.model.StateTransitionController.lambda$transition$7(StateTransitionController.java:207)
	at org.gradle.internal.model.StateTransitionController.doTransition(StateTransitionController.java:304)
	at org.gradle.internal.model.StateTransitionController.lambda$transition$8(StateTransitionController.java:207)
	at org.gradle.internal.work.DefaultSynchronizer.withLock(DefaultSynchronizer.java:45)
	at org.gradle.internal.model.StateTransitionController.transition(StateTransitionController.java:207)
	at org.gradle.internal.buildtree.DefaultBuildTreeLifecycleController.runBuild(DefaultBuildTreeLifecycleController.java:139)
	at org.gradle.internal.buildtree.DefaultBuildTreeLifecycleController.scheduleAndRunTasks(DefaultBuildTreeLifecycleController.java:84)
	at org.gradle.internal.buildtree.DefaultBuildTreeLifecycleController.scheduleAndRunTasks(DefaultBuildTreeLifecycleController.java:79)
	at org.gradle.tooling.internal.provider.ExecuteBuildActionRunner.run(ExecuteBuildActionRunner.java:31)
	at org.gradle.launcher.exec.ChainingBuildActionRunner.run(ChainingBuildActionRunner.java:35)
	at org.gradle.internal.buildtree.ProblemReportingBuildActionRunner.run(ProblemReportingBuildActionRunner.java:54)
	at org.gradle.launcher.exec.BuildOutcomeReportingBuildActionRunner.run(BuildOutcomeReportingBuildActionRunner.java:83)
	at org.gradle.tooling.internal.provider.FileSystemWatchingBuildActionRunner.run(FileSystemWatchingBuildActionRunner.java:135)
	at org.gradle.launcher.exec.BuildCompletionNotifyingBuildActionRunner.run(BuildCompletionNotifyingBuildActionRunner.java:54)
	at org.gradle.launcher.exec.RootBuildLifecycleBuildActionExecutor.lambda$execute$0(RootBuildLifecycleBuildActionExecutor.java:101)
	at org.gradle.composite.internal.DefaultRootBuildState.run(DefaultRootBuildState.java:126)
	at org.gradle.launcher.exec.RootBuildLifecycleBuildActionExecutor.execute(RootBuildLifecycleBuildActionExecutor.java:101)
	at org.gradle.launcher.exec.BuildTreeLifecycleBuildActionExecutor.runRootBuildAction(BuildTreeLifecycleBuildActionExecutor.java:104)
	at org.gradle.launcher.exec.BuildTreeLifecycleBuildActionExecutor.execute(BuildTreeLifecycleBuildActionExecutor.java:74)
	at org.gradle.launcher.exec.RunAsBuildOperationBuildActionExecutor$2.call(RunAsBuildOperationBuildActionExecutor.java:65)
	at org.gradle.launcher.exec.RunAsBuildOperationBuildActionExecutor$2.call(RunAsBuildOperationBuildActionExecutor.java:61)
	at org.gradle.internal.operations.DefaultBuildOperationRunner$CallableBuildOperationWorker.execute(DefaultBuildOperationRunner.java:210)
	at org.gradle.internal.operations.DefaultBuildOperationRunner$CallableBuildOperationWorker.execute(DefaultBuildOperationRunner.java:205)
	at org.gradle.internal.operations.DefaultBuildOperationRunner$2.execute(DefaultBuildOperationRunner.java:67)
	at org.gradle.internal.operations.DefaultBuildOperationRunner$2.execute(DefaultBuildOperationRunner.java:60)
	at org.gradle.internal.operations.DefaultBuildOperationRunner.execute(DefaultBuildOperationRunner.java:167)
	at org.gradle.internal.operations.DefaultBuildOperationRunner.execute(DefaultBuildOperationRunner.java:60)
	at org.gradle.internal.operations.DefaultBuildOperationRunner.call(DefaultBuildOperationRunner.java:54)
	at org.gradle.launcher.exec.RunAsBuildOperationBuildActionExecutor.execute(RunAsBuildOperationBuildActionExecutor.java:61)
	at org.gradle.launcher.exec.RunAsWorkerThreadBuildActionExecutor.lambda$execute$0(RunAsWorkerThreadBuildActionExecutor.java:36)
	at org.gradle.internal.work.DefaultWorkerLeaseService.lambda$withLocksAcquired$0(DefaultWorkerLeaseService.java:275)
	at org.gradle.internal.work.ResourceLockStatistics$1.measure(ResourceLockStatistics.java:43)
	at org.gradle.internal.work.DefaultWorkerLeaseService.withLocksAcquired(DefaultWorkerLeaseService.java:273)
	at org.gradle.internal.work.DefaultWorkerLeaseService.withLocks(DefaultWorkerLeaseService.java:265)
	at org.gradle.internal.work.DefaultWorkerLeaseService.runAsWorkerThread(DefaultWorkerLeaseService.java:128)
	at org.gradle.launcher.exec.RunAsWorkerThreadBuildActionExecutor.execute(RunAsWorkerThreadBuildActionExecutor.java:36)
	at org.gradle.tooling.internal.provider.continuous.ContinuousBuildActionExecutor.execute(ContinuousBuildActionExecutor.java:110)
	at org.gradle.tooling.internal.provider.SubscribableBuildActionExecutor.execute(SubscribableBuildActionExecutor.java:64)
	at org.gradle.internal.session.DefaultBuildSessionContext.execute(DefaultBuildSessionContext.java:46)
	at org.gradle.internal.buildprocess.execution.BuildSessionLifecycleBuildActionExecutor$ActionImpl.apply(BuildSessionLifecycleBuildActionExecutor.java:106)
	at org.gradle.internal.buildprocess.execution.BuildSessionLifecycleBuildActionExecutor$ActionImpl.apply(BuildSessionLifecycleBuildActionExecutor.java:94)
	at org.gradle.internal.session.BuildSessionState.run(BuildSessionState.java:73)
	at org.gradle.internal.buildprocess.execution.BuildSessionLifecycleBuildActionExecutor.execute(BuildSessionLifecycleBuildActionExecutor.java:67)
	at org.gradle.internal.buildprocess.execution.BuildSessionLifecycleBuildActionExecutor.execute(BuildSessionLifecycleBuildActionExecutor.java:45)
	at org.gradle.internal.buildprocess.execution.StartParamsValidatingActionExecutor.execute(StartParamsValidatingActionExecutor.java:57)
	at org.gradle.internal.buildprocess.execution.StartParamsValidatingActionExecutor.execute(StartParamsValidatingActionExecutor.java:32)
	at org.gradle.internal.buildprocess.execution.SessionFailureReportingActionExecutor.execute(SessionFailureReportingActionExecutor.java:51)
	at org.gradle.internal.buildprocess.execution.SessionFailureReportingActionExecutor.execute(SessionFailureReportingActionExecutor.java:39)
	at org.gradle.internal.buildprocess.execution.SetupLoggingActionExecutor.execute(SetupLoggingActionExecutor.java:47)
	at org.gradle.internal.buildprocess.execution.SetupLoggingActionExecutor.execute(SetupLoggingActionExecutor.java:31)
	at org.gradle.launcher.daemon.server.exec.ExecuteBuild.doBuild(ExecuteBuild.java:70)
	at org.gradle.launcher.daemon.server.exec.BuildCommandOnly.execute(BuildCommandOnly.java:37)
	at org.gradle.launcher.daemon.server.api.DaemonCommandExecution.proceed(DaemonCommandExecution.java:104)
	at org.gradle.launcher.daemon.server.exec.WatchForDisconnection.execute(WatchForDisconnection.java:39)
	at org.gradle.launcher.daemon.server.api.DaemonCommandExecution.proceed(DaemonCommandExecution.java:104)
	at org.gradle.launcher.daemon.server.exec.ResetDeprecationLogger.execute(ResetDeprecationLogger.java:29)
	at org.gradle.launcher.daemon.server.api.DaemonCommandExecution.proceed(DaemonCommandExecution.java:104)
	at org.gradle.launcher.daemon.server.exec.RequestStopIfSingleUsedDaemon.execute(RequestStopIfSingleUsedDaemon.java:35)
	at org.gradle.launcher.daemon.server.api.DaemonCommandExecution.proceed(DaemonCommandExecution.java:104)
	at org.gradle.launcher.daemon.server.exec.ForwardClientInput.lambda$execute$0(ForwardClientInput.java:40)
	at org.gradle.internal.daemon.clientinput.ClientInputForwarder.forwardInput(ClientInputForwarder.java:80)
	at org.gradle.launcher.daemon.server.exec.ForwardClientInput.execute(ForwardClientInput.java:37)
	at org.gradle.launcher.daemon.server.api.DaemonCommandExecution.proceed(DaemonCommandExecution.java:104)
	at org.gradle.launcher.daemon.server.exec.LogAndCheckHealth.execute(LogAndCheckHealth.java:53)
	at org.gradle.launcher.daemon.server.api.DaemonCommandExecution.proceed(DaemonCommandExecution.java:104)
	at org.gradle.launcher.daemon.server.exec.LogToClient.doBuild(LogToClient.java:63)
	at org.gradle.launcher.daemon.server.exec.BuildCommandOnly.execute(BuildCommandOnly.java:37)
	at org.gradle.launcher.daemon.server.api.DaemonCommandExecution.proceed(DaemonCommandExecution.java:104)
	at org.gradle.launcher.daemon.server.exec.EstablishBuildEnvironment.doBuild(EstablishBuildEnvironment.java:84)
	at org.gradle.launcher.daemon.server.exec.BuildCommandOnly.execute(BuildCommandOnly.java:37)
	at org.gradle.launcher.daemon.server.api.DaemonCommandExecution.proceed(DaemonCommandExecution.java:104)
	at org.gradle.launcher.daemon.server.exec.StartBuildOrRespondWithBusy$1.run(StartBuildOrRespondWithBusy.java:52)
	at org.gradle.launcher.daemon.server.DaemonStateCoordinator.lambda$runCommand$0(DaemonStateCoordinator.java:321)
	at org.gradle.internal.concurrent.ExecutorPolicy$CatchAndRecordFailures.onExecute(ExecutorPolicy.java:64)
	at org.gradle.internal.concurrent.AbstractManagedExecutor$1.run(AbstractManagedExecutor.java:47)
Caused by: org.gradle.api.resources.ResourceException: Could not get resource 'https://repo.maven.apache.org/maven2/org/jetbrains/kotlin/jvm/org.jetbrains.kotlin.jvm.gradle.plugin/2.4.10/org.jetbrains.kotlin.jvm.gradle.plugin-2.4.10.jar'.
	at org.gradle.internal.resource.ResourceExceptions.failure(ResourceExceptions.java:74)
	at org.gradle.internal.resource.ResourceExceptions.getFailed(ResourceExceptions.java:57)
	at org.gradle.api.internal.artifacts.repositories.resolver.DefaultExternalResourceArtifactResolver.staticResourceExists(DefaultExternalResourceArtifactResolver.java:83)
	at org.gradle.api.internal.artifacts.repositories.resolver.DefaultExternalResourceArtifactResolver.artifactExists(DefaultExternalResourceArtifactResolver.java:67)
	at org.gradle.api.internal.artifacts.repositories.resolver.ExternalResourceResolver$RemoteRepositoryAccess.resolveArtifact(ExternalResourceResolver.java:472)
	at org.gradle.api.internal.artifacts.ivyservice.ivyresolve.CachingModuleComponentRepository$ResolveAndCacheRepositoryAccess.resolveArtifact(CachingModuleComponentRepository.java:470)
	at org.gradle.api.internal.artifacts.ivyservice.ivyresolve.ErrorHandlingModuleComponentRepository$ErrorHandlingModuleComponentRepositoryAccess.lambda$resolveArtifact$12(ErrorHandlingModuleComponentRepository.java:180)
	at org.gradle.api.internal.artifacts.ivyservice.ivyresolve.ErrorHandlingModuleComponentRepository$ErrorHandlingModuleComponentRepositoryAccess.tryResolveAndMaybeDisable(ErrorHandlingModuleComponentRepository.java:251)
	... 213 more
Caused by: org.gradle.internal.resource.transport.http.HttpErrorStatusCodeException: Could not HEAD 'https://repo.maven.apache.org/maven2/org/jetbrains/kotlin/jvm/org.jetbrains.kotlin.jvm.gradle.plugin/2.4.10/org.jetbrains.kotlin.jvm.gradle.plugin-2.4.10.jar'. Received status code 429 from server: Too Many Requests
	at org.gradle.internal.resource.transport.http.ApacheCommonsHttpClient.processResponse(ApacheCommonsHttpClient.java:310)
	at org.gradle.internal.resource.transport.http.ApacheCommonsHttpClient.performHead(ApacheCommonsHttpClient.java:114)
	at org.gradle.internal.resource.transport.http.HttpResourceAccessor.getMetaData(HttpResourceAccessor.java:58)
	at org.gradle.internal.resource.transfer.DefaultExternalResourceConnector.getMetaData(DefaultExternalResourceConnector.java:66)
	at org.gradle.internal.resource.transfer.ProgressLoggingExternalResourceAccessor$MetadataOperation.call(ProgressLoggingExternalResourceAccessor.java:173)
	at org.gradle.internal.resource.transfer.ProgressLoggingExternalResourceAccessor$MetadataOperation.call(ProgressLoggingExternalResourceAccessor.java:161)
	at org.gradle.internal.operations.DefaultBuildOperationRunner$CallableBuildOperationWorker.execute(DefaultBuildOperationRunner.java:210)
	at org.gradle.internal.operations.DefaultBuildOperationRunner$CallableBuildOperationWorker.execute(DefaultBuildOperationRunner.java:205)
	at org.gradle.internal.operations.DefaultBuildOperationRunner$2.execute(DefaultBuildOperationRunner.java:67)
	at org.gradle.internal.operations.DefaultBuildOperationRunner$2.execute(DefaultBuildOperationRunner.java:60)
	at org.gradle.internal.operations.DefaultBuildOperationRunner.execute(DefaultBuildOperationRunner.java:167)
	at org.gradle.internal.operations.DefaultBuildOperationRunner.execute(DefaultBuildOperationRunner.java:60)
	at org.gradle.internal.operations.DefaultBuildOperationRunner.call(DefaultBuildOperationRunner.java:54)
	at org.gradle.internal.resource.transfer.ProgressLoggingExternalResourceAccessor.getMetaData(ProgressLoggingExternalResourceAccessor.java:55)
	at org.gradle.internal.resource.transfer.AccessorBackedExternalResource.getMetaData(AccessorBackedExternalResource.java:156)
	at org.gradle.api.internal.artifacts.repositories.resolver.DefaultExternalResourceArtifactResolver.staticResourceExists(DefaultExternalResourceArtifactResolver.java:79)
	... 218 more

==============================================================================

9: Task failed with an exception.
-----------
* What went wrong:
Execution failed for task ':app:processReleaseNavigationResources'.
> Could not resolve all files for configuration ':app:releaseRuntimeClasspath'.
   > Could not resolve com.tom-roush:pdfbox-android:2.0.27.0.
     Required by:
         project ':app'
      > Repository MavenRepo is disabled due to earlier error below:
         > Could not download org.jetbrains.kotlin.jvm.gradle.plugin-2.4.10.jar (org.jetbrains.kotlin.jvm:org.jetbrains.kotlin.jvm.gradle.plugin:2.4.10)
            > Could not get resource 'https://repo.maven.apache.org/maven2/org/jetbrains/kotlin/jvm/org.jetbrains.kotlin.jvm.gradle.plugin/2.4.10/org.jetbrains.kotlin.jvm.gradle.plugin-2.4.10.jar'.
               > Could not HEAD 'https://repo.maven.apache.org/maven2/org/jetbrains/kotlin/jvm/org.jetbrains.kotlin.jvm.gradle.plugin/2.4.10/org.jetbrains.kotlin.jvm.gradle.plugin-2.4.10.jar'. Received status code 429 from server: Too Many Requests

* Try:
> Run with --info or --debug option to get more log output.
> Run with --scan to get full insights from a Build Scan (powered by Develocity).
> Get more help at https://help.gradle.org.

* Exception is:
org.gradle.api.tasks.TaskExecutionException: Execution failed for task ':app:processReleaseNavigationResources'.
	at org.gradle.api.internal.tasks.execution.CatchExceptionTaskExecuter.execute(CatchExceptionTaskExecuter.java:38)
	at org.gradle.api.internal.tasks.execution.EventFiringTaskExecuter$1.executeTask(EventFiringTaskExecuter.java:77)
	at org.gradle.api.internal.tasks.execution.EventFiringTaskExecuter$1.call(EventFiringTaskExecuter.java:55)
	at org.gradle.api.internal.tasks.execution.EventFiringTaskExecuter$1.call(EventFiringTaskExecuter.java:52)
	at org.gradle.internal.operations.DefaultBuildOperationRunner$CallableBuildOperationWorker.execute(DefaultBuildOperationRunner.java:210)
	at org.gradle.internal.operations.DefaultBuildOperationRunner$CallableBuildOperationWorker.execute(DefaultBuildOperationRunner.java:205)
	at org.gradle.internal.operations.DefaultBuildOperationRunner$2.execute(DefaultBuildOperationRunner.java:67)
	at org.gradle.internal.operations.DefaultBuildOperationRunner$2.execute(DefaultBuildOperationRunner.java:60)
	at org.gradle.internal.operations.DefaultBuildOperationRunner.execute(DefaultBuildOperationRunner.java:167)
	at org.gradle.internal.operations.DefaultBuildOperationRunner.execute(DefaultBuildOperationRunner.java:60)
	at org.gradle.internal.operations.DefaultBuildOperationRunner.call(DefaultBuildOperationRunner.java:54)
	at org.gradle.api.internal.tasks.execution.EventFiringTaskExecuter.execute(EventFiringTaskExecuter.java:52)
	at org.gradle.execution.plan.DefaultNodeExecutor.executeLocalTaskNode(DefaultNodeExecutor.java:55)
	at org.gradle.execution.plan.DefaultNodeExecutor.execute(DefaultNodeExecutor.java:34)
	at org.gradle.execution.taskgraph.DefaultTaskExecutionGraph$InvokeNodeExecutorsAction.execute(DefaultTaskExecutionGraph.java:355)
	at org.gradle.execution.taskgraph.DefaultTaskExecutionGraph$InvokeNodeExecutorsAction.execute(DefaultTaskExecutionGraph.java:343)
	at org.gradle.execution.taskgraph.DefaultTaskExecutionGraph$BuildOperationAwareExecutionAction.lambda$execute$0(DefaultTaskExecutionGraph.java:339)
	at org.gradle.internal.operations.CurrentBuildOperationRef.with(CurrentBuildOperationRef.java:84)
	at org.gradle.execution.taskgraph.DefaultTaskExecutionGraph$BuildOperationAwareExecutionAction.execute(DefaultTaskExecutionGraph.java:339)
	at org.gradle.execution.taskgraph.DefaultTaskExecutionGraph$BuildOperationAwareExecutionAction.execute(DefaultTaskExecutionGraph.java:328)
	at org.gradle.execution.plan.DefaultPlanExecutor$ExecutorWorker.execute(DefaultPlanExecutor.java:459)
	at org.gradle.execution.plan.DefaultPlanExecutor$ExecutorWorker.run(DefaultPlanExecutor.java:376)
	at org.gradle.internal.concurrent.ExecutorPolicy$CatchAndRecordFailures.onExecute(ExecutorPolicy.java:64)
	at org.gradle.internal.concurrent.AbstractManagedExecutor$1.run(AbstractManagedExecutor.java:47)
	at java.base/java.util.concurrent.ThreadPoolExecutor.runWorker(ThreadPoolExecutor.java:1144)
	at java.base/java.util.concurrent.ThreadPoolExecutor$Worker.run(ThreadPoolExecutor.java:642)
	at java.base/java.lang.Thread.run(Thread.java:1583)
Caused by: org.gradle.api.internal.artifacts.ivyservice.TypedResolveException: Could not resolve all files for configuration ':app:releaseRuntimeClasspath'.
	at org.gradle.api.internal.artifacts.ResolveExceptionMapper.mapFailure(ResolveExceptionMapper.java:73)
	at org.gradle.api.internal.artifacts.ResolveExceptionMapper.mapFailures(ResolveExceptionMapper.java:65)
	at org.gradle.api.internal.artifacts.configurations.DefaultConfiguration$DefaultResolutionHost.consolidateFailures(DefaultConfiguration.java:1789)
	at org.gradle.api.internal.artifacts.configurations.ResolutionHost.rethrowFailuresAndReportProblems(ResolutionHost.java:75)
	at org.gradle.api.internal.artifacts.configurations.ResolutionBackedFileCollection.maybeThrowResolutionFailures(ResolutionBackedFileCollection.java:86)
	at org.gradle.api.internal.artifacts.configurations.ResolutionBackedFileCollection.visitContents(ResolutionBackedFileCollection.java:76)
	at org.gradle.api.internal.file.AbstractFileCollection.visitStructure(AbstractFileCollection.java:361)
	at org.gradle.api.internal.file.collections.DefaultConfigurableFileCollection.lambda$calculateFinalizedValue$1(DefaultConfigurableFileCollection.java:423)
	at org.gradle.api.internal.file.collections.UnpackingVisitor.add(UnpackingVisitor.java:66)
	at org.gradle.api.internal.file.collections.DefaultConfigurableFileCollection$UnresolvedItemsCollector.visitContents(DefaultConfigurableFileCollection.java:635)
	at org.gradle.api.internal.file.collections.DefaultConfigurableFileCollection.calculateFinalizedValue(DefaultConfigurableFileCollection.java:423)
	at org.gradle.api.internal.file.collections.DefaultConfigurableFileCollection.finalizeNow(DefaultConfigurableFileCollection.java:125)
	at org.gradle.api.internal.file.collections.DefaultConfigurableFileCollection.lambda$visitChildren$2(DefaultConfigurableFileCollection.java:447)
	at org.gradle.api.internal.provider.ValueState.finalizeOnReadIfNeeded(ValueState.java:142)
	at org.gradle.api.internal.file.collections.DefaultConfigurableFileCollection.visitChildren(DefaultConfigurableFileCollection.java:447)
	at org.gradle.api.internal.file.CompositeFileCollection.visitContents(CompositeFileCollection.java:112)
	at org.gradle.api.internal.file.AbstractFileCollection.visitStructure(AbstractFileCollection.java:361)
	at org.gradle.api.internal.file.CompositeFileCollection.lambda$visitContents$0(CompositeFileCollection.java:112)
	at org.gradle.api.internal.file.collections.UnpackingVisitor.add(UnpackingVisitor.java:66)
	at org.gradle.api.internal.file.collections.UnpackingVisitor.add(UnpackingVisitor.java:91)
	at org.gradle.api.internal.file.DefaultFileCollectionFactory$ResolvingFileCollection.visitChildren(DefaultFileCollectionFactory.java:311)
	at org.gradle.api.internal.file.CompositeFileCollection.visitContents(CompositeFileCollection.java:112)
	at org.gradle.api.internal.file.AbstractFileCollection.visitStructure(AbstractFileCollection.java:361)
	at org.gradle.api.internal.file.CompositeFileCollection.lambda$visitContents$0(CompositeFileCollection.java:112)
	at org.gradle.api.internal.tasks.PropertyFileCollection.visitChildren(PropertyFileCollection.java:48)
	at org.gradle.api.internal.file.CompositeFileCollection.visitContents(CompositeFileCollection.java:112)
	at org.gradle.api.internal.file.AbstractFileCollection.visitStructure(AbstractFileCollection.java:361)
	at org.gradle.internal.fingerprint.impl.DefaultFileCollectionSnapshotter.snapshot(DefaultFileCollectionSnapshotter.java:48)
	at org.gradle.internal.execution.impl.DefaultInputFingerprinter$InputCollectingVisitor.visitInputFileProperty(DefaultInputFingerprinter.java:151)
	at org.gradle.api.internal.tasks.execution.TaskExecution.visitMutableInputs(TaskExecution.java:345)
	at org.gradle.internal.execution.impl.DefaultInputFingerprinter.fingerprintInputProperties(DefaultInputFingerprinter.java:77)
	at org.gradle.internal.execution.steps.CaptureMutableStateBeforeExecutionStep.captureExecutionStateWithOutputs(CaptureMutableStateBeforeExecutionStep.java:124)
	at org.gradle.internal.execution.steps.CaptureMutableStateBeforeExecutionStep.lambda$captureExecutionState$0(CaptureMutableStateBeforeExecutionStep.java:94)
	at org.gradle.internal.execution.steps.BuildOperationStep$1.call(BuildOperationStep.java:38)
	at org.gradle.internal.operations.DefaultBuildOperationRunner$CallableBuildOperationWorker.execute(DefaultBuildOperationRunner.java:210)
	at org.gradle.internal.operations.DefaultBuildOperationRunner$CallableBuildOperationWorker.execute(DefaultBuildOperationRunner.java:205)
	at org.gradle.internal.operations.DefaultBuildOperationRunner$2.execute(DefaultBuildOperationRunner.java:67)
	at org.gradle.internal.operations.DefaultBuildOperationRunner$2.execute(DefaultBuildOperationRunner.java:60)
	at org.gradle.internal.operations.DefaultBuildOperationRunner.execute(DefaultBuildOperationRunner.java:167)
	at org.gradle.internal.operations.DefaultBuildOperationRunner.execute(DefaultBuildOperationRunner.java:60)
	at org.gradle.internal.operations.DefaultBuildOperationRunner.call(DefaultBuildOperationRunner.java:54)
	at org.gradle.internal.execution.steps.BuildOperationStep.operation(BuildOperationStep.java:35)
	at org.gradle.internal.execution.steps.CaptureMutableStateBeforeExecutionStep.captureExecutionState(CaptureMutableStateBeforeExecutionStep.java:92)
	at org.gradle.internal.execution.steps.CaptureMutableStateBeforeExecutionStep.executeMutable(CaptureMutableStateBeforeExecutionStep.java:73)
	at org.gradle.internal.execution.steps.CaptureMutableStateBeforeExecutionStep.execute(CaptureMutableStateBeforeExecutionStep.java:65)
	at org.gradle.internal.execution.steps.CaptureMutableStateBeforeExecutionStep.execute(CaptureMutableStateBeforeExecutionStep.java:45)
	at org.gradle.internal.execution.steps.SkipEmptyMutableWorkStep.executeWithNonEmptySources(SkipEmptyMutableWorkStep.java:210)
	at org.gradle.internal.execution.steps.SkipEmptyMutableWorkStep.executeMutable(SkipEmptyMutableWorkStep.java:85)
	at org.gradle.internal.execution.steps.SkipEmptyMutableWorkStep.executeMutable(SkipEmptyMutableWorkStep.java:53)
	at org.gradle.internal.execution.steps.MutableStep.execute(MutableStep.java:26)
	at org.gradle.internal.execution.steps.legacy.MarkSnapshottingInputsStartedStep.execute(MarkSnapshottingInputsStartedStep.java:38)
	at org.gradle.internal.execution.steps.LoadPreviousExecutionStateStep.executeMutable(LoadPreviousExecutionStateStep.java:36)
	at org.gradle.internal.execution.steps.LoadPreviousExecutionStateStep.executeMutable(LoadPreviousExecutionStateStep.java:23)
	at org.gradle.internal.execution.steps.MutableStep.execute(MutableStep.java:26)
	at org.gradle.internal.execution.steps.HandleStaleOutputsStep.executeMutable(HandleStaleOutputsStep.java:77)
	at org.gradle.internal.execution.steps.HandleStaleOutputsStep.executeMutable(HandleStaleOutputsStep.java:43)
	at org.gradle.internal.execution.steps.MutableStep.execute(MutableStep.java:26)
	at org.gradle.internal.execution.steps.AssignMutableWorkspaceStep.lambda$executeMutable$0(AssignMutableWorkspaceStep.java:34)
	at org.gradle.api.internal.tasks.execution.TaskExecution$4.withWorkspace(TaskExecution.java:305)
	at org.gradle.internal.execution.steps.AssignMutableWorkspaceStep.executeMutable(AssignMutableWorkspaceStep.java:30)
	at org.gradle.internal.execution.steps.AssignMutableWorkspaceStep.executeMutable(AssignMutableWorkspaceStep.java:21)
	at org.gradle.internal.execution.steps.MutableStep.execute(MutableStep.java:26)
	at org.gradle.internal.execution.steps.ChoosePipelineStep.execute(ChoosePipelineStep.java:40)
	at org.gradle.internal.execution.steps.ChoosePipelineStep.execute(ChoosePipelineStep.java:23)
	at org.gradle.internal.execution.steps.ExecuteWorkBuildOperationFiringStep.lambda$execute$2(ExecuteWorkBuildOperationFiringStep.java:67)
	at java.base/java.util.Optional.orElseGet(Optional.java:364)
	at org.gradle.internal.execution.steps.ExecuteWorkBuildOperationFiringStep.execute(ExecuteWorkBuildOperationFiringStep.java:67)
	at org.gradle.internal.execution.steps.ExecuteWorkBuildOperationFiringStep.execute(ExecuteWorkBuildOperationFiringStep.java:39)
	at org.gradle.internal.execution.steps.IdentityCacheStep.execute(IdentityCacheStep.java:46)
	at org.gradle.internal.execution.steps.IdentityCacheStep.execute(IdentityCacheStep.java:34)
	at org.gradle.internal.execution.steps.IdentifyStep.execute(IdentifyStep.java:56)
	at org.gradle.internal.execution.steps.IdentifyStep.execute(IdentifyStep.java:38)
	at org.gradle.internal.execution.impl.DefaultExecutionEngine$1.execute(DefaultExecutionEngine.java:68)
	at org.gradle.api.internal.tasks.execution.ExecuteActionsTaskExecuter.executeIfValid(ExecuteActionsTaskExecuter.java:132)
	at org.gradle.api.internal.tasks.execution.ExecuteActionsTaskExecuter.execute(ExecuteActionsTaskExecuter.java:121)
	at org.gradle.api.internal.tasks.execution.ProblemsTaskPathTrackingTaskExecuter.execute(ProblemsTaskPathTrackingTaskExecuter.java:41)
	at org.gradle.api.internal.tasks.execution.ResolveTaskExecutionModeExecuter.execute(ResolveTaskExecutionModeExecuter.java:51)
	at org.gradle.api.internal.tasks.execution.FinalizePropertiesTaskExecuter.execute(FinalizePropertiesTaskExecuter.java:46)
	at org.gradle.api.internal.tasks.execution.SkipTaskWithNoActionsExecuter.execute(SkipTaskWithNoActionsExecuter.java:57)
	at org.gradle.api.internal.tasks.execution.SkipOnlyIfTaskExecuter.execute(SkipOnlyIfTaskExecuter.java:74)
	at org.gradle.api.internal.tasks.execution.CatchExceptionTaskExecuter.execute(CatchExceptionTaskExecuter.java:36)
	... 26 more
Caused by: org.gradle.internal.resolve.ModuleVersionResolveException: Could not resolve com.tom-roush:pdfbox-android:2.0.27.0.
Required by:
    project ':app'
Caused by: org.gradle.internal.resolve.ModuleVersionResolveException: Repository MavenRepo is disabled due to earlier error below:
Caused by: org.gradle.internal.resolve.ArtifactResolveException: Could not download org.jetbrains.kotlin.jvm.gradle.plugin-2.4.10.jar (org.jetbrains.kotlin.jvm:org.jetbrains.kotlin.jvm.gradle.plugin:2.4.10)
	at org.gradle.api.internal.artifacts.ivyservice.ivyresolve.ErrorHandlingModuleComponentRepository$ErrorHandlingModuleComponentRepositoryAccess.lambda$resolveArtifact$14(ErrorHandlingModuleComponentRepository.java:190)
	at org.gradle.api.internal.artifacts.ivyservice.ivyresolve.ErrorHandlingModuleComponentRepository$ErrorHandlingModuleComponentRepositoryAccess.tryResolveAndMaybeDisable(ErrorHandlingModuleComponentRepository.java:260)
	at org.gradle.api.internal.artifacts.ivyservice.ivyresolve.ErrorHandlingModuleComponentRepository$ErrorHandlingModuleComponentRepositoryAccess.performOperationWithRetries(ErrorHandlingModuleComponentRepository.java:204)
	at org.gradle.api.internal.artifacts.ivyservice.ivyresolve.ErrorHandlingModuleComponentRepository$ErrorHandlingModuleComponentRepositoryAccess.resolveArtifact(ErrorHandlingModuleComponentRepository.java:178)
	at org.gradle.api.internal.artifacts.ivyservice.ivyresolve.RepositoryChainArtifactResolver.resolveArtifactLater(RepositoryChainArtifactResolver.java:75)
	at org.gradle.api.internal.artifacts.ivyservice.ivyresolve.RepositoryChainArtifactResolver.lambda$resolveArtifact$0(RepositoryChainArtifactResolver.java:63)
	at org.gradle.internal.model.CalculatedValueContainerFactory$SupplierBackedCalculator.calculateValue(CalculatedValueContainerFactory.java:69)
	at org.gradle.internal.model.CalculatedValueContainer$CalculationState.lambda$attachValue$0(CalculatedValueContainer.java:227)
	at org.gradle.internal.Try.ofFailable(Try.java:46)
	at org.gradle.internal.model.CalculatedValueContainer$CalculationState.attachValue(CalculatedValueContainer.java:222)
	at org.gradle.internal.model.CalculatedValueContainer.finalizeIfNotAlready(CalculatedValueContainer.java:195)
	at org.gradle.internal.model.CalculatedValueContainer.finalizeIfNotAlready(CalculatedValueContainer.java:186)
	at org.gradle.api.internal.artifacts.DefaultResolvableArtifact.getFile(DefaultResolvableArtifact.java:140)
	at org.gradle.internal.resolve.resolver.DefaultComponentArtifactResolver.resolveArtifacts(DefaultComponentArtifactResolver.java:50)
	at org.gradle.api.internal.artifacts.ivyservice.resolveengine.artifact.ArtifactBackedResolvedVariant.getArtifacts(ArtifactBackedResolvedVariant.java:80)
	at org.gradle.api.internal.artifacts.transform.AttributeMatchingArtifactVariantSelector.doSelect(AttributeMatchingArtifactVariantSelector.java:88)
	at org.gradle.api.internal.artifacts.transform.AttributeMatchingArtifactVariantSelector.select(AttributeMatchingArtifactVariantSelector.java:70)
	at org.gradle.api.internal.artifacts.ivyservice.resolveengine.artifact.VariantResolvingArtifactSet.select(VariantResolvingArtifactSet.java:110)
	at org.gradle.api.internal.artifacts.ivyservice.resolveengine.artifact.DefaultVisitedArtifactResults.select(DefaultVisitedArtifactResults.java:43)
	at org.gradle.api.internal.artifacts.ivyservice.resolveengine.artifact.DefaultVisitedArtifactSet.select(DefaultVisitedArtifactSet.java:97)
	at org.gradle.api.internal.artifacts.resolver.DefaultResolutionOutputs$DefaultArtifactView.selectArtifacts(DefaultResolutionOutputs.java:204)
	at org.gradle.api.internal.artifacts.configurations.ResolutionResultProvider$1.getValue(ResolutionResultProvider.java:54)
	at org.gradle.api.internal.artifacts.configurations.ResolutionResultProviderBackedSelectedArtifactSet.visitArtifacts(ResolutionResultProviderBackedSelectedArtifactSet.java:50)
	at org.gradle.api.internal.artifacts.configurations.DefaultArtifactCollection.lambda$new$0(DefaultArtifactCollection.java:61)
	at org.gradle.internal.model.CalculatedValueContainerFactory$SupplierBackedCalculator.calculateValue(CalculatedValueContainerFactory.java:69)
	at org.gradle.internal.model.CalculatedValueContainer$CalculationState.lambda$attachValue$0(CalculatedValueContainer.java:227)
	at org.gradle.internal.Try.ofFailable(Try.java:46)
	at org.gradle.internal.model.CalculatedValueContainer$CalculationState.attachValue(CalculatedValueContainer.java:222)
	at org.gradle.internal.model.CalculatedValueContainer.finalizeIfNotAlready(CalculatedValueContainer.java:195)
	at org.gradle.internal.model.CalculatedValueContainer.finalizeIfNotAlready(CalculatedValueContainer.java:186)
	at org.gradle.api.internal.artifacts.configurations.DefaultArtifactCollection.ensureResolved(DefaultArtifactCollection.java:123)
	at org.gradle.api.internal.artifacts.configurations.DefaultArtifactCollection.getFailures(DefaultArtifactCollection.java:112)
	at org.gradle.plugin.use.resolve.internal.ArtifactRepositoriesPluginResolver.exists(ArtifactRepositoriesPluginResolver.java:186)
	at org.gradle.plugin.use.resolve.internal.ArtifactRepositoriesPluginResolver.resolve(ArtifactRepositoriesPluginResolver.java:65)
	at org.gradle.plugin.use.resolve.internal.CompositePluginResolver.resolve(CompositePluginResolver.java:36)
	at org.gradle.plugin.use.resolve.internal.AlreadyOnClasspathPluginResolver.resolve(AlreadyOnClasspathPluginResolver.java:64)
	at org.gradle.plugin.use.internal.DefaultPluginRequestApplicator.resolvePluginRequest(DefaultPluginRequestApplicator.java:190)
	at org.gradle.plugin.use.internal.DefaultPluginRequestApplicator.applyPlugins(DefaultPluginRequestApplicator.java:102)
	at org.gradle.kotlin.dsl.provider.PluginRequestsHandler.handle(PluginRequestsHandler.kt:45)
	at org.gradle.kotlin.dsl.provider.StandardKotlinScriptEvaluator$InterpreterHost.applyPluginsTo(KotlinScriptEvaluator.kt:246)
	at org.gradle.kotlin.dsl.execution.Interpreter$ProgramHost.applyPluginsTo(Interpreter.kt:395)
	at Program.execute(Unknown Source)
	at org.gradle.kotlin.dsl.execution.Interpreter$ProgramHost.eval(Interpreter.kt:526)
	at org.gradle.kotlin.dsl.execution.Interpreter.eval(Interpreter.kt:219)
	at org.gradle.kotlin.dsl.provider.StandardKotlinScriptEvaluator.evaluate(KotlinScriptEvaluator.kt:135)
	at org.gradle.kotlin.dsl.provider.KotlinScriptPluginFactory.create$lambda$0(KotlinScriptPluginFactory.kt:61)
	at org.gradle.kotlin.dsl.provider.KotlinScriptPlugin.apply(KotlinScriptPlugin.kt:35)
	at org.gradle.configuration.BuildOperationScriptPlugin$1.run(BuildOperationScriptPlugin.java:68)
	at org.gradle.internal.operations.DefaultBuildOperationRunner$1.execute(DefaultBuildOperationRunner.java:30)
	at org.gradle.internal.operations.DefaultBuildOperationRunner$1.execute(DefaultBuildOperationRunner.java:27)
	at org.gradle.internal.operations.DefaultBuildOperationRunner$2.execute(DefaultBuildOperationRunner.java:67)
	at org.gradle.internal.operations.DefaultBuildOperationRunner$2.execute(DefaultBuildOperationRunner.java:60)
	at org.gradle.internal.operations.DefaultBuildOperationRunner.execute(DefaultBuildOperationRunner.java:167)
	at org.gradle.internal.operations.DefaultBuildOperationRunner.execute(DefaultBuildOperationRunner.java:60)
	at org.gradle.internal.operations.DefaultBuildOperationRunner.run(DefaultBuildOperationRunner.java:48)
	at org.gradle.configuration.BuildOperationScriptPlugin.lambda$apply$0(BuildOperationScriptPlugin.java:65)
	at org.gradle.internal.code.DefaultUserCodeApplicationContext.apply(DefaultUserCodeApplicationContext.java:44)
	at org.gradle.configuration.BuildOperationScriptPlugin.apply(BuildOperationScriptPlugin.java:65)
	at org.gradle.api.internal.project.DefaultProjectStateRegistry$ProjectStateImpl.lambda$applyToMutableState$0(DefaultProjectStateRegistry.java:443)
	at org.gradle.api.internal.project.DefaultProjectStateRegistry$ProjectStateImpl.lambda$fromMutableState$1(DefaultProjectStateRegistry.java:450)
	at org.gradle.api.internal.project.DefaultProjectStateRegistry$ProjectStateImpl.runWithModelLock(DefaultProjectStateRegistry.java:466)
	at org.gradle.api.internal.project.DefaultProjectStateRegistry$ProjectStateImpl.fromMutableState(DefaultProjectStateRegistry.java:450)
	at org.gradle.api.internal.project.DefaultProjectStateRegistry$ProjectStateImpl.applyToMutableState(DefaultProjectStateRegistry.java:442)
	at org.gradle.configuration.project.BuildScriptProcessor.execute(BuildScriptProcessor.java:46)
	at org.gradle.configuration.project.BuildScriptProcessor.execute(BuildScriptProcessor.java:27)
	at org.gradle.configuration.project.ConfigureActionsProjectEvaluator.evaluate(ConfigureActionsProjectEvaluator.java:35)
	at org.gradle.configuration.project.LifecycleProjectEvaluator$EvaluateProject.lambda$run$0(LifecycleProjectEvaluator.java:109)
	at org.gradle.api.internal.project.DefaultProjectStateRegistry$ProjectStateImpl.lambda$applyToMutableState$0(DefaultProjectStateRegistry.java:443)
	at org.gradle.api.internal.project.DefaultProjectStateRegistry$ProjectStateImpl.lambda$fromMutableState$1(DefaultProjectStateRegistry.java:450)
	at org.gradle.internal.work.DefaultWorkerLeaseService.lambda$withLocksAcquired$0(DefaultWorkerLeaseService.java:275)
	at org.gradle.internal.work.ResourceLockStatistics$1.measure(ResourceLockStatistics.java:43)
	at org.gradle.internal.work.DefaultWorkerLeaseService.withLocksAcquired(DefaultWorkerLeaseService.java:273)
	at org.gradle.internal.work.DefaultWorkerLeaseService.lambda$withReplacedLocks$3(DefaultWorkerLeaseService.java:371)
	at org.gradle.internal.work.DefaultWorkerLeaseService.withoutLocks(DefaultWorkerLeaseService.java:343)
	at org.gradle.internal.work.DefaultWorkerLeaseService.withReplacedLocks(DefaultWorkerLeaseService.java:370)
	at org.gradle.api.internal.project.DefaultProjectStateRegistry$ProjectStateImpl.runWithModelLock(DefaultProjectStateRegistry.java:471)
	at org.gradle.api.internal.project.DefaultProjectStateRegistry$ProjectStateImpl.fromMutableState(DefaultProjectStateRegistry.java:450)
	at org.gradle.api.internal.project.DefaultProjectStateRegistry$ProjectStateImpl.applyToMutableState(DefaultProjectStateRegistry.java:442)
	at org.gradle.configuration.project.LifecycleProjectEvaluator$EvaluateProject.run(LifecycleProjectEvaluator.java:100)
	at org.gradle.internal.operations.DefaultBuildOperationRunner$1.execute(DefaultBuildOperationRunner.java:30)
	at org.gradle.internal.operations.DefaultBuildOperationRunner$1.execute(DefaultBuildOperationRunner.java:27)
	at org.gradle.internal.operations.DefaultBuildOperationRunner$2.execute(DefaultBuildOperationRunner.java:67)
	at org.gradle.internal.operations.DefaultBuildOperationRunner$2.execute(DefaultBuildOperationRunner.java:60)
	at org.gradle.internal.operations.DefaultBuildOperationRunner.execute(DefaultBuildOperationRunner.java:167)
	at org.gradle.internal.operations.DefaultBuildOperationRunner.execute(DefaultBuildOperationRunner.java:60)
	at org.gradle.internal.operations.DefaultBuildOperationRunner.run(DefaultBuildOperationRunner.java:48)
	at org.gradle.configuration.project.LifecycleProjectEvaluator.evaluate(LifecycleProjectEvaluator.java:72)
	at org.gradle.api.internal.project.DefaultProject.evaluateUnchecked(DefaultProject.java:796)
	at org.gradle.api.internal.project.ProjectLifecycleController.lambda$ensureSelfConfigured$2(ProjectLifecycleController.java:93)
	at org.gradle.internal.model.StateTransitionController.lambda$doTransition$15(StateTransitionController.java:293)
	at org.gradle.internal.model.StateTransitionController.doTransition(StateTransitionController.java:304)
	at org.gradle.internal.model.StateTransitionController.doTransition(StateTransitionController.java:292)
	at org.gradle.internal.model.StateTransitionController.lambda$maybeTransitionIfNotCurrentlyTransitioning$11(StateTransitionController.java:237)
	at org.gradle.internal.work.DefaultSynchronizer.withLock(DefaultSynchronizer.java:35)
	at org.gradle.internal.model.StateTransitionController.maybeTransitionIfNotCurrentlyTransitioning(StateTransitionController.java:233)
	at org.gradle.api.internal.project.ProjectLifecycleController.ensureSelfConfigured(ProjectLifecycleController.java:93)
	at org.gradle.api.internal.project.DefaultProjectStateRegistry$ProjectStateImpl.ensureConfigured(DefaultProjectStateRegistry.java:408)
	at org.gradle.execution.TaskPathProjectEvaluator.configure(TaskPathProjectEvaluator.java:71)
	at org.gradle.execution.TaskPathProjectEvaluator.configureHierarchy(TaskPathProjectEvaluator.java:85)
	at org.gradle.configuration.DefaultProjectsPreparer.prepareProjects(DefaultProjectsPreparer.java:50)
	at org.gradle.configuration.BuildTreePreparingProjectsPreparer.prepareProjects(BuildTreePreparingProjectsPreparer.java:65)
	at org.gradle.configuration.BuildOperationFiringProjectsPreparer$ConfigureBuild.run(BuildOperationFiringProjectsPreparer.java:52)
	at org.gradle.internal.operations.DefaultBuildOperationRunner$1.execute(DefaultBuildOperationRunner.java:30)
	at org.gradle.internal.operations.DefaultBuildOperationRunner$1.execute(DefaultBuildOperationRunner.java:27)
	at org.gradle.internal.operations.DefaultBuildOperationRunner$2.execute(DefaultBuildOperationRunner.java:67)
	at org.gradle.internal.operations.DefaultBuildOperationRunner$2.execute(DefaultBuildOperationRunner.java:60)
	at org.gradle.internal.operations.DefaultBuildOperationRunner.execute(DefaultBuildOperationRunner.java:167)
	at org.gradle.internal.operations.DefaultBuildOperationRunner.execute(DefaultBuildOperationRunner.java:60)
	at org.gradle.internal.operations.DefaultBuildOperationRunner.run(DefaultBuildOperationRunner.java:48)
	at org.gradle.configuration.BuildOperationFiringProjectsPreparer.prepareProjects(BuildOperationFiringProjectsPreparer.java:40)
	at org.gradle.initialization.VintageBuildModelController.lambda$prepareProjects$2(VintageBuildModelController.java:83)
	at org.gradle.internal.model.StateTransitionController.lambda$doTransition$15(StateTransitionController.java:293)
	at org.gradle.internal.model.StateTransitionController.doTransition(StateTransitionController.java:304)
	at org.gradle.internal.model.StateTransitionController.doTransition(StateTransitionController.java:292)
	at org.gradle.internal.model.StateTransitionController.lambda$transitionIfNotPreviously$12(StateTransitionController.java:251)
	at org.gradle.internal.work.DefaultSynchronizer.withLock(DefaultSynchronizer.java:35)
	at org.gradle.internal.model.StateTransitionController.transitionIfNotPreviously(StateTransitionController.java:247)
	at org.gradle.initialization.VintageBuildModelController.prepareProjects(VintageBuildModelController.java:83)
	at org.gradle.initialization.VintageBuildModelController.prepareToScheduleTasks(VintageBuildModelController.java:70)
	at org.gradle.internal.build.DefaultBuildLifecycleController.lambda$prepareToScheduleTasks$7(DefaultBuildLifecycleController.java:185)
	at org.gradle.internal.model.StateTransitionController.lambda$doTransition$15(StateTransitionController.java:293)
	at org.gradle.internal.model.StateTransitionController.doTransition(StateTransitionController.java:304)
	at org.gradle.internal.model.StateTransitionController.doTransition(StateTransitionController.java:292)
	at org.gradle.internal.model.StateTransitionController.lambda$maybeTransition$10(StateTransitionController.java:228)
	at org.gradle.internal.work.DefaultSynchronizer.withLock(DefaultSynchronizer.java:35)
	at org.gradle.internal.model.StateTransitionController.maybeTransition(StateTransitionController.java:224)
	at org.gradle.internal.build.DefaultBuildLifecycleController.prepareToScheduleTasks(DefaultBuildLifecycleController.java:183)
	at org.gradle.internal.buildtree.DefaultBuildTreeWorkPreparer.scheduleRequestedTasks(DefaultBuildTreeWorkPreparer.java:35)
	at org.gradle.internal.cc.impl.barrier.BarrierAwareBuildTreeWorkPreparer.scheduleRequestedTasks$lambda$0(BarrierAwareBuildTreeWorkPreparer.kt:34)
	at org.gradle.internal.cc.impl.barrier.VintageConfigurationTimeActionRunner.runConfigurationTimeAction(VintageConfigurationTimeActionRunner.kt:48)
	at org.gradle.internal.cc.impl.barrier.BarrierAwareBuildTreeWorkPreparer.scheduleRequestedTasks(BarrierAwareBuildTreeWorkPreparer.kt:33)
	at org.gradle.internal.cc.impl.VintageBuildTreeWorkController$scheduleAndRunRequestedTasks$1$finalizedGraph$1.call(VintageBuildTreeWorkController.kt:37)
	at org.gradle.internal.cc.impl.VintageBuildTreeWorkController$scheduleAndRunRequestedTasks$1$finalizedGraph$1.call(VintageBuildTreeWorkController.kt:37)
	at org.gradle.internal.Try.ofFailable(Try.java:46)
	at org.gradle.internal.cc.impl.VintageBuildTreeWorkController$scheduleAndRunRequestedTasks$1.apply(VintageBuildTreeWorkController.kt:37)
	at org.gradle.internal.cc.impl.VintageBuildTreeWorkController$scheduleAndRunRequestedTasks$1.apply(VintageBuildTreeWorkController.kt:36)
	at org.gradle.composite.internal.DefaultIncludedBuildTaskGraph.withNewWorkGraph(DefaultIncludedBuildTaskGraph.java:115)
	at org.gradle.internal.cc.impl.VintageBuildTreeWorkController.scheduleAndRunRequestedTasks(VintageBuildTreeWorkController.kt:36)
	at org.gradle.internal.buildtree.DefaultBuildTreeLifecycleController.lambda$scheduleAndRunTasks$1(DefaultBuildTreeLifecycleController.java:84)
	at org.gradle.internal.buildtree.DefaultBuildTreeLifecycleController.lambda$runBuild$5(DefaultBuildTreeLifecycleController.java:142)
	at org.gradle.internal.model.StateTransitionController.lambda$transition$7(StateTransitionController.java:207)
	at org.gradle.internal.model.StateTransitionController.doTransition(StateTransitionController.java:304)
	at org.gradle.internal.model.StateTransitionController.lambda$transition$8(StateTransitionController.java:207)
	at org.gradle.internal.work.DefaultSynchronizer.withLock(DefaultSynchronizer.java:45)
	at org.gradle.internal.model.StateTransitionController.transition(StateTransitionController.java:207)
	at org.gradle.internal.buildtree.DefaultBuildTreeLifecycleController.runBuild(DefaultBuildTreeLifecycleController.java:139)
	at org.gradle.internal.buildtree.DefaultBuildTreeLifecycleController.scheduleAndRunTasks(DefaultBuildTreeLifecycleController.java:84)
	at org.gradle.internal.buildtree.DefaultBuildTreeLifecycleController.scheduleAndRunTasks(DefaultBuildTreeLifecycleController.java:79)
	at org.gradle.tooling.internal.provider.ExecuteBuildActionRunner.run(ExecuteBuildActionRunner.java:31)
	at org.gradle.launcher.exec.ChainingBuildActionRunner.run(ChainingBuildActionRunner.java:35)
	at org.gradle.internal.buildtree.ProblemReportingBuildActionRunner.run(ProblemReportingBuildActionRunner.java:54)
	at org.gradle.launcher.exec.BuildOutcomeReportingBuildActionRunner.run(BuildOutcomeReportingBuildActionRunner.java:83)
	at org.gradle.tooling.internal.provider.FileSystemWatchingBuildActionRunner.run(FileSystemWatchingBuildActionRunner.java:135)
	at org.gradle.launcher.exec.BuildCompletionNotifyingBuildActionRunner.run(BuildCompletionNotifyingBuildActionRunner.java:54)
	at org.gradle.launcher.exec.RootBuildLifecycleBuildActionExecutor.lambda$execute$0(RootBuildLifecycleBuildActionExecutor.java:101)
	at org.gradle.composite.internal.DefaultRootBuildState.run(DefaultRootBuildState.java:126)
	at org.gradle.launcher.exec.RootBuildLifecycleBuildActionExecutor.execute(RootBuildLifecycleBuildActionExecutor.java:101)
	at org.gradle.launcher.exec.BuildTreeLifecycleBuildActionExecutor.runRootBuildAction(BuildTreeLifecycleBuildActionExecutor.java:104)
	at org.gradle.launcher.exec.BuildTreeLifecycleBuildActionExecutor.execute(BuildTreeLifecycleBuildActionExecutor.java:74)
	at org.gradle.launcher.exec.RunAsBuildOperationBuildActionExecutor$2.call(RunAsBuildOperationBuildActionExecutor.java:65)
	at org.gradle.launcher.exec.RunAsBuildOperationBuildActionExecutor$2.call(RunAsBuildOperationBuildActionExecutor.java:61)
	at org.gradle.internal.operations.DefaultBuildOperationRunner$CallableBuildOperationWorker.execute(DefaultBuildOperationRunner.java:210)
	at org.gradle.internal.operations.DefaultBuildOperationRunner$CallableBuildOperationWorker.execute(DefaultBuildOperationRunner.java:205)
	at org.gradle.internal.operations.DefaultBuildOperationRunner$2.execute(DefaultBuildOperationRunner.java:67)
	at org.gradle.internal.operations.DefaultBuildOperationRunner$2.execute(DefaultBuildOperationRunner.java:60)
	at org.gradle.internal.operations.DefaultBuildOperationRunner.execute(DefaultBuildOperationRunner.java:167)
	at org.gradle.internal.operations.DefaultBuildOperationRunner.execute(DefaultBuildOperationRunner.java:60)
	at org.gradle.internal.operations.DefaultBuildOperationRunner.call(DefaultBuildOperationRunner.java:54)
	at org.gradle.launcher.exec.RunAsBuildOperationBuildActionExecutor.execute(RunAsBuildOperationBuildActionExecutor.java:61)
	at org.gradle.launcher.exec.RunAsWorkerThreadBuildActionExecutor.lambda$execute$0(RunAsWorkerThreadBuildActionExecutor.java:36)
	at org.gradle.internal.work.DefaultWorkerLeaseService.lambda$withLocksAcquired$0(DefaultWorkerLeaseService.java:275)
	at org.gradle.internal.work.ResourceLockStatistics$1.measure(ResourceLockStatistics.java:43)
	at org.gradle.internal.work.DefaultWorkerLeaseService.withLocksAcquired(DefaultWorkerLeaseService.java:273)
	at org.gradle.internal.work.DefaultWorkerLeaseService.withLocks(DefaultWorkerLeaseService.java:265)
	at org.gradle.internal.work.DefaultWorkerLeaseService.runAsWorkerThread(DefaultWorkerLeaseService.java:128)
	at org.gradle.launcher.exec.RunAsWorkerThreadBuildActionExecutor.execute(RunAsWorkerThreadBuildActionExecutor.java:36)
	at org.gradle.tooling.internal.provider.continuous.ContinuousBuildActionExecutor.execute(ContinuousBuildActionExecutor.java:110)
	at org.gradle.tooling.internal.provider.SubscribableBuildActionExecutor.execute(SubscribableBuildActionExecutor.java:64)
	at org.gradle.internal.session.DefaultBuildSessionContext.execute(DefaultBuildSessionContext.java:46)
	at org.gradle.internal.buildprocess.execution.BuildSessionLifecycleBuildActionExecutor$ActionImpl.apply(BuildSessionLifecycleBuildActionExecutor.java:106)
	at org.gradle.internal.buildprocess.execution.BuildSessionLifecycleBuildActionExecutor$ActionImpl.apply(BuildSessionLifecycleBuildActionExecutor.java:94)
	at org.gradle.internal.session.BuildSessionState.run(BuildSessionState.java:73)
	at org.gradle.internal.buildprocess.execution.BuildSessionLifecycleBuildActionExecutor.execute(BuildSessionLifecycleBuildActionExecutor.java:67)
	at org.gradle.internal.buildprocess.execution.BuildSessionLifecycleBuildActionExecutor.execute(BuildSessionLifecycleBuildActionExecutor.java:45)
	at org.gradle.internal.buildprocess.execution.StartParamsValidatingActionExecutor.execute(StartParamsValidatingActionExecutor.java:57)
	at org.gradle.internal.buildprocess.execution.StartParamsValidatingActionExecutor.execute(StartParamsValidatingActionExecutor.java:32)
	at org.gradle.internal.buildprocess.execution.SessionFailureReportingActionExecutor.execute(SessionFailureReportingActionExecutor.java:51)
	at org.gradle.internal.buildprocess.execution.SessionFailureReportingActionExecutor.execute(SessionFailureReportingActionExecutor.java:39)
	at org.gradle.internal.buildprocess.execution.SetupLoggingActionExecutor.execute(SetupLoggingActionExecutor.java:47)
	at org.gradle.internal.buildprocess.execution.SetupLoggingActionExecutor.execute(SetupLoggingActionExecutor.java:31)
	at org.gradle.launcher.daemon.server.exec.ExecuteBuild.doBuild(ExecuteBuild.java:70)
	at org.gradle.launcher.daemon.server.exec.BuildCommandOnly.execute(BuildCommandOnly.java:37)
	at org.gradle.launcher.daemon.server.api.DaemonCommandExecution.proceed(DaemonCommandExecution.java:104)
	at org.gradle.launcher.daemon.server.exec.WatchForDisconnection.execute(WatchForDisconnection.java:39)
	at org.gradle.launcher.daemon.server.api.DaemonCommandExecution.proceed(DaemonCommandExecution.java:104)
	at org.gradle.launcher.daemon.server.exec.ResetDeprecationLogger.execute(ResetDeprecationLogger.java:29)
	at org.gradle.launcher.daemon.server.api.DaemonCommandExecution.proceed(DaemonCommandExecution.java:104)
	at org.gradle.launcher.daemon.server.exec.RequestStopIfSingleUsedDaemon.execute(RequestStopIfSingleUsedDaemon.java:35)
	at org.gradle.launcher.daemon.server.api.DaemonCommandExecution.proceed(DaemonCommandExecution.java:104)
	at org.gradle.launcher.daemon.server.exec.ForwardClientInput.lambda$execute$0(ForwardClientInput.java:40)
	at org.gradle.internal.daemon.clientinput.ClientInputForwarder.forwardInput(ClientInputForwarder.java:80)
	at org.gradle.launcher.daemon.server.exec.ForwardClientInput.execute(ForwardClientInput.java:37)
	at org.gradle.launcher.daemon.server.api.DaemonCommandExecution.proceed(DaemonCommandExecution.java:104)
	at org.gradle.launcher.daemon.server.exec.LogAndCheckHealth.execute(LogAndCheckHealth.java:53)
	at org.gradle.launcher.daemon.server.api.DaemonCommandExecution.proceed(DaemonCommandExecution.java:104)
	at org.gradle.launcher.daemon.server.exec.LogToClient.doBuild(LogToClient.java:63)
	at org.gradle.launcher.daemon.server.exec.BuildCommandOnly.execute(BuildCommandOnly.java:37)
	at org.gradle.launcher.daemon.server.api.DaemonCommandExecution.proceed(DaemonCommandExecution.java:104)
	at org.gradle.launcher.daemon.server.exec.EstablishBuildEnvironment.doBuild(EstablishBuildEnvironment.java:84)
	at org.gradle.launcher.daemon.server.exec.BuildCommandOnly.execute(BuildCommandOnly.java:37)
	at org.gradle.launcher.daemon.server.api.DaemonCommandExecution.proceed(DaemonCommandExecution.java:104)
	at org.gradle.launcher.daemon.server.exec.StartBuildOrRespondWithBusy$1.run(StartBuildOrRespondWithBusy.java:52)
	at org.gradle.launcher.daemon.server.DaemonStateCoordinator.lambda$runCommand$0(DaemonStateCoordinator.java:321)
	at org.gradle.internal.concurrent.ExecutorPolicy$CatchAndRecordFailures.onExecute(ExecutorPolicy.java:64)
	at org.gradle.internal.concurrent.AbstractManagedExecutor$1.run(AbstractManagedExecutor.java:47)
Caused by: org.gradle.api.resources.ResourceException: Could not get resource 'https://repo.maven.apache.org/maven2/org/jetbrains/kotlin/jvm/org.jetbrains.kotlin.jvm.gradle.plugin/2.4.10/org.jetbrains.kotlin.jvm.gradle.plugin-2.4.10.jar'.
	at org.gradle.internal.resource.ResourceExceptions.failure(ResourceExceptions.java:74)
	at org.gradle.internal.resource.ResourceExceptions.getFailed(ResourceExceptions.java:57)
	at org.gradle.api.internal.artifacts.repositories.resolver.DefaultExternalResourceArtifactResolver.staticResourceExists(DefaultExternalResourceArtifactResolver.java:83)
	at org.gradle.api.internal.artifacts.repositories.resolver.DefaultExternalResourceArtifactResolver.artifactExists(DefaultExternalResourceArtifactResolver.java:67)
	at org.gradle.api.internal.artifacts.repositories.resolver.ExternalResourceResolver$RemoteRepositoryAccess.resolveArtifact(ExternalResourceResolver.java:472)
	at org.gradle.api.internal.artifacts.ivyservice.ivyresolve.CachingModuleComponentRepository$ResolveAndCacheRepositoryAccess.resolveArtifact(CachingModuleComponentRepository.java:470)
	at org.gradle.api.internal.artifacts.ivyservice.ivyresolve.ErrorHandlingModuleComponentRepository$ErrorHandlingModuleComponentRepositoryAccess.lambda$resolveArtifact$12(ErrorHandlingModuleComponentRepository.java:180)
	at org.gradle.api.internal.artifacts.ivyservice.ivyresolve.ErrorHandlingModuleComponentRepository$ErrorHandlingModuleComponentRepositoryAccess.tryResolveAndMaybeDisable(ErrorHandlingModuleComponentRepository.java:251)
	... 213 more
Caused by: org.gradle.internal.resource.transport.http.HttpErrorStatusCodeException: Could not HEAD 'https://repo.maven.apache.org/maven2/org/jetbrains/kotlin/jvm/org.jetbrains.kotlin.jvm.gradle.plugin/2.4.10/org.jetbrains.kotlin.jvm.gradle.plugin-2.4.10.jar'. Received status code 429 from server: Too Many Requests
	at org.gradle.internal.resource.transport.http.ApacheCommonsHttpClient.processResponse(ApacheCommonsHttpClient.java:310)
	at org.gradle.internal.resource.transport.http.ApacheCommonsHttpClient.performHead(ApacheCommonsHttpClient.java:114)
	at org.gradle.internal.resource.transport.http.HttpResourceAccessor.getMetaData(HttpResourceAccessor.java:58)
	at org.gradle.internal.resource.transfer.DefaultExternalResourceConnector.getMetaData(DefaultExternalResourceConnector.java:66)
	at org.gradle.internal.resource.transfer.ProgressLoggingExternalResourceAccessor$MetadataOperation.call(ProgressLoggingExternalResourceAccessor.java:173)
	at org.gradle.internal.resource.transfer.ProgressLoggingExternalResourceAccessor$MetadataOperation.call(ProgressLoggingExternalResourceAccessor.java:161)
	at org.gradle.internal.operations.DefaultBuildOperationRunner$CallableBuildOperationWorker.execute(DefaultBuildOperationRunner.java:210)
	at org.gradle.internal.operations.DefaultBuildOperationRunner$CallableBuildOperationWorker.execute(DefaultBuildOperationRunner.java:205)
	at org.gradle.internal.operations.DefaultBuildOperationRunner$2.execute(DefaultBuildOperationRunner.java:67)
	at org.gradle.internal.operations.DefaultBuildOperationRunner$2.execute(DefaultBuildOperationRunner.java:60)
	at org.gradle.internal.operations.DefaultBuildOperationRunner.execute(DefaultBuildOperationRunner.java:167)
	at org.gradle.internal.operations.DefaultBuildOperationRunner.execute(DefaultBuildOperationRunner.java:60)
	at org.gradle.internal.operations.DefaultBuildOperationRunner.call(DefaultBuildOperationRunner.java:54)
	at org.gradle.internal.resource.transfer.ProgressLoggingExternalResourceAccessor.getMetaData(ProgressLoggingExternalResourceAccessor.java:55)
	at org.gradle.internal.resource.transfer.AccessorBackedExternalResource.getMetaData(AccessorBackedExternalResource.java:156)
	at org.gradle.api.internal.artifacts.repositories.resolver.DefaultExternalResourceArtifactResolver.staticResourceExists(DefaultExternalResourceArtifactResolver.java:79)
	... 218 more

==============================================================================

10: Task failed with an exception.
-----------
* What went wrong:
Execution failed for task ':app:checkReleaseAarMetadata'.
> Could not resolve all files for configuration ':app:releaseRuntimeClasspath'.
   > Could not resolve com.tom-roush:pdfbox-android:2.0.27.0.
     Required by:
         project ':app'
      > Repository MavenRepo is disabled due to earlier error below:
         > Could not download org.jetbrains.kotlin.jvm.gradle.plugin-2.4.10.jar (org.jetbrains.kotlin.jvm:org.jetbrains.kotlin.jvm.gradle.plugin:2.4.10)
            > Could not get resource 'https://repo.maven.apache.org/maven2/org/jetbrains/kotlin/jvm/org.jetbrains.kotlin.jvm.gradle.plugin/2.4.10/org.jetbrains.kotlin.jvm.gradle.plugin-2.4.10.jar'.
               > Could not HEAD 'https://repo.maven.apache.org/maven2/org/jetbrains/kotlin/jvm/org.jetbrains.kotlin.jvm.gradle.plugin/2.4.10/org.jetbrains.kotlin.jvm.gradle.plugin-2.4.10.jar'. Received status code 429 from server: Too Many Requests

* Try:
> Run with --info or --debug option to get more log output.
> Run with --scan to get full insights from a Build Scan (powered by Develocity).
> Get more help at https://help.gradle.org.

* Exception is:
org.gradle.api.tasks.TaskExecutionException: Execution failed for task ':app:checkReleaseAarMetadata'.
	at org.gradle.api.internal.tasks.execution.CatchExceptionTaskExecuter.execute(CatchExceptionTaskExecuter.java:38)
	at org.gradle.api.internal.tasks.execution.EventFiringTaskExecuter$1.executeTask(EventFiringTaskExecuter.java:77)
	at org.gradle.api.internal.tasks.execution.EventFiringTaskExecuter$1.call(EventFiringTaskExecuter.java:55)
	at org.gradle.api.internal.tasks.execution.EventFiringTaskExecuter$1.call(EventFiringTaskExecuter.java:52)
	at org.gradle.internal.operations.DefaultBuildOperationRunner$CallableBuildOperationWorker.execute(DefaultBuildOperationRunner.java:210)
	at org.gradle.internal.operations.DefaultBuildOperationRunner$CallableBuildOperationWorker.execute(DefaultBuildOperationRunner.java:205)
	at org.gradle.internal.operations.DefaultBuildOperationRunner$2.execute(DefaultBuildOperationRunner.java:67)
	at org.gradle.internal.operations.DefaultBuildOperationRunner$2.execute(DefaultBuildOperationRunner.java:60)
	at org.gradle.internal.operations.DefaultBuildOperationRunner.execute(DefaultBuildOperationRunner.java:167)
	at org.gradle.internal.operations.DefaultBuildOperationRunner.execute(DefaultBuildOperationRunner.java:60)
	at org.gradle.internal.operations.DefaultBuildOperationRunner.call(DefaultBuildOperationRunner.java:54)
	at org.gradle.api.internal.tasks.execution.EventFiringTaskExecuter.execute(EventFiringTaskExecuter.java:52)
	at org.gradle.execution.plan.DefaultNodeExecutor.executeLocalTaskNode(DefaultNodeExecutor.java:55)
	at org.gradle.execution.plan.DefaultNodeExecutor.execute(DefaultNodeExecutor.java:34)
	at org.gradle.execution.taskgraph.DefaultTaskExecutionGraph$InvokeNodeExecutorsAction.execute(DefaultTaskExecutionGraph.java:355)
	at org.gradle.execution.taskgraph.DefaultTaskExecutionGraph$InvokeNodeExecutorsAction.execute(DefaultTaskExecutionGraph.java:343)
	at org.gradle.execution.taskgraph.DefaultTaskExecutionGraph$BuildOperationAwareExecutionAction.lambda$execute$0(DefaultTaskExecutionGraph.java:339)
	at org.gradle.internal.operations.CurrentBuildOperationRef.with(CurrentBuildOperationRef.java:84)
	at org.gradle.execution.taskgraph.DefaultTaskExecutionGraph$BuildOperationAwareExecutionAction.execute(DefaultTaskExecutionGraph.java:339)
	at org.gradle.execution.taskgraph.DefaultTaskExecutionGraph$BuildOperationAwareExecutionAction.execute(DefaultTaskExecutionGraph.java:328)
	at org.gradle.execution.plan.DefaultPlanExecutor$ExecutorWorker.execute(DefaultPlanExecutor.java:459)
	at org.gradle.execution.plan.DefaultPlanExecutor$ExecutorWorker.run(DefaultPlanExecutor.java:376)
	at org.gradle.internal.concurrent.ExecutorPolicy$CatchAndRecordFailures.onExecute(ExecutorPolicy.java:64)
	at org.gradle.internal.concurrent.AbstractManagedExecutor$1.run(AbstractManagedExecutor.java:47)
	at java.base/java.util.concurrent.ThreadPoolExecutor.runWorker(ThreadPoolExecutor.java:1144)
	at java.base/java.util.concurrent.ThreadPoolExecutor$Worker.run(ThreadPoolExecutor.java:642)
	at java.base/java.lang.Thread.run(Thread.java:1583)
Caused by: org.gradle.api.internal.artifacts.ivyservice.TypedResolveException: Could not resolve all files for configuration ':app:releaseRuntimeClasspath'.
	at org.gradle.api.internal.artifacts.ResolveExceptionMapper.mapFailure(ResolveExceptionMapper.java:73)
	at org.gradle.api.internal.artifacts.ResolveExceptionMapper.mapFailures(ResolveExceptionMapper.java:65)
	at org.gradle.api.internal.artifacts.configurations.DefaultConfiguration$DefaultResolutionHost.consolidateFailures(DefaultConfiguration.java:1789)
	at org.gradle.api.internal.artifacts.configurations.ResolutionHost.rethrowFailuresAndReportProblems(ResolutionHost.java:75)
	at org.gradle.api.internal.artifacts.configurations.ResolutionBackedFileCollection.maybeThrowResolutionFailures(ResolutionBackedFileCollection.java:86)
	at org.gradle.api.internal.artifacts.configurations.ResolutionBackedFileCollection.visitContents(ResolutionBackedFileCollection.java:76)
	at org.gradle.api.internal.file.AbstractFileCollection.visitStructure(AbstractFileCollection.java:361)
	at org.gradle.api.internal.file.CompositeFileCollection.lambda$visitContents$0(CompositeFileCollection.java:112)
	at org.gradle.api.internal.file.collections.UnpackingVisitor.add(UnpackingVisitor.java:66)
	at org.gradle.api.internal.file.collections.UnpackingVisitor.add(UnpackingVisitor.java:91)
	at org.gradle.api.internal.file.DefaultFileCollectionFactory$ResolvingFileCollection.visitChildren(DefaultFileCollectionFactory.java:311)
	at org.gradle.api.internal.file.CompositeFileCollection.visitContents(CompositeFileCollection.java:112)
	at org.gradle.api.internal.file.AbstractFileCollection.visitStructure(AbstractFileCollection.java:361)
	at org.gradle.api.internal.file.CompositeFileCollection.lambda$visitContents$0(CompositeFileCollection.java:112)
	at org.gradle.api.internal.tasks.PropertyFileCollection.visitChildren(PropertyFileCollection.java:48)
	at org.gradle.api.internal.file.CompositeFileCollection.visitContents(CompositeFileCollection.java:112)
	at org.gradle.api.internal.file.AbstractFileCollection.visitStructure(AbstractFileCollection.java:361)
	at org.gradle.internal.fingerprint.impl.DefaultFileCollectionSnapshotter.snapshot(DefaultFileCollectionSnapshotter.java:48)
	at org.gradle.internal.execution.impl.DefaultInputFingerprinter$InputCollectingVisitor.visitInputFileProperty(DefaultInputFingerprinter.java:151)
	at org.gradle.api.internal.tasks.execution.TaskExecution.visitMutableInputs(TaskExecution.java:345)
	at org.gradle.internal.execution.impl.DefaultInputFingerprinter.fingerprintInputProperties(DefaultInputFingerprinter.java:77)
	at org.gradle.internal.execution.steps.CaptureMutableStateBeforeExecutionStep.captureExecutionStateWithOutputs(CaptureMutableStateBeforeExecutionStep.java:124)
	at org.gradle.internal.execution.steps.CaptureMutableStateBeforeExecutionStep.lambda$captureExecutionState$0(CaptureMutableStateBeforeExecutionStep.java:94)
	at org.gradle.internal.execution.steps.BuildOperationStep$1.call(BuildOperationStep.java:38)
	at org.gradle.internal.operations.DefaultBuildOperationRunner$CallableBuildOperationWorker.execute(DefaultBuildOperationRunner.java:210)
	at org.gradle.internal.operations.DefaultBuildOperationRunner$CallableBuildOperationWorker.execute(DefaultBuildOperationRunner.java:205)
	at org.gradle.internal.operations.DefaultBuildOperationRunner$2.execute(DefaultBuildOperationRunner.java:67)
	at org.gradle.internal.operations.DefaultBuildOperationRunner$2.execute(DefaultBuildOperationRunner.java:60)
	at org.gradle.internal.operations.DefaultBuildOperationRunner.execute(DefaultBuildOperationRunner.java:167)
	at org.gradle.internal.operations.DefaultBuildOperationRunner.execute(DefaultBuildOperationRunner.java:60)
	at org.gradle.internal.operations.DefaultBuildOperationRunner.call(DefaultBuildOperationRunner.java:54)
	at org.gradle.internal.execution.steps.BuildOperationStep.operation(BuildOperationStep.java:35)
	at org.gradle.internal.execution.steps.CaptureMutableStateBeforeExecutionStep.captureExecutionState(CaptureMutableStateBeforeExecutionStep.java:92)
	at org.gradle.internal.execution.steps.CaptureMutableStateBeforeExecutionStep.executeMutable(CaptureMutableStateBeforeExecutionStep.java:73)
	at org.gradle.internal.execution.steps.CaptureMutableStateBeforeExecutionStep.execute(CaptureMutableStateBeforeExecutionStep.java:65)
	at org.gradle.internal.execution.steps.CaptureMutableStateBeforeExecutionStep.execute(CaptureMutableStateBeforeExecutionStep.java:45)
	at org.gradle.internal.execution.steps.SkipEmptyMutableWorkStep.executeWithNonEmptySources(SkipEmptyMutableWorkStep.java:210)
	at org.gradle.internal.execution.steps.SkipEmptyMutableWorkStep.executeMutable(SkipEmptyMutableWorkStep.java:85)
	at org.gradle.internal.execution.steps.SkipEmptyMutableWorkStep.executeMutable(SkipEmptyMutableWorkStep.java:53)
	at org.gradle.internal.execution.steps.MutableStep.execute(MutableStep.java:26)
	at org.gradle.internal.execution.steps.legacy.MarkSnapshottingInputsStartedStep.execute(MarkSnapshottingInputsStartedStep.java:38)
	at org.gradle.internal.execution.steps.LoadPreviousExecutionStateStep.executeMutable(LoadPreviousExecutionStateStep.java:36)
	at org.gradle.internal.execution.steps.LoadPreviousExecutionStateStep.executeMutable(LoadPreviousExecutionStateStep.java:23)
	at org.gradle.internal.execution.steps.MutableStep.execute(MutableStep.java:26)
	at org.gradle.internal.execution.steps.HandleStaleOutputsStep.executeMutable(HandleStaleOutputsStep.java:77)
	at org.gradle.internal.execution.steps.HandleStaleOutputsStep.executeMutable(HandleStaleOutputsStep.java:43)
	at org.gradle.internal.execution.steps.MutableStep.execute(MutableStep.java:26)
	at org.gradle.internal.execution.steps.AssignMutableWorkspaceStep.lambda$executeMutable$0(AssignMutableWorkspaceStep.java:34)
	at org.gradle.api.internal.tasks.execution.TaskExecution$4.withWorkspace(TaskExecution.java:305)
	at org.gradle.internal.execution.steps.AssignMutableWorkspaceStep.executeMutable(AssignMutableWorkspaceStep.java:30)
	at org.gradle.internal.execution.steps.AssignMutableWorkspaceStep.executeMutable(AssignMutableWorkspaceStep.java:21)
	at org.gradle.internal.execution.steps.MutableStep.execute(MutableStep.java:26)
	at org.gradle.internal.execution.steps.ChoosePipelineStep.execute(ChoosePipelineStep.java:40)
	at org.gradle.internal.execution.steps.ChoosePipelineStep.execute(ChoosePipelineStep.java:23)
	at org.gradle.internal.execution.steps.ExecuteWorkBuildOperationFiringStep.lambda$execute$2(ExecuteWorkBuildOperationFiringStep.java:67)
	at java.base/java.util.Optional.orElseGet(Optional.java:364)
	at org.gradle.internal.execution.steps.ExecuteWorkBuildOperationFiringStep.execute(ExecuteWorkBuildOperationFiringStep.java:67)
	at org.gradle.internal.execution.steps.ExecuteWorkBuildOperationFiringStep.execute(ExecuteWorkBuildOperationFiringStep.java:39)
	at org.gradle.internal.execution.steps.IdentityCacheStep.execute(IdentityCacheStep.java:46)
	at org.gradle.internal.execution.steps.IdentityCacheStep.execute(IdentityCacheStep.java:34)
	at org.gradle.internal.execution.steps.IdentifyStep.execute(IdentifyStep.java:56)
	at org.gradle.internal.execution.steps.IdentifyStep.execute(IdentifyStep.java:38)
	at org.gradle.internal.execution.impl.DefaultExecutionEngine$1.execute(DefaultExecutionEngine.java:68)
	at org.gradle.api.internal.tasks.execution.ExecuteActionsTaskExecuter.executeIfValid(ExecuteActionsTaskExecuter.java:132)
	at org.gradle.api.internal.tasks.execution.ExecuteActionsTaskExecuter.execute(ExecuteActionsTaskExecuter.java:121)
	at org.gradle.api.internal.tasks.execution.ProblemsTaskPathTrackingTaskExecuter.execute(ProblemsTaskPathTrackingTaskExecuter.java:41)
	at org.gradle.api.internal.tasks.execution.ResolveTaskExecutionModeExecuter.execute(ResolveTaskExecutionModeExecuter.java:51)
	at org.gradle.api.internal.tasks.execution.FinalizePropertiesTaskExecuter.execute(FinalizePropertiesTaskExecuter.java:46)
	at org.gradle.api.internal.tasks.execution.SkipTaskWithNoActionsExecuter.execute(SkipTaskWithNoActionsExecuter.java:57)
	at org.gradle.api.internal.tasks.execution.SkipOnlyIfTaskExecuter.execute(SkipOnlyIfTaskExecuter.java:74)
	at org.gradle.api.internal.tasks.execution.CatchExceptionTaskExecuter.execute(CatchExceptionTaskExecuter.java:36)
	... 26 more
Caused by: org.gradle.internal.resolve.ModuleVersionResolveException: Could not resolve com.tom-roush:pdfbox-android:2.0.27.0.
Required by:
    project ':app'
Caused by: org.gradle.internal.resolve.ModuleVersionResolveException: Repository MavenRepo is disabled due to earlier error below:
Caused by: org.gradle.internal.resolve.ArtifactResolveException: Could not download org.jetbrains.kotlin.jvm.gradle.plugin-2.4.10.jar (org.jetbrains.kotlin.jvm:org.jetbrains.kotlin.jvm.gradle.plugin:2.4.10)
	at org.gradle.api.internal.artifacts.ivyservice.ivyresolve.ErrorHandlingModuleComponentRepository$ErrorHandlingModuleComponentRepositoryAccess.lambda$resolveArtifact$14(ErrorHandlingModuleComponentRepository.java:190)
	at org.gradle.api.internal.artifacts.ivyservice.ivyresolve.ErrorHandlingModuleComponentRepository$ErrorHandlingModuleComponentRepositoryAccess.tryResolveAndMaybeDisable(ErrorHandlingModuleComponentRepository.java:260)
	at org.gradle.api.internal.artifacts.ivyservice.ivyresolve.ErrorHandlingModuleComponentRepository$ErrorHandlingModuleComponentRepositoryAccess.performOperationWithRetries(ErrorHandlingModuleComponentRepository.java:204)
	at org.gradle.api.internal.artifacts.ivyservice.ivyresolve.ErrorHandlingModuleComponentRepository$ErrorHandlingModuleComponentRepositoryAccess.resolveArtifact(ErrorHandlingModuleComponentRepository.java:178)
	at org.gradle.api.internal.artifacts.ivyservice.ivyresolve.RepositoryChainArtifactResolver.resolveArtifactLater(RepositoryChainArtifactResolver.java:75)
	at org.gradle.api.internal.artifacts.ivyservice.ivyresolve.RepositoryChainArtifactResolver.lambda$resolveArtifact$0(RepositoryChainArtifactResolver.java:63)
	at org.gradle.internal.model.CalculatedValueContainerFactory$SupplierBackedCalculator.calculateValue(CalculatedValueContainerFactory.java:69)
	at org.gradle.internal.model.CalculatedValueContainer$CalculationState.lambda$attachValue$0(CalculatedValueContainer.java:227)
	at org.gradle.internal.Try.ofFailable(Try.java:46)
	at org.gradle.internal.model.CalculatedValueContainer$CalculationState.attachValue(CalculatedValueContainer.java:222)
	at org.gradle.internal.model.CalculatedValueContainer.finalizeIfNotAlready(CalculatedValueContainer.java:195)
	at org.gradle.internal.model.CalculatedValueContainer.finalizeIfNotAlready(CalculatedValueContainer.java:186)
	at org.gradle.api.internal.artifacts.DefaultResolvableArtifact.getFile(DefaultResolvableArtifact.java:140)
	at org.gradle.internal.resolve.resolver.DefaultComponentArtifactResolver.resolveArtifacts(DefaultComponentArtifactResolver.java:50)
	at org.gradle.api.internal.artifacts.ivyservice.resolveengine.artifact.ArtifactBackedResolvedVariant.getArtifacts(ArtifactBackedResolvedVariant.java:80)
	at org.gradle.api.internal.artifacts.transform.AttributeMatchingArtifactVariantSelector.doSelect(AttributeMatchingArtifactVariantSelector.java:88)
	at org.gradle.api.internal.artifacts.transform.AttributeMatchingArtifactVariantSelector.select(AttributeMatchingArtifactVariantSelector.java:70)
	at org.gradle.api.internal.artifacts.ivyservice.resolveengine.artifact.VariantResolvingArtifactSet.select(VariantResolvingArtifactSet.java:110)
	at org.gradle.api.internal.artifacts.ivyservice.resolveengine.artifact.DefaultVisitedArtifactResults.select(DefaultVisitedArtifactResults.java:43)
	at org.gradle.api.internal.artifacts.ivyservice.resolveengine.artifact.DefaultVisitedArtifactSet.select(DefaultVisitedArtifactSet.java:97)
	at org.gradle.api.internal.artifacts.resolver.DefaultResolutionOutputs$DefaultArtifactView.selectArtifacts(DefaultResolutionOutputs.java:204)
	at org.gradle.api.internal.artifacts.configurations.ResolutionResultProvider$1.getValue(ResolutionResultProvider.java:54)
	at org.gradle.api.internal.artifacts.configurations.ResolutionResultProviderBackedSelectedArtifactSet.visitArtifacts(ResolutionResultProviderBackedSelectedArtifactSet.java:50)
	at org.gradle.api.internal.artifacts.configurations.DefaultArtifactCollection.lambda$new$0(DefaultArtifactCollection.java:61)
	at org.gradle.internal.model.CalculatedValueContainerFactory$SupplierBackedCalculator.calculateValue(CalculatedValueContainerFactory.java:69)
	at org.gradle.internal.model.CalculatedValueContainer$CalculationState.lambda$attachValue$0(CalculatedValueContainer.java:227)
	at org.gradle.internal.Try.ofFailable(Try.java:46)
	at org.gradle.internal.model.CalculatedValueContainer$CalculationState.attachValue(CalculatedValueContainer.java:222)
	at org.gradle.internal.model.CalculatedValueContainer.finalizeIfNotAlready(CalculatedValueContainer.java:195)
	at org.gradle.internal.model.CalculatedValueContainer.finalizeIfNotAlready(CalculatedValueContainer.java:186)
	at org.gradle.api.internal.artifacts.configurations.DefaultArtifactCollection.ensureResolved(DefaultArtifactCollection.java:123)
	at org.gradle.api.internal.artifacts.configurations.DefaultArtifactCollection.getFailures(DefaultArtifactCollection.java:112)
	at org.gradle.plugin.use.resolve.internal.ArtifactRepositoriesPluginResolver.exists(ArtifactRepositoriesPluginResolver.java:186)
	at org.gradle.plugin.use.resolve.internal.ArtifactRepositoriesPluginResolver.resolve(ArtifactRepositoriesPluginResolver.java:65)
	at org.gradle.plugin.use.resolve.internal.CompositePluginResolver.resolve(CompositePluginResolver.java:36)
	at org.gradle.plugin.use.resolve.internal.AlreadyOnClasspathPluginResolver.resolve(AlreadyOnClasspathPluginResolver.java:64)
	at org.gradle.plugin.use.internal.DefaultPluginRequestApplicator.resolvePluginRequest(DefaultPluginRequestApplicator.java:190)
	at org.gradle.plugin.use.internal.DefaultPluginRequestApplicator.applyPlugins(DefaultPluginRequestApplicator.java:102)
	at org.gradle.kotlin.dsl.provider.PluginRequestsHandler.handle(PluginRequestsHandler.kt:45)
	at org.gradle.kotlin.dsl.provider.StandardKotlinScriptEvaluator$InterpreterHost.applyPluginsTo(KotlinScriptEvaluator.kt:246)
	at org.gradle.kotlin.dsl.execution.Interpreter$ProgramHost.applyPluginsTo(Interpreter.kt:395)
	at Program.execute(Unknown Source)
	at org.gradle.kotlin.dsl.execution.Interpreter$ProgramHost.eval(Interpreter.kt:526)
	at org.gradle.kotlin.dsl.execution.Interpreter.eval(Interpreter.kt:219)
	at org.gradle.kotlin.dsl.provider.StandardKotlinScriptEvaluator.evaluate(KotlinScriptEvaluator.kt:135)
	at org.gradle.kotlin.dsl.provider.KotlinScriptPluginFactory.create$lambda$0(KotlinScriptPluginFactory.kt:61)
	at org.gradle.kotlin.dsl.provider.KotlinScriptPlugin.apply(KotlinScriptPlugin.kt:35)
	at org.gradle.configuration.BuildOperationScriptPlugin$1.run(BuildOperationScriptPlugin.java:68)
	at org.gradle.internal.operations.DefaultBuildOperationRunner$1.execute(DefaultBuildOperationRunner.java:30)
	at org.gradle.internal.operations.DefaultBuildOperationRunner$1.execute(DefaultBuildOperationRunner.java:27)
	at org.gradle.internal.operations.DefaultBuildOperationRunner$2.execute(DefaultBuildOperationRunner.java:67)
	at org.gradle.internal.operations.DefaultBuildOperationRunner$2.execute(DefaultBuildOperationRunner.java:60)
	at org.gradle.internal.operations.DefaultBuildOperationRunner.execute(DefaultBuildOperationRunner.java:167)
	at org.gradle.internal.operations.DefaultBuildOperationRunner.execute(DefaultBuildOperationRunner.java:60)
	at org.gradle.internal.operations.DefaultBuildOperationRunner.run(DefaultBuildOperationRunner.java:48)
	at org.gradle.configuration.BuildOperationScriptPlugin.lambda$apply$0(BuildOperationScriptPlugin.java:65)
	at org.gradle.internal.code.DefaultUserCodeApplicationContext.apply(DefaultUserCodeApplicationContext.java:44)
	at org.gradle.configuration.BuildOperationScriptPlugin.apply(BuildOperationScriptPlugin.java:65)
	at org.gradle.api.internal.project.DefaultProjectStateRegistry$ProjectStateImpl.lambda$applyToMutableState$0(DefaultProjectStateRegistry.java:443)
	at org.gradle.api.internal.project.DefaultProjectStateRegistry$ProjectStateImpl.lambda$fromMutableState$1(DefaultProjectStateRegistry.java:450)
	at org.gradle.api.internal.project.DefaultProjectStateRegistry$ProjectStateImpl.runWithModelLock(DefaultProjectStateRegistry.java:466)
	at org.gradle.api.internal.project.DefaultProjectStateRegistry$ProjectStateImpl.fromMutableState(DefaultProjectStateRegistry.java:450)
	at org.gradle.api.internal.project.DefaultProjectStateRegistry$ProjectStateImpl.applyToMutableState(DefaultProjectStateRegistry.java:442)
	at org.gradle.configuration.project.BuildScriptProcessor.execute(BuildScriptProcessor.java:46)
	at org.gradle.configuration.project.BuildScriptProcessor.execute(BuildScriptProcessor.java:27)
	at org.gradle.configuration.project.ConfigureActionsProjectEvaluator.evaluate(ConfigureActionsProjectEvaluator.java:35)
	at org.gradle.configuration.project.LifecycleProjectEvaluator$EvaluateProject.lambda$run$0(LifecycleProjectEvaluator.java:109)
	at org.gradle.api.internal.project.DefaultProjectStateRegistry$ProjectStateImpl.lambda$applyToMutableState$0(DefaultProjectStateRegistry.java:443)
	at org.gradle.api.internal.project.DefaultProjectStateRegistry$ProjectStateImpl.lambda$fromMutableState$1(DefaultProjectStateRegistry.java:450)
	at org.gradle.internal.work.DefaultWorkerLeaseService.lambda$withLocksAcquired$0(DefaultWorkerLeaseService.java:275)
	at org.gradle.internal.work.ResourceLockStatistics$1.measure(ResourceLockStatistics.java:43)
	at org.gradle.internal.work.DefaultWorkerLeaseService.withLocksAcquired(DefaultWorkerLeaseService.java:273)
	at org.gradle.internal.work.DefaultWorkerLeaseService.lambda$withReplacedLocks$3(DefaultWorkerLeaseService.java:371)
	at org.gradle.internal.work.DefaultWorkerLeaseService.withoutLocks(DefaultWorkerLeaseService.java:343)
	at org.gradle.internal.work.DefaultWorkerLeaseService.withReplacedLocks(DefaultWorkerLeaseService.java:370)
	at org.gradle.api.internal.project.DefaultProjectStateRegistry$ProjectStateImpl.runWithModelLock(DefaultProjectStateRegistry.java:471)
	at org.gradle.api.internal.project.DefaultProjectStateRegistry$ProjectStateImpl.fromMutableState(DefaultProjectStateRegistry.java:450)
	at org.gradle.api.internal.project.DefaultProjectStateRegistry$ProjectStateImpl.applyToMutableState(DefaultProjectStateRegistry.java:442)
	at org.gradle.configuration.project.LifecycleProjectEvaluator$EvaluateProject.run(LifecycleProjectEvaluator.java:100)
	at org.gradle.internal.operations.DefaultBuildOperationRunner$1.execute(DefaultBuildOperationRunner.java:30)
	at org.gradle.internal.operations.DefaultBuildOperationRunner$1.execute(DefaultBuildOperationRunner.java:27)
	at org.gradle.internal.operations.DefaultBuildOperationRunner$2.execute(DefaultBuildOperationRunner.java:67)
	at org.gradle.internal.operations.DefaultBuildOperationRunner$2.execute(DefaultBuildOperationRunner.java:60)
	at org.gradle.internal.operations.DefaultBuildOperationRunner.execute(DefaultBuildOperationRunner.java:167)
	at org.gradle.internal.operations.DefaultBuildOperationRunner.execute(DefaultBuildOperationRunner.java:60)
	at org.gradle.internal.operations.DefaultBuildOperationRunner.run(DefaultBuildOperationRunner.java:48)
	at org.gradle.configuration.project.LifecycleProjectEvaluator.evaluate(LifecycleProjectEvaluator.java:72)
	at org.gradle.api.internal.project.DefaultProject.evaluateUnchecked(DefaultProject.java:796)
	at org.gradle.api.internal.project.ProjectLifecycleController.lambda$ensureSelfConfigured$2(ProjectLifecycleController.java:93)
	at org.gradle.internal.model.StateTransitionController.lambda$doTransition$15(StateTransitionController.java:293)
	at org.gradle.internal.model.StateTransitionController.doTransition(StateTransitionController.java:304)
	at org.gradle.internal.model.StateTransitionController.doTransition(StateTransitionController.java:292)
	at org.gradle.internal.model.StateTransitionController.lambda$maybeTransitionIfNotCurrentlyTransitioning$11(StateTransitionController.java:237)
	at org.gradle.internal.work.DefaultSynchronizer.withLock(DefaultSynchronizer.java:35)
	at org.gradle.internal.model.StateTransitionController.maybeTransitionIfNotCurrentlyTransitioning(StateTransitionController.java:233)
	at org.gradle.api.internal.project.ProjectLifecycleController.ensureSelfConfigured(ProjectLifecycleController.java:93)
	at org.gradle.api.internal.project.DefaultProjectStateRegistry$ProjectStateImpl.ensureConfigured(DefaultProjectStateRegistry.java:408)
	at org.gradle.execution.TaskPathProjectEvaluator.configure(TaskPathProjectEvaluator.java:71)
	at org.gradle.execution.TaskPathProjectEvaluator.configureHierarchy(TaskPathProjectEvaluator.java:85)
	at org.gradle.configuration.DefaultProjectsPreparer.prepareProjects(DefaultProjectsPreparer.java:50)
	at org.gradle.configuration.BuildTreePreparingProjectsPreparer.prepareProjects(BuildTreePreparingProjectsPreparer.java:65)
	at org.gradle.configuration.BuildOperationFiringProjectsPreparer$ConfigureBuild.run(BuildOperationFiringProjectsPreparer.java:52)
	at org.gradle.internal.operations.DefaultBuildOperationRunner$1.execute(DefaultBuildOperationRunner.java:30)
	at org.gradle.internal.operations.DefaultBuildOperationRunner$1.execute(DefaultBuildOperationRunner.java:27)
	at org.gradle.internal.operations.DefaultBuildOperationRunner$2.execute(DefaultBuildOperationRunner.java:67)
	at org.gradle.internal.operations.DefaultBuildOperationRunner$2.execute(DefaultBuildOperationRunner.java:60)
	at org.gradle.internal.operations.DefaultBuildOperationRunner.execute(DefaultBuildOperationRunner.java:167)
	at org.gradle.internal.operations.DefaultBuildOperationRunner.execute(DefaultBuildOperationRunner.java:60)
	at org.gradle.internal.operations.DefaultBuildOperationRunner.run(DefaultBuildOperationRunner.java:48)
	at org.gradle.configuration.BuildOperationFiringProjectsPreparer.prepareProjects(BuildOperationFiringProjectsPreparer.java:40)
	at org.gradle.initialization.VintageBuildModelController.lambda$prepareProjects$2(VintageBuildModelController.java:83)
	at org.gradle.internal.model.StateTransitionController.lambda$doTransition$15(StateTransitionController.java:293)
	at org.gradle.internal.model.StateTransitionController.doTransition(StateTransitionController.java:304)
	at org.gradle.internal.model.StateTransitionController.doTransition(StateTransitionController.java:292)
	at org.gradle.internal.model.StateTransitionController.lambda$transitionIfNotPreviously$12(StateTransitionController.java:251)
	at org.gradle.internal.work.DefaultSynchronizer.withLock(DefaultSynchronizer.java:35)
	at org.gradle.internal.model.StateTransitionController.transitionIfNotPreviously(StateTransitionController.java:247)
	at org.gradle.initialization.VintageBuildModelController.prepareProjects(VintageBuildModelController.java:83)
	at org.gradle.initialization.VintageBuildModelController.prepareToScheduleTasks(VintageBuildModelController.java:70)
	at org.gradle.internal.build.DefaultBuildLifecycleController.lambda$prepareToScheduleTasks$7(DefaultBuildLifecycleController.java:185)
	at org.gradle.internal.model.StateTransitionController.lambda$doTransition$15(StateTransitionController.java:293)
	at org.gradle.internal.model.StateTransitionController.doTransition(StateTransitionController.java:304)
	at org.gradle.internal.model.StateTransitionController.doTransition(StateTransitionController.java:292)
	at org.gradle.internal.model.StateTransitionController.lambda$maybeTransition$10(StateTransitionController.java:228)
	at org.gradle.internal.work.DefaultSynchronizer.withLock(DefaultSynchronizer.java:35)
	at org.gradle.internal.model.StateTransitionController.maybeTransition(StateTransitionController.java:224)
	at org.gradle.internal.build.DefaultBuildLifecycleController.prepareToScheduleTasks(DefaultBuildLifecycleController.java:183)
	at org.gradle.internal.buildtree.DefaultBuildTreeWorkPreparer.scheduleRequestedTasks(DefaultBuildTreeWorkPreparer.java:35)
	at org.gradle.internal.cc.impl.barrier.BarrierAwareBuildTreeWorkPreparer.scheduleRequestedTasks$lambda$0(BarrierAwareBuildTreeWorkPreparer.kt:34)
	at org.gradle.internal.cc.impl.barrier.VintageConfigurationTimeActionRunner.runConfigurationTimeAction(VintageConfigurationTimeActionRunner.kt:48)
	at org.gradle.internal.cc.impl.barrier.BarrierAwareBuildTreeWorkPreparer.scheduleRequestedTasks(BarrierAwareBuildTreeWorkPreparer.kt:33)
	at org.gradle.internal.cc.impl.VintageBuildTreeWorkController$scheduleAndRunRequestedTasks$1$finalizedGraph$1.call(VintageBuildTreeWorkController.kt:37)
	at org.gradle.internal.cc.impl.VintageBuildTreeWorkController$scheduleAndRunRequestedTasks$1$finalizedGraph$1.call(VintageBuildTreeWorkController.kt:37)
	at org.gradle.internal.Try.ofFailable(Try.java:46)
	at org.gradle.internal.cc.impl.VintageBuildTreeWorkController$scheduleAndRunRequestedTasks$1.apply(VintageBuildTreeWorkController.kt:37)
	at org.gradle.internal.cc.impl.VintageBuildTreeWorkController$scheduleAndRunRequestedTasks$1.apply(VintageBuildTreeWorkController.kt:36)
	at org.gradle.composite.internal.DefaultIncludedBuildTaskGraph.withNewWorkGraph(DefaultIncludedBuildTaskGraph.java:115)
	at org.gradle.internal.cc.impl.VintageBuildTreeWorkController.scheduleAndRunRequestedTasks(VintageBuildTreeWorkController.kt:36)
	at org.gradle.internal.buildtree.DefaultBuildTreeLifecycleController.lambda$scheduleAndRunTasks$1(DefaultBuildTreeLifecycleController.java:84)
	at org.gradle.internal.buildtree.DefaultBuildTreeLifecycleController.lambda$runBuild$5(DefaultBuildTreeLifecycleController.java:142)
	at org.gradle.internal.model.StateTransitionController.lambda$transition$7(StateTransitionController.java:207)
	at org.gradle.internal.model.StateTransitionController.doTransition(StateTransitionController.java:304)
	at org.gradle.internal.model.StateTransitionController.lambda$transition$8(StateTransitionController.java:207)
	at org.gradle.internal.work.DefaultSynchronizer.withLock(DefaultSynchronizer.java:45)
	at org.gradle.internal.model.StateTransitionController.transition(StateTransitionController.java:207)
	at org.gradle.internal.buildtree.DefaultBuildTreeLifecycleController.runBuild(DefaultBuildTreeLifecycleController.java:139)
	at org.gradle.internal.buildtree.DefaultBuildTreeLifecycleController.scheduleAndRunTasks(DefaultBuildTreeLifecycleController.java:84)
	at org.gradle.internal.buildtree.DefaultBuildTreeLifecycleController.scheduleAndRunTasks(DefaultBuildTreeLifecycleController.java:79)
	at org.gradle.tooling.internal.provider.ExecuteBuildActionRunner.run(ExecuteBuildActionRunner.java:31)
	at org.gradle.launcher.exec.ChainingBuildActionRunner.run(ChainingBuildActionRunner.java:35)
	at org.gradle.internal.buildtree.ProblemReportingBuildActionRunner.run(ProblemReportingBuildActionRunner.java:54)
	at org.gradle.launcher.exec.BuildOutcomeReportingBuildActionRunner.run(BuildOutcomeReportingBuildActionRunner.java:83)
	at org.gradle.tooling.internal.provider.FileSystemWatchingBuildActionRunner.run(FileSystemWatchingBuildActionRunner.java:135)
	at org.gradle.launcher.exec.BuildCompletionNotifyingBuildActionRunner.run(BuildCompletionNotifyingBuildActionRunner.java:54)
	at org.gradle.launcher.exec.RootBuildLifecycleBuildActionExecutor.lambda$execute$0(RootBuildLifecycleBuildActionExecutor.java:101)
	at org.gradle.composite.internal.DefaultRootBuildState.run(DefaultRootBuildState.java:126)
	at org.gradle.launcher.exec.RootBuildLifecycleBuildActionExecutor.execute(RootBuildLifecycleBuildActionExecutor.java:101)
	at org.gradle.launcher.exec.BuildTreeLifecycleBuildActionExecutor.runRootBuildAction(BuildTreeLifecycleBuildActionExecutor.java:104)
	at org.gradle.launcher.exec.BuildTreeLifecycleBuildActionExecutor.execute(BuildTreeLifecycleBuildActionExecutor.java:74)
	at org.gradle.launcher.exec.RunAsBuildOperationBuildActionExecutor$2.call(RunAsBuildOperationBuildActionExecutor.java:65)
	at org.gradle.launcher.exec.RunAsBuildOperationBuildActionExecutor$2.call(RunAsBuildOperationBuildActionExecutor.java:61)
	at org.gradle.internal.operations.DefaultBuildOperationRunner$CallableBuildOperationWorker.execute(DefaultBuildOperationRunner.java:210)
	at org.gradle.internal.operations.DefaultBuildOperationRunner$CallableBuildOperationWorker.execute(DefaultBuildOperationRunner.java:205)
	at org.gradle.internal.operations.DefaultBuildOperationRunner$2.execute(DefaultBuildOperationRunner.java:67)
	at org.gradle.internal.operations.DefaultBuildOperationRunner$2.execute(DefaultBuildOperationRunner.java:60)
	at org.gradle.internal.operations.DefaultBuildOperationRunner.execute(DefaultBuildOperationRunner.java:167)
	at org.gradle.internal.operations.DefaultBuildOperationRunner.execute(DefaultBuildOperationRunner.java:60)
	at org.gradle.internal.operations.DefaultBuildOperationRunner.call(DefaultBuildOperationRunner.java:54)
	at org.gradle.launcher.exec.RunAsBuildOperationBuildActionExecutor.execute(RunAsBuildOperationBuildActionExecutor.java:61)
	at org.gradle.launcher.exec.RunAsWorkerThreadBuildActionExecutor.lambda$execute$0(RunAsWorkerThreadBuildActionExecutor.java:36)
	at org.gradle.internal.work.DefaultWorkerLeaseService.lambda$withLocksAcquired$0(DefaultWorkerLeaseService.java:275)
	at org.gradle.internal.work.ResourceLockStatistics$1.measure(ResourceLockStatistics.java:43)
	at org.gradle.internal.work.DefaultWorkerLeaseService.withLocksAcquired(DefaultWorkerLeaseService.java:273)
	at org.gradle.internal.work.DefaultWorkerLeaseService.withLocks(DefaultWorkerLeaseService.java:265)
	at org.gradle.internal.work.DefaultWorkerLeaseService.runAsWorkerThread(DefaultWorkerLeaseService.java:128)
	at org.gradle.launcher.exec.RunAsWorkerThreadBuildActionExecutor.execute(RunAsWorkerThreadBuildActionExecutor.java:36)
	at org.gradle.tooling.internal.provider.continuous.ContinuousBuildActionExecutor.execute(ContinuousBuildActionExecutor.java:110)
	at org.gradle.tooling.internal.provider.SubscribableBuildActionExecutor.execute(SubscribableBuildActionExecutor.java:64)
	at org.gradle.internal.session.DefaultBuildSessionContext.execute(DefaultBuildSessionContext.java:46)
	at org.gradle.internal.buildprocess.execution.BuildSessionLifecycleBuildActionExecutor$ActionImpl.apply(BuildSessionLifecycleBuildActionExecutor.java:106)
	at org.gradle.internal.buildprocess.execution.BuildSessionLifecycleBuildActionExecutor$ActionImpl.apply(BuildSessionLifecycleBuildActionExecutor.java:94)
	at org.gradle.internal.session.BuildSessionState.run(BuildSessionState.java:73)
	at org.gradle.internal.buildprocess.execution.BuildSessionLifecycleBuildActionExecutor.execute(BuildSessionLifecycleBuildActionExecutor.java:67)
	at org.gradle.internal.buildprocess.execution.BuildSessionLifecycleBuildActionExecutor.execute(BuildSessionLifecycleBuildActionExecutor.java:45)
	at org.gradle.internal.buildprocess.execution.StartParamsValidatingActionExecutor.execute(StartParamsValidatingActionExecutor.java:57)
	at org.gradle.internal.buildprocess.execution.StartParamsValidatingActionExecutor.execute(StartParamsValidatingActionExecutor.java:32)
	at org.gradle.internal.buildprocess.execution.SessionFailureReportingActionExecutor.execute(SessionFailureReportingActionExecutor.java:51)
	at org.gradle.internal.buildprocess.execution.SessionFailureReportingActionExecutor.execute(SessionFailureReportingActionExecutor.java:39)
	at org.gradle.internal.buildprocess.execution.SetupLoggingActionExecutor.execute(SetupLoggingActionExecutor.java:47)
	at org.gradle.internal.buildprocess.execution.SetupLoggingActionExecutor.execute(SetupLoggingActionExecutor.java:31)
	at org.gradle.launcher.daemon.server.exec.ExecuteBuild.doBuild(ExecuteBuild.java:70)
	at org.gradle.launcher.daemon.server.exec.BuildCommandOnly.execute(BuildCommandOnly.java:37)
	at org.gradle.launcher.daemon.server.api.DaemonCommandExecution.proceed(DaemonCommandExecution.java:104)
	at org.gradle.launcher.daemon.server.exec.WatchForDisconnection.execute(WatchForDisconnection.java:39)
	at org.gradle.launcher.daemon.server.api.DaemonCommandExecution.proceed(DaemonCommandExecution.java:104)
	at org.gradle.launcher.daemon.server.exec.ResetDeprecationLogger.execute(ResetDeprecationLogger.java:29)
	at org.gradle.launcher.daemon.server.api.DaemonCommandExecution.proceed(DaemonCommandExecution.java:104)
	at org.gradle.launcher.daemon.server.exec.RequestStopIfSingleUsedDaemon.execute(RequestStopIfSingleUsedDaemon.java:35)
	at org.gradle.launcher.daemon.server.api.DaemonCommandExecution.proceed(DaemonCommandExecution.java:104)
	at org.gradle.launcher.daemon.server.exec.ForwardClientInput.lambda$execute$0(ForwardClientInput.java:40)
	at org.gradle.internal.daemon.clientinput.ClientInputForwarder.forwardInput(ClientInputForwarder.java:80)
	at org.gradle.launcher.daemon.server.exec.ForwardClientInput.execute(ForwardClientInput.java:37)
	at org.gradle.launcher.daemon.server.api.DaemonCommandExecution.proceed(DaemonCommandExecution.java:104)
	at org.gradle.launcher.daemon.server.exec.LogAndCheckHealth.execute(LogAndCheckHealth.java:53)
	at org.gradle.launcher.daemon.server.api.DaemonCommandExecution.proceed(DaemonCommandExecution.java:104)
	at org.gradle.launcher.daemon.server.exec.LogToClient.doBuild(LogToClient.java:63)
	at org.gradle.launcher.daemon.server.exec.BuildCommandOnly.execute(BuildCommandOnly.java:37)
	at org.gradle.launcher.daemon.server.api.DaemonCommandExecution.proceed(DaemonCommandExecution.java:104)
	at org.gradle.launcher.daemon.server.exec.EstablishBuildEnvironment.doBuild(EstablishBuildEnvironment.java:84)
	at org.gradle.launcher.daemon.server.exec.BuildCommandOnly.execute(BuildCommandOnly.java:37)
	at org.gradle.launcher.daemon.server.api.DaemonCommandExecution.proceed(DaemonCommandExecution.java:104)
	at org.gradle.launcher.daemon.server.exec.StartBuildOrRespondWithBusy$1.run(StartBuildOrRespondWithBusy.java:52)
	at org.gradle.launcher.daemon.server.DaemonStateCoordinator.lambda$runCommand$0(DaemonStateCoordinator.java:321)
	at org.gradle.internal.concurrent.ExecutorPolicy$CatchAndRecordFailures.onExecute(ExecutorPolicy.java:64)
	at org.gradle.internal.concurrent.AbstractManagedExecutor$1.run(AbstractManagedExecutor.java:47)
Caused by: org.gradle.api.resources.ResourceException: Could not get resource 'https://repo.maven.apache.org/maven2/org/jetbrains/kotlin/jvm/org.jetbrains.kotlin.jvm.gradle.plugin/2.4.10/org.jetbrains.kotlin.jvm.gradle.plugin-2.4.10.jar'.
	at org.gradle.internal.resource.ResourceExceptions.failure(ResourceExceptions.java:74)
	at org.gradle.internal.resource.ResourceExceptions.getFailed(ResourceExceptions.java:57)
	at org.gradle.api.internal.artifacts.repositories.resolver.DefaultExternalResourceArtifactResolver.staticResourceExists(DefaultExternalResourceArtifactResolver.java:83)
	at org.gradle.api.internal.artifacts.repositories.resolver.DefaultExternalResourceArtifactResolver.artifactExists(DefaultExternalResourceArtifactResolver.java:67)
	at org.gradle.api.internal.artifacts.repositories.resolver.ExternalResourceResolver$RemoteRepositoryAccess.resolveArtifact(ExternalResourceResolver.java:472)
	at org.gradle.api.internal.artifacts.ivyservice.ivyresolve.CachingModuleComponentRepository$ResolveAndCacheRepositoryAccess.resolveArtifact(CachingModuleComponentRepository.java:470)
	at org.gradle.api.internal.artifacts.ivyservice.ivyresolve.ErrorHandlingModuleComponentRepository$ErrorHandlingModuleComponentRepositoryAccess.lambda$resolveArtifact$12(ErrorHandlingModuleComponentRepository.java:180)
	at org.gradle.api.internal.artifacts.ivyservice.ivyresolve.ErrorHandlingModuleComponentRepository$ErrorHandlingModuleComponentRepositoryAccess.tryResolveAndMaybeDisable(ErrorHandlingModuleComponentRepository.java:251)
	... 213 more
Caused by: org.gradle.internal.resource.transport.http.HttpErrorStatusCodeException: Could not HEAD 'https://repo.maven.apache.org/maven2/org/jetbrains/kotlin/jvm/org.jetbrains.kotlin.jvm.gradle.plugin/2.4.10/org.jetbrains.kotlin.jvm.gradle.plugin-2.4.10.jar'. Received status code 429 from server: Too Many Requests
	at org.gradle.internal.resource.transport.http.ApacheCommonsHttpClient.processResponse(ApacheCommonsHttpClient.java:310)
	at org.gradle.internal.resource.transport.http.ApacheCommonsHttpClient.performHead(ApacheCommonsHttpClient.java:114)
	at org.gradle.internal.resource.transport.http.HttpResourceAccessor.getMetaData(HttpResourceAccessor.java:58)
	at org.gradle.internal.resource.transfer.DefaultExternalResourceConnector.getMetaData(DefaultExternalResourceConnector.java:66)
	at org.gradle.internal.resource.transfer.ProgressLoggingExternalResourceAccessor$MetadataOperation.call(ProgressLoggingExternalResourceAccessor.java:173)
	at org.gradle.internal.resource.transfer.ProgressLoggingExternalResourceAccessor$MetadataOperation.call(ProgressLoggingExternalResourceAccessor.java:161)
	at org.gradle.internal.operations.DefaultBuildOperationRunner$CallableBuildOperationWorker.execute(DefaultBuildOperationRunner.java:210)
	at org.gradle.internal.operations.DefaultBuildOperationRunner$CallableBuildOperationWorker.execute(DefaultBuildOperationRunner.java:205)
	at org.gradle.internal.operations.DefaultBuildOperationRunner$2.execute(DefaultBuildOperationRunner.java:67)
	at org.gradle.internal.operations.DefaultBuildOperationRunner$2.execute(DefaultBuildOperationRunner.java:60)
	at org.gradle.internal.operations.DefaultBuildOperationRunner.execute(DefaultBuildOperationRunner.java:167)
	at org.gradle.internal.operations.DefaultBuildOperationRunner.execute(DefaultBuildOperationRunner.java:60)
	at org.gradle.internal.operations.DefaultBuildOperationRunner.call(DefaultBuildOperationRunner.java:54)
	at org.gradle.internal.resource.transfer.ProgressLoggingExternalResourceAccessor.getMetaData(ProgressLoggingExternalResourceAccessor.java:55)
	at org.gradle.internal.resource.transfer.AccessorBackedExternalResource.getMetaData(AccessorBackedExternalResource.java:156)
	at org.gradle.api.internal.artifacts.repositories.resolver.DefaultExternalResourceArtifactResolver.staticResourceExists(DefaultExternalResourceArtifactResolver.java:79)
	... 218 more

==============================================================================

11: Task failed with an exception.
-----------
* What went wrong:
Execution failed for task ':app:mergeReleaseResources'.
> Could not resolve all files for configuration ':app:releaseRuntimeClasspath'.
   > Could not resolve com.tom-roush:pdfbox-android:2.0.27.0.
     Required by:
         project ':app'
      > Repository MavenRepo is disabled due to earlier error below:
         > Could not download org.jetbrains.kotlin.jvm.gradle.plugin-2.4.10.jar (org.jetbrains.kotlin.jvm:org.jetbrains.kotlin.jvm.gradle.plugin:2.4.10)
            > Could not get resource 'https://repo.maven.apache.org/maven2/org/jetbrains/kotlin/jvm/org.jetbrains.kotlin.jvm.gradle.plugin/2.4.10/org.jetbrains.kotlin.jvm.gradle.plugin-2.4.10.jar'.
               > Could not HEAD 'https://repo.maven.apache.org/maven2/org/jetbrains/kotlin/jvm/org.jetbrains.kotlin.jvm.gradle.plugin/2.4.10/org.jetbrains.kotlin.jvm.gradle.plugin-2.4.10.jar'. Received status code 429 from server: Too Many Requests

* Try:
> Run with --info or --debug option to get more log output.
> Run with --scan to get full insights from a Build Scan (powered by Develocity).
> Get more help at https://help.gradle.org.

* Exception is:
org.gradle.api.tasks.TaskExecutionException: Execution failed for task ':app:mergeReleaseResources'.
	at org.gradle.api.internal.tasks.execution.CatchExceptionTaskExecuter.execute(CatchExceptionTaskExecuter.java:38)
	at org.gradle.api.internal.tasks.execution.EventFiringTaskExecuter$1.executeTask(EventFiringTaskExecuter.java:77)
	at org.gradle.api.internal.tasks.execution.EventFiringTaskExecuter$1.call(EventFiringTaskExecuter.java:55)
	at org.gradle.api.internal.tasks.execution.EventFiringTaskExecuter$1.call(EventFiringTaskExecuter.java:52)
	at org.gradle.internal.operations.DefaultBuildOperationRunner$CallableBuildOperationWorker.execute(DefaultBuildOperationRunner.java:210)
	at org.gradle.internal.operations.DefaultBuildOperationRunner$CallableBuildOperationWorker.execute(DefaultBuildOperationRunner.java:205)
	at org.gradle.internal.operations.DefaultBuildOperationRunner$2.execute(DefaultBuildOperationRunner.java:67)
	at org.gradle.internal.operations.DefaultBuildOperationRunner$2.execute(DefaultBuildOperationRunner.java:60)
	at org.gradle.internal.operations.DefaultBuildOperationRunner.execute(DefaultBuildOperationRunner.java:167)
	at org.gradle.internal.operations.DefaultBuildOperationRunner.execute(DefaultBuildOperationRunner.java:60)
	at org.gradle.internal.operations.DefaultBuildOperationRunner.call(DefaultBuildOperationRunner.java:54)
	at org.gradle.api.internal.tasks.execution.EventFiringTaskExecuter.execute(EventFiringTaskExecuter.java:52)
	at org.gradle.execution.plan.DefaultNodeExecutor.executeLocalTaskNode(DefaultNodeExecutor.java:55)
	at org.gradle.execution.plan.DefaultNodeExecutor.execute(DefaultNodeExecutor.java:34)
	at org.gradle.execution.taskgraph.DefaultTaskExecutionGraph$InvokeNodeExecutorsAction.execute(DefaultTaskExecutionGraph.java:355)
	at org.gradle.execution.taskgraph.DefaultTaskExecutionGraph$InvokeNodeExecutorsAction.execute(DefaultTaskExecutionGraph.java:343)
	at org.gradle.execution.taskgraph.DefaultTaskExecutionGraph$BuildOperationAwareExecutionAction.lambda$execute$0(DefaultTaskExecutionGraph.java:339)
	at org.gradle.internal.operations.CurrentBuildOperationRef.with(CurrentBuildOperationRef.java:84)
	at org.gradle.execution.taskgraph.DefaultTaskExecutionGraph$BuildOperationAwareExecutionAction.execute(DefaultTaskExecutionGraph.java:339)
	at org.gradle.execution.taskgraph.DefaultTaskExecutionGraph$BuildOperationAwareExecutionAction.execute(DefaultTaskExecutionGraph.java:328)
	at org.gradle.execution.plan.DefaultPlanExecutor$ExecutorWorker.execute(DefaultPlanExecutor.java:459)
	at org.gradle.execution.plan.DefaultPlanExecutor$ExecutorWorker.run(DefaultPlanExecutor.java:376)
	at org.gradle.internal.concurrent.ExecutorPolicy$CatchAndRecordFailures.onExecute(ExecutorPolicy.java:64)
	at org.gradle.internal.concurrent.AbstractManagedExecutor$1.run(AbstractManagedExecutor.java:47)
	at java.base/java.util.concurrent.ThreadPoolExecutor.runWorker(ThreadPoolExecutor.java:1144)
	at java.base/java.util.concurrent.ThreadPoolExecutor$Worker.run(ThreadPoolExecutor.java:642)
	at java.base/java.lang.Thread.run(Thread.java:1583)
Caused by: org.gradle.api.internal.artifacts.ivyservice.TypedResolveException: Could not resolve all files for configuration ':app:releaseRuntimeClasspath'.
	at org.gradle.api.internal.artifacts.ResolveExceptionMapper.mapFailure(ResolveExceptionMapper.java:73)
	at org.gradle.api.internal.artifacts.ResolveExceptionMapper.mapFailures(ResolveExceptionMapper.java:65)
	at org.gradle.api.internal.artifacts.configurations.DefaultConfiguration$DefaultResolutionHost.consolidateFailures(DefaultConfiguration.java:1789)
	at org.gradle.api.internal.artifacts.configurations.ResolutionHost.rethrowFailuresAndReportProblems(ResolutionHost.java:75)
	at org.gradle.api.internal.artifacts.configurations.ResolutionBackedFileCollection.maybeThrowResolutionFailures(ResolutionBackedFileCollection.java:86)
	at org.gradle.api.internal.artifacts.configurations.ResolutionBackedFileCollection.visitContents(ResolutionBackedFileCollection.java:76)
	at org.gradle.api.internal.file.AbstractFileCollection.visitStructure(AbstractFileCollection.java:361)
	at org.gradle.api.internal.file.collections.DefaultConfigurableFileCollection.lambda$calculateFinalizedValue$1(DefaultConfigurableFileCollection.java:423)
	at org.gradle.api.internal.file.collections.UnpackingVisitor.add(UnpackingVisitor.java:66)
	at org.gradle.api.internal.file.collections.DefaultConfigurableFileCollection$UnresolvedItemsCollector.visitContents(DefaultConfigurableFileCollection.java:635)
	at org.gradle.api.internal.file.collections.DefaultConfigurableFileCollection.calculateFinalizedValue(DefaultConfigurableFileCollection.java:423)
	at org.gradle.api.internal.file.collections.DefaultConfigurableFileCollection.finalizeNow(DefaultConfigurableFileCollection.java:125)
	at org.gradle.api.internal.file.collections.DefaultConfigurableFileCollection.lambda$visitChildren$2(DefaultConfigurableFileCollection.java:447)
	at org.gradle.api.internal.provider.ValueState.finalizeOnReadIfNeeded(ValueState.java:142)
	at org.gradle.api.internal.file.collections.DefaultConfigurableFileCollection.visitChildren(DefaultConfigurableFileCollection.java:447)
	at org.gradle.api.internal.file.CompositeFileCollection.visitContents(CompositeFileCollection.java:112)
	at org.gradle.api.internal.file.AbstractFileCollection.visitStructure(AbstractFileCollection.java:361)
	at org.gradle.api.internal.file.CompositeFileCollection.lambda$visitContents$0(CompositeFileCollection.java:112)
	at org.gradle.api.internal.file.collections.UnpackingVisitor.add(UnpackingVisitor.java:66)
	at org.gradle.api.internal.file.collections.UnpackingVisitor.add(UnpackingVisitor.java:91)
	at org.gradle.api.internal.file.DefaultFileCollectionFactory$ResolvingFileCollection.visitChildren(DefaultFileCollectionFactory.java:311)
	at org.gradle.api.internal.file.CompositeFileCollection.visitContents(CompositeFileCollection.java:112)
	at org.gradle.api.internal.file.AbstractFileCollection.visitStructure(AbstractFileCollection.java:361)
	at org.gradle.api.internal.file.CompositeFileCollection.lambda$visitContents$0(CompositeFileCollection.java:112)
	at org.gradle.api.internal.tasks.PropertyFileCollection.visitChildren(PropertyFileCollection.java:48)
	at org.gradle.api.internal.file.CompositeFileCollection.visitContents(CompositeFileCollection.java:112)
	at org.gradle.api.internal.file.AbstractFileCollection.visitStructure(AbstractFileCollection.java:361)
	at org.gradle.internal.fingerprint.impl.DefaultFileCollectionSnapshotter.snapshot(DefaultFileCollectionSnapshotter.java:48)
	at org.gradle.internal.execution.impl.DefaultInputFingerprinter$InputCollectingVisitor.visitInputFileProperty(DefaultInputFingerprinter.java:151)
	at org.gradle.api.internal.tasks.execution.TaskExecution.visitMutableInputs(TaskExecution.java:345)
	at org.gradle.internal.execution.impl.DefaultInputFingerprinter.fingerprintInputProperties(DefaultInputFingerprinter.java:77)
	at org.gradle.internal.execution.steps.CaptureMutableStateBeforeExecutionStep.captureExecutionStateWithOutputs(CaptureMutableStateBeforeExecutionStep.java:124)
	at org.gradle.internal.execution.steps.CaptureMutableStateBeforeExecutionStep.lambda$captureExecutionState$0(CaptureMutableStateBeforeExecutionStep.java:94)
	at org.gradle.internal.execution.steps.BuildOperationStep$1.call(BuildOperationStep.java:38)
	at org.gradle.internal.operations.DefaultBuildOperationRunner$CallableBuildOperationWorker.execute(DefaultBuildOperationRunner.java:210)
	at org.gradle.internal.operations.DefaultBuildOperationRunner$CallableBuildOperationWorker.execute(DefaultBuildOperationRunner.java:205)
	at org.gradle.internal.operations.DefaultBuildOperationRunner$2.execute(DefaultBuildOperationRunner.java:67)
	at org.gradle.internal.operations.DefaultBuildOperationRunner$2.execute(DefaultBuildOperationRunner.java:60)
	at org.gradle.internal.operations.DefaultBuildOperationRunner.execute(DefaultBuildOperationRunner.java:167)
	at org.gradle.internal.operations.DefaultBuildOperationRunner.execute(DefaultBuildOperationRunner.java:60)
	at org.gradle.internal.operations.DefaultBuildOperationRunner.call(DefaultBuildOperationRunner.java:54)
	at org.gradle.internal.execution.steps.BuildOperationStep.operation(BuildOperationStep.java:35)
	at org.gradle.internal.execution.steps.CaptureMutableStateBeforeExecutionStep.captureExecutionState(CaptureMutableStateBeforeExecutionStep.java:92)
	at org.gradle.internal.execution.steps.CaptureMutableStateBeforeExecutionStep.executeMutable(CaptureMutableStateBeforeExecutionStep.java:73)
	at org.gradle.internal.execution.steps.CaptureMutableStateBeforeExecutionStep.execute(CaptureMutableStateBeforeExecutionStep.java:65)
	at org.gradle.internal.execution.steps.CaptureMutableStateBeforeExecutionStep.execute(CaptureMutableStateBeforeExecutionStep.java:45)
	at org.gradle.internal.execution.steps.SkipEmptyMutableWorkStep.executeWithNonEmptySources(SkipEmptyMutableWorkStep.java:210)
	at org.gradle.internal.execution.steps.SkipEmptyMutableWorkStep.executeMutable(SkipEmptyMutableWorkStep.java:85)
	at org.gradle.internal.execution.steps.SkipEmptyMutableWorkStep.executeMutable(SkipEmptyMutableWorkStep.java:53)
	at org.gradle.internal.execution.steps.MutableStep.execute(MutableStep.java:26)
	at org.gradle.internal.execution.steps.legacy.MarkSnapshottingInputsStartedStep.execute(MarkSnapshottingInputsStartedStep.java:38)
	at org.gradle.internal.execution.steps.LoadPreviousExecutionStateStep.executeMutable(LoadPreviousExecutionStateStep.java:36)
	at org.gradle.internal.execution.steps.LoadPreviousExecutionStateStep.executeMutable(LoadPreviousExecutionStateStep.java:23)
	at org.gradle.internal.execution.steps.MutableStep.execute(MutableStep.java:26)
	at org.gradle.internal.execution.steps.HandleStaleOutputsStep.executeMutable(HandleStaleOutputsStep.java:77)
	at org.gradle.internal.execution.steps.HandleStaleOutputsStep.executeMutable(HandleStaleOutputsStep.java:43)
	at org.gradle.internal.execution.steps.MutableStep.execute(MutableStep.java:26)
	at org.gradle.internal.execution.steps.AssignMutableWorkspaceStep.lambda$executeMutable$0(AssignMutableWorkspaceStep.java:34)
	at org.gradle.api.internal.tasks.execution.TaskExecution$4.withWorkspace(TaskExecution.java:305)
	at org.gradle.internal.execution.steps.AssignMutableWorkspaceStep.executeMutable(AssignMutableWorkspaceStep.java:30)
	at org.gradle.internal.execution.steps.AssignMutableWorkspaceStep.executeMutable(AssignMutableWorkspaceStep.java:21)
	at org.gradle.internal.execution.steps.MutableStep.execute(MutableStep.java:26)
	at org.gradle.internal.execution.steps.ChoosePipelineStep.execute(ChoosePipelineStep.java:40)
	at org.gradle.internal.execution.steps.ChoosePipelineStep.execute(ChoosePipelineStep.java:23)
	at org.gradle.internal.execution.steps.ExecuteWorkBuildOperationFiringStep.lambda$execute$2(ExecuteWorkBuildOperationFiringStep.java:67)
	at java.base/java.util.Optional.orElseGet(Optional.java:364)
	at org.gradle.internal.execution.steps.ExecuteWorkBuildOperationFiringStep.execute(ExecuteWorkBuildOperationFiringStep.java:67)
	at org.gradle.internal.execution.steps.ExecuteWorkBuildOperationFiringStep.execute(ExecuteWorkBuildOperationFiringStep.java:39)
	at org.gradle.internal.execution.steps.IdentityCacheStep.execute(IdentityCacheStep.java:46)
	at org.gradle.internal.execution.steps.IdentityCacheStep.execute(IdentityCacheStep.java:34)
	at org.gradle.internal.execution.steps.IdentifyStep.execute(IdentifyStep.java:56)
	at org.gradle.internal.execution.steps.IdentifyStep.execute(IdentifyStep.java:38)
	at org.gradle.internal.execution.impl.DefaultExecutionEngine$1.execute(DefaultExecutionEngine.java:68)
	at org.gradle.api.internal.tasks.execution.ExecuteActionsTaskExecuter.executeIfValid(ExecuteActionsTaskExecuter.java:132)
	at org.gradle.api.internal.tasks.execution.ExecuteActionsTaskExecuter.execute(ExecuteActionsTaskExecuter.java:121)
	at org.gradle.api.internal.tasks.execution.ProblemsTaskPathTrackingTaskExecuter.execute(ProblemsTaskPathTrackingTaskExecuter.java:41)
	at org.gradle.api.internal.tasks.execution.ResolveTaskExecutionModeExecuter.execute(ResolveTaskExecutionModeExecuter.java:51)
	at org.gradle.api.internal.tasks.execution.FinalizePropertiesTaskExecuter.execute(FinalizePropertiesTaskExecuter.java:46)
	at org.gradle.api.internal.tasks.execution.SkipTaskWithNoActionsExecuter.execute(SkipTaskWithNoActionsExecuter.java:57)
	at org.gradle.api.internal.tasks.execution.SkipOnlyIfTaskExecuter.execute(SkipOnlyIfTaskExecuter.java:74)
	at org.gradle.api.internal.tasks.execution.CatchExceptionTaskExecuter.execute(CatchExceptionTaskExecuter.java:36)
	... 26 more
Caused by: org.gradle.internal.resolve.ModuleVersionResolveException: Could not resolve com.tom-roush:pdfbox-android:2.0.27.0.
Required by:
    project ':app'
Caused by: org.gradle.internal.resolve.ModuleVersionResolveException: Repository MavenRepo is disabled due to earlier error below:
Caused by: org.gradle.internal.resolve.ArtifactResolveException: Could not download org.jetbrains.kotlin.jvm.gradle.plugin-2.4.10.jar (org.jetbrains.kotlin.jvm:org.jetbrains.kotlin.jvm.gradle.plugin:2.4.10)
	at org.gradle.api.internal.artifacts.ivyservice.ivyresolve.ErrorHandlingModuleComponentRepository$ErrorHandlingModuleComponentRepositoryAccess.lambda$resolveArtifact$14(ErrorHandlingModuleComponentRepository.java:190)
	at org.gradle.api.internal.artifacts.ivyservice.ivyresolve.ErrorHandlingModuleComponentRepository$ErrorHandlingModuleComponentRepositoryAccess.tryResolveAndMaybeDisable(ErrorHandlingModuleComponentRepository.java:260)
	at org.gradle.api.internal.artifacts.ivyservice.ivyresolve.ErrorHandlingModuleComponentRepository$ErrorHandlingModuleComponentRepositoryAccess.performOperationWithRetries(ErrorHandlingModuleComponentRepository.java:204)
	at org.gradle.api.internal.artifacts.ivyservice.ivyresolve.ErrorHandlingModuleComponentRepository$ErrorHandlingModuleComponentRepositoryAccess.resolveArtifact(ErrorHandlingModuleComponentRepository.java:178)
	at org.gradle.api.internal.artifacts.ivyservice.ivyresolve.RepositoryChainArtifactResolver.resolveArtifactLater(RepositoryChainArtifactResolver.java:75)
	at org.gradle.api.internal.artifacts.ivyservice.ivyresolve.RepositoryChainArtifactResolver.lambda$resolveArtifact$0(RepositoryChainArtifactResolver.java:63)
	at org.gradle.internal.model.CalculatedValueContainerFactory$SupplierBackedCalculator.calculateValue(CalculatedValueContainerFactory.java:69)
	at org.gradle.internal.model.CalculatedValueContainer$CalculationState.lambda$attachValue$0(CalculatedValueContainer.java:227)
	at org.gradle.internal.Try.ofFailable(Try.java:46)
	at org.gradle.internal.model.CalculatedValueContainer$CalculationState.attachValue(CalculatedValueContainer.java:222)
	at org.gradle.internal.model.CalculatedValueContainer.finalizeIfNotAlready(CalculatedValueContainer.java:195)
	at org.gradle.internal.model.CalculatedValueContainer.finalizeIfNotAlready(CalculatedValueContainer.java:186)
	at org.gradle.api.internal.artifacts.DefaultResolvableArtifact.getFile(DefaultResolvableArtifact.java:140)
	at org.gradle.internal.resolve.resolver.DefaultComponentArtifactResolver.resolveArtifacts(DefaultComponentArtifactResolver.java:50)
	at org.gradle.api.internal.artifacts.ivyservice.resolveengine.artifact.ArtifactBackedResolvedVariant.getArtifacts(ArtifactBackedResolvedVariant.java:80)
	at org.gradle.api.internal.artifacts.transform.AttributeMatchingArtifactVariantSelector.doSelect(AttributeMatchingArtifactVariantSelector.java:88)
	at org.gradle.api.internal.artifacts.transform.AttributeMatchingArtifactVariantSelector.select(AttributeMatchingArtifactVariantSelector.java:70)
	at org.gradle.api.internal.artifacts.ivyservice.resolveengine.artifact.VariantResolvingArtifactSet.select(VariantResolvingArtifactSet.java:110)
	at org.gradle.api.internal.artifacts.ivyservice.resolveengine.artifact.DefaultVisitedArtifactResults.select(DefaultVisitedArtifactResults.java:43)
	at org.gradle.api.internal.artifacts.ivyservice.resolveengine.artifact.DefaultVisitedArtifactSet.select(DefaultVisitedArtifactSet.java:97)
	at org.gradle.api.internal.artifacts.resolver.DefaultResolutionOutputs$DefaultArtifactView.selectArtifacts(DefaultResolutionOutputs.java:204)
	at org.gradle.api.internal.artifacts.configurations.ResolutionResultProvider$1.getValue(ResolutionResultProvider.java:54)
	at org.gradle.api.internal.artifacts.configurations.ResolutionResultProviderBackedSelectedArtifactSet.visitArtifacts(ResolutionResultProviderBackedSelectedArtifactSet.java:50)
	at org.gradle.api.internal.artifacts.configurations.DefaultArtifactCollection.lambda$new$0(DefaultArtifactCollection.java:61)
	at org.gradle.internal.model.CalculatedValueContainerFactory$SupplierBackedCalculator.calculateValue(CalculatedValueContainerFactory.java:69)
	at org.gradle.internal.model.CalculatedValueContainer$CalculationState.lambda$attachValue$0(CalculatedValueContainer.java:227)
	at org.gradle.internal.Try.ofFailable(Try.java:46)
	at org.gradle.internal.model.CalculatedValueContainer$CalculationState.attachValue(CalculatedValueContainer.java:222)
	at org.gradle.internal.model.CalculatedValueContainer.finalizeIfNotAlready(CalculatedValueContainer.java:195)
	at org.gradle.internal.model.CalculatedValueContainer.finalizeIfNotAlready(CalculatedValueContainer.java:186)
	at org.gradle.api.internal.artifacts.configurations.DefaultArtifactCollection.ensureResolved(DefaultArtifactCollection.java:123)
	at org.gradle.api.internal.artifacts.configurations.DefaultArtifactCollection.getFailures(DefaultArtifactCollection.java:112)
	at org.gradle.plugin.use.resolve.internal.ArtifactRepositoriesPluginResolver.exists(ArtifactRepositoriesPluginResolver.java:186)
	at org.gradle.plugin.use.resolve.internal.ArtifactRepositoriesPluginResolver.resolve(ArtifactRepositoriesPluginResolver.java:65)
	at org.gradle.plugin.use.resolve.internal.CompositePluginResolver.resolve(CompositePluginResolver.java:36)
	at org.gradle.plugin.use.resolve.internal.AlreadyOnClasspathPluginResolver.resolve(AlreadyOnClasspathPluginResolver.java:64)
	at org.gradle.plugin.use.internal.DefaultPluginRequestApplicator.resolvePluginRequest(DefaultPluginRequestApplicator.java:190)
	at org.gradle.plugin.use.internal.DefaultPluginRequestApplicator.applyPlugins(DefaultPluginRequestApplicator.java:102)
	at org.gradle.kotlin.dsl.provider.PluginRequestsHandler.handle(PluginRequestsHandler.kt:45)
	at org.gradle.kotlin.dsl.provider.StandardKotlinScriptEvaluator$InterpreterHost.applyPluginsTo(KotlinScriptEvaluator.kt:246)
	at org.gradle.kotlin.dsl.execution.Interpreter$ProgramHost.applyPluginsTo(Interpreter.kt:395)
	at Program.execute(Unknown Source)
	at org.gradle.kotlin.dsl.execution.Interpreter$ProgramHost.eval(Interpreter.kt:526)
	at org.gradle.kotlin.dsl.execution.Interpreter.eval(Interpreter.kt:219)
	at org.gradle.kotlin.dsl.provider.StandardKotlinScriptEvaluator.evaluate(KotlinScriptEvaluator.kt:135)
	at org.gradle.kotlin.dsl.provider.KotlinScriptPluginFactory.create$lambda$0(KotlinScriptPluginFactory.kt:61)
	at org.gradle.kotlin.dsl.provider.KotlinScriptPlugin.apply(KotlinScriptPlugin.kt:35)
	at org.gradle.configuration.BuildOperationScriptPlugin$1.run(BuildOperationScriptPlugin.java:68)
	at org.gradle.internal.operations.DefaultBuildOperationRunner$1.execute(DefaultBuildOperationRunner.java:30)
	at org.gradle.internal.operations.DefaultBuildOperationRunner$1.execute(DefaultBuildOperationRunner.java:27)
	at org.gradle.internal.operations.DefaultBuildOperationRunner$2.execute(DefaultBuildOperationRunner.java:67)
	at org.gradle.internal.operations.DefaultBuildOperationRunner$2.execute(DefaultBuildOperationRunner.java:60)
	at org.gradle.internal.operations.DefaultBuildOperationRunner.execute(DefaultBuildOperationRunner.java:167)
	at org.gradle.internal.operations.DefaultBuildOperationRunner.execute(DefaultBuildOperationRunner.java:60)
	at org.gradle.internal.operations.DefaultBuildOperationRunner.run(DefaultBuildOperationRunner.java:48)
	at org.gradle.configuration.BuildOperationScriptPlugin.lambda$apply$0(BuildOperationScriptPlugin.java:65)
	at org.gradle.internal.code.DefaultUserCodeApplicationContext.apply(DefaultUserCodeApplicationContext.java:44)
	at org.gradle.configuration.BuildOperationScriptPlugin.apply(BuildOperationScriptPlugin.java:65)
	at org.gradle.api.internal.project.DefaultProjectStateRegistry$ProjectStateImpl.lambda$applyToMutableState$0(DefaultProjectStateRegistry.java:443)
	at org.gradle.api.internal.project.DefaultProjectStateRegistry$ProjectStateImpl.lambda$fromMutableState$1(DefaultProjectStateRegistry.java:450)
	at org.gradle.api.internal.project.DefaultProjectStateRegistry$ProjectStateImpl.runWithModelLock(DefaultProjectStateRegistry.java:466)
	at org.gradle.api.internal.project.DefaultProjectStateRegistry$ProjectStateImpl.fromMutableState(DefaultProjectStateRegistry.java:450)
	at org.gradle.api.internal.project.DefaultProjectStateRegistry$ProjectStateImpl.applyToMutableState(DefaultProjectStateRegistry.java:442)
	at org.gradle.configuration.project.BuildScriptProcessor.execute(BuildScriptProcessor.java:46)
	at org.gradle.configuration.project.BuildScriptProcessor.execute(BuildScriptProcessor.java:27)
	at org.gradle.configuration.project.ConfigureActionsProjectEvaluator.evaluate(ConfigureActionsProjectEvaluator.java:35)
	at org.gradle.configuration.project.LifecycleProjectEvaluator$EvaluateProject.lambda$run$0(LifecycleProjectEvaluator.java:109)
	at org.gradle.api.internal.project.DefaultProjectStateRegistry$ProjectStateImpl.lambda$applyToMutableState$0(DefaultProjectStateRegistry.java:443)
	at org.gradle.api.internal.project.DefaultProjectStateRegistry$ProjectStateImpl.lambda$fromMutableState$1(DefaultProjectStateRegistry.java:450)
	at org.gradle.internal.work.DefaultWorkerLeaseService.lambda$withLocksAcquired$0(DefaultWorkerLeaseService.java:275)
	at org.gradle.internal.work.ResourceLockStatistics$1.measure(ResourceLockStatistics.java:43)
	at org.gradle.internal.work.DefaultWorkerLeaseService.withLocksAcquired(DefaultWorkerLeaseService.java:273)
	at org.gradle.internal.work.DefaultWorkerLeaseService.lambda$withReplacedLocks$3(DefaultWorkerLeaseService.java:371)
	at org.gradle.internal.work.DefaultWorkerLeaseService.withoutLocks(DefaultWorkerLeaseService.java:343)
	at org.gradle.internal.work.DefaultWorkerLeaseService.withReplacedLocks(DefaultWorkerLeaseService.java:370)
	at org.gradle.api.internal.project.DefaultProjectStateRegistry$ProjectStateImpl.runWithModelLock(DefaultProjectStateRegistry.java:471)
	at org.gradle.api.internal.project.DefaultProjectStateRegistry$ProjectStateImpl.fromMutableState(DefaultProjectStateRegistry.java:450)
	at org.gradle.api.internal.project.DefaultProjectStateRegistry$ProjectStateImpl.applyToMutableState(DefaultProjectStateRegistry.java:442)
	at org.gradle.configuration.project.LifecycleProjectEvaluator$EvaluateProject.run(LifecycleProjectEvaluator.java:100)
	at org.gradle.internal.operations.DefaultBuildOperationRunner$1.execute(DefaultBuildOperationRunner.java:30)
	at org.gradle.internal.operations.DefaultBuildOperationRunner$1.execute(DefaultBuildOperationRunner.java:27)
	at org.gradle.internal.operations.DefaultBuildOperationRunner$2.execute(DefaultBuildOperationRunner.java:67)
	at org.gradle.internal.operations.DefaultBuildOperationRunner$2.execute(DefaultBuildOperationRunner.java:60)
	at org.gradle.internal.operations.DefaultBuildOperationRunner.execute(DefaultBuildOperationRunner.java:167)
	at org.gradle.internal.operations.DefaultBuildOperationRunner.execute(DefaultBuildOperationRunner.java:60)
	at org.gradle.internal.operations.DefaultBuildOperationRunner.run(DefaultBuildOperationRunner.java:48)
	at org.gradle.configuration.project.LifecycleProjectEvaluator.evaluate(LifecycleProjectEvaluator.java:72)
	at org.gradle.api.internal.project.DefaultProject.evaluateUnchecked(DefaultProject.java:796)
	at org.gradle.api.internal.project.ProjectLifecycleController.lambda$ensureSelfConfigured$2(ProjectLifecycleController.java:93)
	at org.gradle.internal.model.StateTransitionController.lambda$doTransition$15(StateTransitionController.java:293)
	at org.gradle.internal.model.StateTransitionController.doTransition(StateTransitionController.java:304)
	at org.gradle.internal.model.StateTransitionController.doTransition(StateTransitionController.java:292)
	at org.gradle.internal.model.StateTransitionController.lambda$maybeTransitionIfNotCurrentlyTransitioning$11(StateTransitionController.java:237)
	at org.gradle.internal.work.DefaultSynchronizer.withLock(DefaultSynchronizer.java:35)
	at org.gradle.internal.model.StateTransitionController.maybeTransitionIfNotCurrentlyTransitioning(StateTransitionController.java:233)
	at org.gradle.api.internal.project.ProjectLifecycleController.ensureSelfConfigured(ProjectLifecycleController.java:93)
	at org.gradle.api.internal.project.DefaultProjectStateRegistry$ProjectStateImpl.ensureConfigured(DefaultProjectStateRegistry.java:408)
	at org.gradle.execution.TaskPathProjectEvaluator.configure(TaskPathProjectEvaluator.java:71)
	at org.gradle.execution.TaskPathProjectEvaluator.configureHierarchy(TaskPathProjectEvaluator.java:85)
	at org.gradle.configuration.DefaultProjectsPreparer.prepareProjects(DefaultProjectsPreparer.java:50)
	at org.gradle.configuration.BuildTreePreparingProjectsPreparer.prepareProjects(BuildTreePreparingProjectsPreparer.java:65)
	at org.gradle.configuration.BuildOperationFiringProjectsPreparer$ConfigureBuild.run(BuildOperationFiringProjectsPreparer.java:52)
	at org.gradle.internal.operations.DefaultBuildOperationRunner$1.execute(DefaultBuildOperationRunner.java:30)
	at org.gradle.internal.operations.DefaultBuildOperationRunner$1.execute(DefaultBuildOperationRunner.java:27)
	at org.gradle.internal.operations.DefaultBuildOperationRunner$2.execute(DefaultBuildOperationRunner.java:67)
	at org.gradle.internal.operations.DefaultBuildOperationRunner$2.execute(DefaultBuildOperationRunner.java:60)
	at org.gradle.internal.operations.DefaultBuildOperationRunner.execute(DefaultBuildOperationRunner.java:167)
	at org.gradle.internal.operations.DefaultBuildOperationRunner.execute(DefaultBuildOperationRunner.java:60)
	at org.gradle.internal.operations.DefaultBuildOperationRunner.run(DefaultBuildOperationRunner.java:48)
	at org.gradle.configuration.BuildOperationFiringProjectsPreparer.prepareProjects(BuildOperationFiringProjectsPreparer.java:40)
	at org.gradle.initialization.VintageBuildModelController.lambda$prepareProjects$2(VintageBuildModelController.java:83)
	at org.gradle.internal.model.StateTransitionController.lambda$doTransition$15(StateTransitionController.java:293)
	at org.gradle.internal.model.StateTransitionController.doTransition(StateTransitionController.java:304)
	at org.gradle.internal.model.StateTransitionController.doTransition(StateTransitionController.java:292)
	at org.gradle.internal.model.StateTransitionController.lambda$transitionIfNotPreviously$12(StateTransitionController.java:251)
	at org.gradle.internal.work.DefaultSynchronizer.withLock(DefaultSynchronizer.java:35)
	at org.gradle.internal.model.StateTransitionController.transitionIfNotPreviously(StateTransitionController.java:247)
	at org.gradle.initialization.VintageBuildModelController.prepareProjects(VintageBuildModelController.java:83)
	at org.gradle.initialization.VintageBuildModelController.prepareToScheduleTasks(VintageBuildModelController.java:70)
	at org.gradle.internal.build.DefaultBuildLifecycleController.lambda$prepareToScheduleTasks$7(DefaultBuildLifecycleController.java:185)
	at org.gradle.internal.model.StateTransitionController.lambda$doTransition$15(StateTransitionController.java:293)
	at org.gradle.internal.model.StateTransitionController.doTransition(StateTransitionController.java:304)
	at org.gradle.internal.model.StateTransitionController.doTransition(StateTransitionController.java:292)
	at org.gradle.internal.model.StateTransitionController.lambda$maybeTransition$10(StateTransitionController.java:228)
	at org.gradle.internal.work.DefaultSynchronizer.withLock(DefaultSynchronizer.java:35)
	at org.gradle.internal.model.StateTransitionController.maybeTransition(StateTransitionController.java:224)
	at org.gradle.internal.build.DefaultBuildLifecycleController.prepareToScheduleTasks(DefaultBuildLifecycleController.java:183)
	at org.gradle.internal.buildtree.DefaultBuildTreeWorkPreparer.scheduleRequestedTasks(DefaultBuildTreeWorkPreparer.java:35)
	at org.gradle.internal.cc.impl.barrier.BarrierAwareBuildTreeWorkPreparer.scheduleRequestedTasks$lambda$0(BarrierAwareBuildTreeWorkPreparer.kt:34)
	at org.gradle.internal.cc.impl.barrier.VintageConfigurationTimeActionRunner.runConfigurationTimeAction(VintageConfigurationTimeActionRunner.kt:48)
	at org.gradle.internal.cc.impl.barrier.BarrierAwareBuildTreeWorkPreparer.scheduleRequestedTasks(BarrierAwareBuildTreeWorkPreparer.kt:33)
	at org.gradle.internal.cc.impl.VintageBuildTreeWorkController$scheduleAndRunRequestedTasks$1$finalizedGraph$1.call(VintageBuildTreeWorkController.kt:37)
	at org.gradle.internal.cc.impl.VintageBuildTreeWorkController$scheduleAndRunRequestedTasks$1$finalizedGraph$1.call(VintageBuildTreeWorkController.kt:37)
	at org.gradle.internal.Try.ofFailable(Try.java:46)
	at org.gradle.internal.cc.impl.VintageBuildTreeWorkController$scheduleAndRunRequestedTasks$1.apply(VintageBuildTreeWorkController.kt:37)
	at org.gradle.internal.cc.impl.VintageBuildTreeWorkController$scheduleAndRunRequestedTasks$1.apply(VintageBuildTreeWorkController.kt:36)
	at org.gradle.composite.internal.DefaultIncludedBuildTaskGraph.withNewWorkGraph(DefaultIncludedBuildTaskGraph.java:115)
	at org.gradle.internal.cc.impl.VintageBuildTreeWorkController.scheduleAndRunRequestedTasks(VintageBuildTreeWorkController.kt:36)
	at org.gradle.internal.buildtree.DefaultBuildTreeLifecycleController.lambda$scheduleAndRunTasks$1(DefaultBuildTreeLifecycleController.java:84)
	at org.gradle.internal.buildtree.DefaultBuildTreeLifecycleController.lambda$runBuild$5(DefaultBuildTreeLifecycleController.java:142)
	at org.gradle.internal.model.StateTransitionController.lambda$transition$7(StateTransitionController.java:207)
	at org.gradle.internal.model.StateTransitionController.doTransition(StateTransitionController.java:304)
	at org.gradle.internal.model.StateTransitionController.lambda$transition$8(StateTransitionController.java:207)
	at org.gradle.internal.work.DefaultSynchronizer.withLock(DefaultSynchronizer.java:45)
	at org.gradle.internal.model.StateTransitionController.transition(StateTransitionController.java:207)
	at org.gradle.internal.buildtree.DefaultBuildTreeLifecycleController.runBuild(DefaultBuildTreeLifecycleController.java:139)
	at org.gradle.internal.buildtree.DefaultBuildTreeLifecycleController.scheduleAndRunTasks(DefaultBuildTreeLifecycleController.java:84)
	at org.gradle.internal.buildtree.DefaultBuildTreeLifecycleController.scheduleAndRunTasks(DefaultBuildTreeLifecycleController.java:79)
	at org.gradle.tooling.internal.provider.ExecuteBuildActionRunner.run(ExecuteBuildActionRunner.java:31)
	at org.gradle.launcher.exec.ChainingBuildActionRunner.run(ChainingBuildActionRunner.java:35)
	at org.gradle.internal.buildtree.ProblemReportingBuildActionRunner.run(ProblemReportingBuildActionRunner.java:54)
	at org.gradle.launcher.exec.BuildOutcomeReportingBuildActionRunner.run(BuildOutcomeReportingBuildActionRunner.java:83)
	at org.gradle.tooling.internal.provider.FileSystemWatchingBuildActionRunner.run(FileSystemWatchingBuildActionRunner.java:135)
	at org.gradle.launcher.exec.BuildCompletionNotifyingBuildActionRunner.run(BuildCompletionNotifyingBuildActionRunner.java:54)
	at org.gradle.launcher.exec.RootBuildLifecycleBuildActionExecutor.lambda$execute$0(RootBuildLifecycleBuildActionExecutor.java:101)
	at org.gradle.composite.internal.DefaultRootBuildState.run(DefaultRootBuildState.java:126)
	at org.gradle.launcher.exec.RootBuildLifecycleBuildActionExecutor.execute(RootBuildLifecycleBuildActionExecutor.java:101)
	at org.gradle.launcher.exec.BuildTreeLifecycleBuildActionExecutor.runRootBuildAction(BuildTreeLifecycleBuildActionExecutor.java:104)
	at org.gradle.launcher.exec.BuildTreeLifecycleBuildActionExecutor.execute(BuildTreeLifecycleBuildActionExecutor.java:74)
	at org.gradle.launcher.exec.RunAsBuildOperationBuildActionExecutor$2.call(RunAsBuildOperationBuildActionExecutor.java:65)
	at org.gradle.launcher.exec.RunAsBuildOperationBuildActionExecutor$2.call(RunAsBuildOperationBuildActionExecutor.java:61)
	at org.gradle.internal.operations.DefaultBuildOperationRunner$CallableBuildOperationWorker.execute(DefaultBuildOperationRunner.java:210)
	at org.gradle.internal.operations.DefaultBuildOperationRunner$CallableBuildOperationWorker.execute(DefaultBuildOperationRunner.java:205)
	at org.gradle.internal.operations.DefaultBuildOperationRunner$2.execute(DefaultBuildOperationRunner.java:67)
	at org.gradle.internal.operations.DefaultBuildOperationRunner$2.execute(DefaultBuildOperationRunner.java:60)
	at org.gradle.internal.operations.DefaultBuildOperationRunner.execute(DefaultBuildOperationRunner.java:167)
	at org.gradle.internal.operations.DefaultBuildOperationRunner.execute(DefaultBuildOperationRunner.java:60)
	at org.gradle.internal.operations.DefaultBuildOperationRunner.call(DefaultBuildOperationRunner.java:54)
	at org.gradle.launcher.exec.RunAsBuildOperationBuildActionExecutor.execute(RunAsBuildOperationBuildActionExecutor.java:61)
	at org.gradle.launcher.exec.RunAsWorkerThreadBuildActionExecutor.lambda$execute$0(RunAsWorkerThreadBuildActionExecutor.java:36)
	at org.gradle.internal.work.DefaultWorkerLeaseService.lambda$withLocksAcquired$0(DefaultWorkerLeaseService.java:275)
	at org.gradle.internal.work.ResourceLockStatistics$1.measure(ResourceLockStatistics.java:43)
	at org.gradle.internal.work.DefaultWorkerLeaseService.withLocksAcquired(DefaultWorkerLeaseService.java:273)
	at org.gradle.internal.work.DefaultWorkerLeaseService.withLocks(DefaultWorkerLeaseService.java:265)
	at org.gradle.internal.work.DefaultWorkerLeaseService.runAsWorkerThread(DefaultWorkerLeaseService.java:128)
	at org.gradle.launcher.exec.RunAsWorkerThreadBuildActionExecutor.execute(RunAsWorkerThreadBuildActionExecutor.java:36)
	at org.gradle.tooling.internal.provider.continuous.ContinuousBuildActionExecutor.execute(ContinuousBuildActionExecutor.java:110)
	at org.gradle.tooling.internal.provider.SubscribableBuildActionExecutor.execute(SubscribableBuildActionExecutor.java:64)
	at org.gradle.internal.session.DefaultBuildSessionContext.execute(DefaultBuildSessionContext.java:46)
	at org.gradle.internal.buildprocess.execution.BuildSessionLifecycleBuildActionExecutor$ActionImpl.apply(BuildSessionLifecycleBuildActionExecutor.java:106)
	at org.gradle.internal.buildprocess.execution.BuildSessionLifecycleBuildActionExecutor$ActionImpl.apply(BuildSessionLifecycleBuildActionExecutor.java:94)
	at org.gradle.internal.session.BuildSessionState.run(BuildSessionState.java:73)
	at org.gradle.internal.buildprocess.execution.BuildSessionLifecycleBuildActionExecutor.execute(BuildSessionLifecycleBuildActionExecutor.java:67)
	at org.gradle.internal.buildprocess.execution.BuildSessionLifecycleBuildActionExecutor.execute(BuildSessionLifecycleBuildActionExecutor.java:45)
	at org.gradle.internal.buildprocess.execution.StartParamsValidatingActionExecutor.execute(StartParamsValidatingActionExecutor.java:57)
	at org.gradle.internal.buildprocess.execution.StartParamsValidatingActionExecutor.execute(StartParamsValidatingActionExecutor.java:32)
	at org.gradle.internal.buildprocess.execution.SessionFailureReportingActionExecutor.execute(SessionFailureReportingActionExecutor.java:51)
	at org.gradle.internal.buildprocess.execution.SessionFailureReportingActionExecutor.execute(SessionFailureReportingActionExecutor.java:39)
	at org.gradle.internal.buildprocess.execution.SetupLoggingActionExecutor.execute(SetupLoggingActionExecutor.java:47)
	at org.gradle.internal.buildprocess.execution.SetupLoggingActionExecutor.execute(SetupLoggingActionExecutor.java:31)
	at org.gradle.launcher.daemon.server.exec.ExecuteBuild.doBuild(ExecuteBuild.java:70)
	at org.gradle.launcher.daemon.server.exec.BuildCommandOnly.execute(BuildCommandOnly.java:37)
	at org.gradle.launcher.daemon.server.api.DaemonCommandExecution.proceed(DaemonCommandExecution.java:104)
	at org.gradle.launcher.daemon.server.exec.WatchForDisconnection.execute(WatchForDisconnection.java:39)
	at org.gradle.launcher.daemon.server.api.DaemonCommandExecution.proceed(DaemonCommandExecution.java:104)
	at org.gradle.launcher.daemon.server.exec.ResetDeprecationLogger.execute(ResetDeprecationLogger.java:29)
	at org.gradle.launcher.daemon.server.api.DaemonCommandExecution.proceed(DaemonCommandExecution.java:104)
	at org.gradle.launcher.daemon.server.exec.RequestStopIfSingleUsedDaemon.execute(RequestStopIfSingleUsedDaemon.java:35)
	at org.gradle.launcher.daemon.server.api.DaemonCommandExecution.proceed(DaemonCommandExecution.java:104)
	at org.gradle.launcher.daemon.server.exec.ForwardClientInput.lambda$execute$0(ForwardClientInput.java:40)
	at org.gradle.internal.daemon.clientinput.ClientInputForwarder.forwardInput(ClientInputForwarder.java:80)
	at org.gradle.launcher.daemon.server.exec.ForwardClientInput.execute(ForwardClientInput.java:37)
	at org.gradle.launcher.daemon.server.api.DaemonCommandExecution.proceed(DaemonCommandExecution.java:104)
	at org.gradle.launcher.daemon.server.exec.LogAndCheckHealth.execute(LogAndCheckHealth.java:53)
	at org.gradle.launcher.daemon.server.api.DaemonCommandExecution.proceed(DaemonCommandExecution.java:104)
	at org.gradle.launcher.daemon.server.exec.LogToClient.doBuild(LogToClient.java:63)
	at org.gradle.launcher.daemon.server.exec.BuildCommandOnly.execute(BuildCommandOnly.java:37)
	at org.gradle.launcher.daemon.server.api.DaemonCommandExecution.proceed(DaemonCommandExecution.java:104)
	at org.gradle.launcher.daemon.server.exec.EstablishBuildEnvironment.doBuild(EstablishBuildEnvironment.java:84)
	at org.gradle.launcher.daemon.server.exec.BuildCommandOnly.execute(BuildCommandOnly.java:37)
	at org.gradle.launcher.daemon.server.api.DaemonCommandExecution.proceed(DaemonCommandExecution.java:104)
	at org.gradle.launcher.daemon.server.exec.StartBuildOrRespondWithBusy$1.run(StartBuildOrRespondWithBusy.java:52)
	at org.gradle.launcher.daemon.server.DaemonStateCoordinator.lambda$runCommand$0(DaemonStateCoordinator.java:321)
	at org.gradle.internal.concurrent.ExecutorPolicy$CatchAndRecordFailures.onExecute(ExecutorPolicy.java:64)
	at org.gradle.internal.concurrent.AbstractManagedExecutor$1.run(AbstractManagedExecutor.java:47)
Caused by: org.gradle.api.resources.ResourceException: Could not get resource 'https://repo.maven.apache.org/maven2/org/jetbrains/kotlin/jvm/org.jetbrains.kotlin.jvm.gradle.plugin/2.4.10/org.jetbrains.kotlin.jvm.gradle.plugin-2.4.10.jar'.
	at org.gradle.internal.resource.ResourceExceptions.failure(ResourceExceptions.java:74)
	at org.gradle.internal.resource.ResourceExceptions.getFailed(ResourceExceptions.java:57)
	at org.gradle.api.internal.artifacts.repositories.resolver.DefaultExternalResourceArtifactResolver.staticResourceExists(DefaultExternalResourceArtifactResolver.java:83)
	at org.gradle.api.internal.artifacts.repositories.resolver.DefaultExternalResourceArtifactResolver.artifactExists(DefaultExternalResourceArtifactResolver.java:67)
	at org.gradle.api.internal.artifacts.repositories.resolver.ExternalResourceResolver$RemoteRepositoryAccess.resolveArtifact(ExternalResourceResolver.java:472)
	at org.gradle.api.internal.artifacts.ivyservice.ivyresolve.CachingModuleComponentRepository$ResolveAndCacheRepositoryAccess.resolveArtifact(CachingModuleComponentRepository.java:470)
	at org.gradle.api.internal.artifacts.ivyservice.ivyresolve.ErrorHandlingModuleComponentRepository$ErrorHandlingModuleComponentRepositoryAccess.lambda$resolveArtifact$12(ErrorHandlingModuleComponentRepository.java:180)
	at org.gradle.api.internal.artifacts.ivyservice.ivyresolve.ErrorHandlingModuleComponentRepository$ErrorHandlingModuleComponentRepositoryAccess.tryResolveAndMaybeDisable(ErrorHandlingModuleComponentRepository.java:251)
	... 213 more
Caused by: org.gradle.internal.resource.transport.http.HttpErrorStatusCodeException: Could not HEAD 'https://repo.maven.apache.org/maven2/org/jetbrains/kotlin/jvm/org.jetbrains.kotlin.jvm.gradle.plugin/2.4.10/org.jetbrains.kotlin.jvm.gradle.plugin-2.4.10.jar'. Received status code 429 from server: Too Many Requests
	at org.gradle.internal.resource.transport.http.ApacheCommonsHttpClient.processResponse(ApacheCommonsHttpClient.java:310)
	at org.gradle.internal.resource.transport.http.ApacheCommonsHttpClient.performHead(ApacheCommonsHttpClient.java:114)
	at org.gradle.internal.resource.transport.http.HttpResourceAccessor.getMetaData(HttpResourceAccessor.java:58)
	at org.gradle.internal.resource.transfer.DefaultExternalResourceConnector.getMetaData(DefaultExternalResourceConnector.java:66)
	at org.gradle.internal.resource.transfer.ProgressLoggingExternalResourceAccessor$MetadataOperation.call(ProgressLoggingExternalResourceAccessor.java:173)
	at org.gradle.internal.resource.transfer.ProgressLoggingExternalResourceAccessor$MetadataOperation.call(ProgressLoggingExternalResourceAccessor.java:161)
	at org.gradle.internal.operations.DefaultBuildOperationRunner$CallableBuildOperationWorker.execute(DefaultBuildOperationRunner.java:210)
	at org.gradle.internal.operations.DefaultBuildOperationRunner$CallableBuildOperationWorker.execute(DefaultBuildOperationRunner.java:205)
	at org.gradle.internal.operations.DefaultBuildOperationRunner$2.execute(DefaultBuildOperationRunner.java:67)
	at org.gradle.internal.operations.DefaultBuildOperationRunner$2.execute(DefaultBuildOperationRunner.java:60)
	at org.gradle.internal.operations.DefaultBuildOperationRunner.execute(DefaultBuildOperationRunner.java:167)
	at org.gradle.internal.operations.DefaultBuildOperationRunner.execute(DefaultBuildOperationRunner.java:60)
	at org.gradle.internal.operations.DefaultBuildOperationRunner.call(DefaultBuildOperationRunner.java:54)
	at org.gradle.internal.resource.transfer.ProgressLoggingExternalResourceAccessor.getMetaData(ProgressLoggingExternalResourceAccessor.java:55)
	at org.gradle.internal.resource.transfer.AccessorBackedExternalResource.getMetaData(AccessorBackedExternalResource.java:156)
	at org.gradle.api.internal.artifacts.repositories.resolver.DefaultExternalResourceArtifactResolver.staticResourceExists(DefaultExternalResourceArtifactResolver.java:79)
	... 218 more

==============================================================================

12: Task failed with an exception.
-----------
* What went wrong:
Execution failed for task ':app:processReleaseMainManifest'.
> Could not resolve all files for configuration ':app:releaseRuntimeClasspath'.
   > Could not resolve com.tom-roush:pdfbox-android:2.0.27.0.
     Required by:
         project ':app'
      > Repository MavenRepo is disabled due to earlier error below:
         > Could not download org.jetbrains.kotlin.jvm.gradle.plugin-2.4.10.jar (org.jetbrains.kotlin.jvm:org.jetbrains.kotlin.jvm.gradle.plugin:2.4.10)
            > Could not get resource 'https://repo.maven.apache.org/maven2/org/jetbrains/kotlin/jvm/org.jetbrains.kotlin.jvm.gradle.plugin/2.4.10/org.jetbrains.kotlin.jvm.gradle.plugin-2.4.10.jar'.
               > Could not HEAD 'https://repo.maven.apache.org/maven2/org/jetbrains/kotlin/jvm/org.jetbrains.kotlin.jvm.gradle.plugin/2.4.10/org.jetbrains.kotlin.jvm.gradle.plugin-2.4.10.jar'. Received status code 429 from server: Too Many Requests

* Try:
> Run with --info or --debug option to get more log output.
> Run with --scan to get full insights from a Build Scan (powered by Develocity).
> Get more help at https://help.gradle.org.

* Exception is:
org.gradle.api.tasks.TaskExecutionException: Execution failed for task ':app:processReleaseMainManifest'.
	at org.gradle.api.internal.tasks.execution.CatchExceptionTaskExecuter.execute(CatchExceptionTaskExecuter.java:38)
	at org.gradle.api.internal.tasks.execution.EventFiringTaskExecuter$1.executeTask(EventFiringTaskExecuter.java:77)
	at org.gradle.api.internal.tasks.execution.EventFiringTaskExecuter$1.call(EventFiringTaskExecuter.java:55)
	at org.gradle.api.internal.tasks.execution.EventFiringTaskExecuter$1.call(EventFiringTaskExecuter.java:52)
	at org.gradle.internal.operations.DefaultBuildOperationRunner$CallableBuildOperationWorker.execute(DefaultBuildOperationRunner.java:210)
	at org.gradle.internal.operations.DefaultBuildOperationRunner$CallableBuildOperationWorker.execute(DefaultBuildOperationRunner.java:205)
	at org.gradle.internal.operations.DefaultBuildOperationRunner$2.execute(DefaultBuildOperationRunner.java:67)
	at org.gradle.internal.operations.DefaultBuildOperationRunner$2.execute(DefaultBuildOperationRunner.java:60)
	at org.gradle.internal.operations.DefaultBuildOperationRunner.execute(DefaultBuildOperationRunner.java:167)
	at org.gradle.internal.operations.DefaultBuildOperationRunner.execute(DefaultBuildOperationRunner.java:60)
	at org.gradle.internal.operations.DefaultBuildOperationRunner.call(DefaultBuildOperationRunner.java:54)
	at org.gradle.api.internal.tasks.execution.EventFiringTaskExecuter.execute(EventFiringTaskExecuter.java:52)
	at org.gradle.execution.plan.DefaultNodeExecutor.executeLocalTaskNode(DefaultNodeExecutor.java:55)
	at org.gradle.execution.plan.DefaultNodeExecutor.execute(DefaultNodeExecutor.java:34)
	at org.gradle.execution.taskgraph.DefaultTaskExecutionGraph$InvokeNodeExecutorsAction.execute(DefaultTaskExecutionGraph.java:355)
	at org.gradle.execution.taskgraph.DefaultTaskExecutionGraph$InvokeNodeExecutorsAction.execute(DefaultTaskExecutionGraph.java:343)
	at org.gradle.execution.taskgraph.DefaultTaskExecutionGraph$BuildOperationAwareExecutionAction.lambda$execute$0(DefaultTaskExecutionGraph.java:339)
	at org.gradle.internal.operations.CurrentBuildOperationRef.with(CurrentBuildOperationRef.java:84)
	at org.gradle.execution.taskgraph.DefaultTaskExecutionGraph$BuildOperationAwareExecutionAction.execute(DefaultTaskExecutionGraph.java:339)
	at org.gradle.execution.taskgraph.DefaultTaskExecutionGraph$BuildOperationAwareExecutionAction.execute(DefaultTaskExecutionGraph.java:328)
	at org.gradle.execution.plan.DefaultPlanExecutor$ExecutorWorker.execute(DefaultPlanExecutor.java:459)
	at org.gradle.execution.plan.DefaultPlanExecutor$ExecutorWorker.run(DefaultPlanExecutor.java:376)
	at org.gradle.internal.concurrent.ExecutorPolicy$CatchAndRecordFailures.onExecute(ExecutorPolicy.java:64)
	at org.gradle.internal.concurrent.AbstractManagedExecutor$1.run(AbstractManagedExecutor.java:47)
	at java.base/java.util.concurrent.ThreadPoolExecutor.runWorker(ThreadPoolExecutor.java:1144)
	at java.base/java.util.concurrent.ThreadPoolExecutor$Worker.run(ThreadPoolExecutor.java:642)
	at java.base/java.lang.Thread.run(Thread.java:1583)
Caused by: org.gradle.api.internal.artifacts.ivyservice.TypedResolveException: Could not resolve all files for configuration ':app:releaseRuntimeClasspath'.
	at org.gradle.api.internal.artifacts.ResolveExceptionMapper.mapFailure(ResolveExceptionMapper.java:73)
	at org.gradle.api.internal.artifacts.ResolveExceptionMapper.mapFailures(ResolveExceptionMapper.java:65)
	at org.gradle.api.internal.artifacts.configurations.DefaultConfiguration$DefaultResolutionHost.consolidateFailures(DefaultConfiguration.java:1789)
	at org.gradle.api.internal.artifacts.configurations.ResolutionHost.rethrowFailuresAndReportProblems(ResolutionHost.java:75)
	at org.gradle.api.internal.artifacts.configurations.ResolutionBackedFileCollection.maybeThrowResolutionFailures(ResolutionBackedFileCollection.java:86)
	at org.gradle.api.internal.artifacts.configurations.ResolutionBackedFileCollection.visitContents(ResolutionBackedFileCollection.java:76)
	at org.gradle.api.internal.file.AbstractFileCollection.visitStructure(AbstractFileCollection.java:361)
	at org.gradle.api.internal.file.CompositeFileCollection.lambda$visitContents$0(CompositeFileCollection.java:112)
	at org.gradle.api.internal.file.collections.UnpackingVisitor.add(UnpackingVisitor.java:66)
	at org.gradle.api.internal.file.collections.UnpackingVisitor.add(UnpackingVisitor.java:91)
	at org.gradle.api.internal.file.DefaultFileCollectionFactory$ResolvingFileCollection.visitChildren(DefaultFileCollectionFactory.java:311)
	at org.gradle.api.internal.file.CompositeFileCollection.visitContents(CompositeFileCollection.java:112)
	at org.gradle.api.internal.file.AbstractFileCollection.visitStructure(AbstractFileCollection.java:361)
	at org.gradle.api.internal.file.CompositeFileCollection.lambda$visitContents$0(CompositeFileCollection.java:112)
	at org.gradle.api.internal.tasks.PropertyFileCollection.visitChildren(PropertyFileCollection.java:48)
	at org.gradle.api.internal.file.CompositeFileCollection.visitContents(CompositeFileCollection.java:112)
	at org.gradle.api.internal.file.AbstractFileCollection.visitStructure(AbstractFileCollection.java:361)
	at org.gradle.internal.fingerprint.impl.DefaultFileCollectionSnapshotter.snapshot(DefaultFileCollectionSnapshotter.java:48)
	at org.gradle.internal.execution.impl.DefaultInputFingerprinter$InputCollectingVisitor.visitInputFileProperty(DefaultInputFingerprinter.java:151)
	at org.gradle.api.internal.tasks.execution.TaskExecution.visitMutableInputs(TaskExecution.java:345)
	at org.gradle.internal.execution.impl.DefaultInputFingerprinter.fingerprintInputProperties(DefaultInputFingerprinter.java:77)
	at org.gradle.internal.execution.steps.CaptureMutableStateBeforeExecutionStep.captureExecutionStateWithOutputs(CaptureMutableStateBeforeExecutionStep.java:124)
	at org.gradle.internal.execution.steps.CaptureMutableStateBeforeExecutionStep.lambda$captureExecutionState$0(CaptureMutableStateBeforeExecutionStep.java:94)
	at org.gradle.internal.execution.steps.BuildOperationStep$1.call(BuildOperationStep.java:38)
	at org.gradle.internal.operations.DefaultBuildOperationRunner$CallableBuildOperationWorker.execute(DefaultBuildOperationRunner.java:210)
	at org.gradle.internal.operations.DefaultBuildOperationRunner$CallableBuildOperationWorker.execute(DefaultBuildOperationRunner.java:205)
	at org.gradle.internal.operations.DefaultBuildOperationRunner$2.execute(DefaultBuildOperationRunner.java:67)
	at org.gradle.internal.operations.DefaultBuildOperationRunner$2.execute(DefaultBuildOperationRunner.java:60)
	at org.gradle.internal.operations.DefaultBuildOperationRunner.execute(DefaultBuildOperationRunner.java:167)
	at org.gradle.internal.operations.DefaultBuildOperationRunner.execute(DefaultBuildOperationRunner.java:60)
	at org.gradle.internal.operations.DefaultBuildOperationRunner.call(DefaultBuildOperationRunner.java:54)
	at org.gradle.internal.execution.steps.BuildOperationStep.operation(BuildOperationStep.java:35)
	at org.gradle.internal.execution.steps.CaptureMutableStateBeforeExecutionStep.captureExecutionState(CaptureMutableStateBeforeExecutionStep.java:92)
	at org.gradle.internal.execution.steps.CaptureMutableStateBeforeExecutionStep.executeMutable(CaptureMutableStateBeforeExecutionStep.java:73)
	at org.gradle.internal.execution.steps.CaptureMutableStateBeforeExecutionStep.execute(CaptureMutableStateBeforeExecutionStep.java:65)
	at org.gradle.internal.execution.steps.CaptureMutableStateBeforeExecutionStep.execute(CaptureMutableStateBeforeExecutionStep.java:45)
	at org.gradle.internal.execution.steps.SkipEmptyMutableWorkStep.executeWithNonEmptySources(SkipEmptyMutableWorkStep.java:210)
	at org.gradle.internal.execution.steps.SkipEmptyMutableWorkStep.executeMutable(SkipEmptyMutableWorkStep.java:85)
	at org.gradle.internal.execution.steps.SkipEmptyMutableWorkStep.executeMutable(SkipEmptyMutableWorkStep.java:53)
	at org.gradle.internal.execution.steps.MutableStep.execute(MutableStep.java:26)
	at org.gradle.internal.execution.steps.legacy.MarkSnapshottingInputsStartedStep.execute(MarkSnapshottingInputsStartedStep.java:38)
	at org.gradle.internal.execution.steps.LoadPreviousExecutionStateStep.executeMutable(LoadPreviousExecutionStateStep.java:36)
	at org.gradle.internal.execution.steps.LoadPreviousExecutionStateStep.executeMutable(LoadPreviousExecutionStateStep.java:23)
	at org.gradle.internal.execution.steps.MutableStep.execute(MutableStep.java:26)
	at org.gradle.internal.execution.steps.HandleStaleOutputsStep.executeMutable(HandleStaleOutputsStep.java:77)
	at org.gradle.internal.execution.steps.HandleStaleOutputsStep.executeMutable(HandleStaleOutputsStep.java:43)
	at org.gradle.internal.execution.steps.MutableStep.execute(MutableStep.java:26)
	at org.gradle.internal.execution.steps.AssignMutableWorkspaceStep.lambda$executeMutable$0(AssignMutableWorkspaceStep.java:34)
	at org.gradle.api.internal.tasks.execution.TaskExecution$4.withWorkspace(TaskExecution.java:305)
	at org.gradle.internal.execution.steps.AssignMutableWorkspaceStep.executeMutable(AssignMutableWorkspaceStep.java:30)
	at org.gradle.internal.execution.steps.AssignMutableWorkspaceStep.executeMutable(AssignMutableWorkspaceStep.java:21)
	at org.gradle.internal.execution.steps.MutableStep.execute(MutableStep.java:26)
	at org.gradle.internal.execution.steps.ChoosePipelineStep.execute(ChoosePipelineStep.java:40)
	at org.gradle.internal.execution.steps.ChoosePipelineStep.execute(ChoosePipelineStep.java:23)
	at org.gradle.internal.execution.steps.ExecuteWorkBuildOperationFiringStep.lambda$execute$2(ExecuteWorkBuildOperationFiringStep.java:67)
	at java.base/java.util.Optional.orElseGet(Optional.java:364)
	at org.gradle.internal.execution.steps.ExecuteWorkBuildOperationFiringStep.execute(ExecuteWorkBuildOperationFiringStep.java:67)
	at org.gradle.internal.execution.steps.ExecuteWorkBuildOperationFiringStep.execute(ExecuteWorkBuildOperationFiringStep.java:39)
	at org.gradle.internal.execution.steps.IdentityCacheStep.execute(IdentityCacheStep.java:46)
	at org.gradle.internal.execution.steps.IdentityCacheStep.execute(IdentityCacheStep.java:34)
	at org.gradle.internal.execution.steps.IdentifyStep.execute(IdentifyStep.java:56)
	at org.gradle.internal.execution.steps.IdentifyStep.execute(IdentifyStep.java:38)
	at org.gradle.internal.execution.impl.DefaultExecutionEngine$1.execute(DefaultExecutionEngine.java:68)
	at org.gradle.api.internal.tasks.execution.ExecuteActionsTaskExecuter.executeIfValid(ExecuteActionsTaskExecuter.java:132)
	at org.gradle.api.internal.tasks.execution.ExecuteActionsTaskExecuter.execute(ExecuteActionsTaskExecuter.java:121)
	at org.gradle.api.internal.tasks.execution.ProblemsTaskPathTrackingTaskExecuter.execute(ProblemsTaskPathTrackingTaskExecuter.java:41)
	at org.gradle.api.internal.tasks.execution.ResolveTaskExecutionModeExecuter.execute(ResolveTaskExecutionModeExecuter.java:51)
	at org.gradle.api.internal.tasks.execution.FinalizePropertiesTaskExecuter.execute(FinalizePropertiesTaskExecuter.java:46)
	at org.gradle.api.internal.tasks.execution.SkipTaskWithNoActionsExecuter.execute(SkipTaskWithNoActionsExecuter.java:57)
	at org.gradle.api.internal.tasks.execution.SkipOnlyIfTaskExecuter.execute(SkipOnlyIfTaskExecuter.java:74)
	at org.gradle.api.internal.tasks.execution.CatchExceptionTaskExecuter.execute(CatchExceptionTaskExecuter.java:36)
	... 26 more
Caused by: org.gradle.internal.resolve.ModuleVersionResolveException: Could not resolve com.tom-roush:pdfbox-android:2.0.27.0.
Required by:
    project ':app'
Caused by: org.gradle.internal.resolve.ModuleVersionResolveException: Repository MavenRepo is disabled due to earlier error below:
Caused by: org.gradle.internal.resolve.ArtifactResolveException: Could not download org.jetbrains.kotlin.jvm.gradle.plugin-2.4.10.jar (org.jetbrains.kotlin.jvm:org.jetbrains.kotlin.jvm.gradle.plugin:2.4.10)
	at org.gradle.api.internal.artifacts.ivyservice.ivyresolve.ErrorHandlingModuleComponentRepository$ErrorHandlingModuleComponentRepositoryAccess.lambda$resolveArtifact$14(ErrorHandlingModuleComponentRepository.java:190)
	at org.gradle.api.internal.artifacts.ivyservice.ivyresolve.ErrorHandlingModuleComponentRepository$ErrorHandlingModuleComponentRepositoryAccess.tryResolveAndMaybeDisable(ErrorHandlingModuleComponentRepository.java:260)
	at org.gradle.api.internal.artifacts.ivyservice.ivyresolve.ErrorHandlingModuleComponentRepository$ErrorHandlingModuleComponentRepositoryAccess.performOperationWithRetries(ErrorHandlingModuleComponentRepository.java:204)
	at org.gradle.api.internal.artifacts.ivyservice.ivyresolve.ErrorHandlingModuleComponentRepository$ErrorHandlingModuleComponentRepositoryAccess.resolveArtifact(ErrorHandlingModuleComponentRepository.java:178)
	at org.gradle.api.internal.artifacts.ivyservice.ivyresolve.RepositoryChainArtifactResolver.resolveArtifactLater(RepositoryChainArtifactResolver.java:75)
	at org.gradle.api.internal.artifacts.ivyservice.ivyresolve.RepositoryChainArtifactResolver.lambda$resolveArtifact$0(RepositoryChainArtifactResolver.java:63)
	at org.gradle.internal.model.CalculatedValueContainerFactory$SupplierBackedCalculator.calculateValue(CalculatedValueContainerFactory.java:69)
	at org.gradle.internal.model.CalculatedValueContainer$CalculationState.lambda$attachValue$0(CalculatedValueContainer.java:227)
	at org.gradle.internal.Try.ofFailable(Try.java:46)
	at org.gradle.internal.model.CalculatedValueContainer$CalculationState.attachValue(CalculatedValueContainer.java:222)
	at org.gradle.internal.model.CalculatedValueContainer.finalizeIfNotAlready(CalculatedValueContainer.java:195)
	at org.gradle.internal.model.CalculatedValueContainer.finalizeIfNotAlready(CalculatedValueContainer.java:186)
	at org.gradle.api.internal.artifacts.DefaultResolvableArtifact.getFile(DefaultResolvableArtifact.java:140)
	at org.gradle.internal.resolve.resolver.DefaultComponentArtifactResolver.resolveArtifacts(DefaultComponentArtifactResolver.java:50)
	at org.gradle.api.internal.artifacts.ivyservice.resolveengine.artifact.ArtifactBackedResolvedVariant.getArtifacts(ArtifactBackedResolvedVariant.java:80)
	at org.gradle.api.internal.artifacts.transform.AttributeMatchingArtifactVariantSelector.doSelect(AttributeMatchingArtifactVariantSelector.java:88)
	at org.gradle.api.internal.artifacts.transform.AttributeMatchingArtifactVariantSelector.select(AttributeMatchingArtifactVariantSelector.java:70)
	at org.gradle.api.internal.artifacts.ivyservice.resolveengine.artifact.VariantResolvingArtifactSet.select(VariantResolvingArtifactSet.java:110)
	at org.gradle.api.internal.artifacts.ivyservice.resolveengine.artifact.DefaultVisitedArtifactResults.select(DefaultVisitedArtifactResults.java:43)
	at org.gradle.api.internal.artifacts.ivyservice.resolveengine.artifact.DefaultVisitedArtifactSet.select(DefaultVisitedArtifactSet.java:97)
	at org.gradle.api.internal.artifacts.resolver.DefaultResolutionOutputs$DefaultArtifactView.selectArtifacts(DefaultResolutionOutputs.java:204)
	at org.gradle.api.internal.artifacts.configurations.ResolutionResultProvider$1.getValue(ResolutionResultProvider.java:54)
	at org.gradle.api.internal.artifacts.configurations.ResolutionResultProviderBackedSelectedArtifactSet.visitArtifacts(ResolutionResultProviderBackedSelectedArtifactSet.java:50)
	at org.gradle.api.internal.artifacts.configurations.DefaultArtifactCollection.lambda$new$0(DefaultArtifactCollection.java:61)
	at org.gradle.internal.model.CalculatedValueContainerFactory$SupplierBackedCalculator.calculateValue(CalculatedValueContainerFactory.java:69)
	at org.gradle.internal.model.CalculatedValueContainer$CalculationState.lambda$attachValue$0(CalculatedValueContainer.java:227)
	at org.gradle.internal.Try.ofFailable(Try.java:46)
	at org.gradle.internal.model.CalculatedValueContainer$CalculationState.attachValue(CalculatedValueContainer.java:222)
	at org.gradle.internal.model.CalculatedValueContainer.finalizeIfNotAlready(CalculatedValueContainer.java:195)
	at org.gradle.internal.model.CalculatedValueContainer.finalizeIfNotAlready(CalculatedValueContainer.java:186)
	at org.gradle.api.internal.artifacts.configurations.DefaultArtifactCollection.ensureResolved(DefaultArtifactCollection.java:123)
	at org.gradle.api.internal.artifacts.configurations.DefaultArtifactCollection.getFailures(DefaultArtifactCollection.java:112)
	at org.gradle.plugin.use.resolve.internal.ArtifactRepositoriesPluginResolver.exists(ArtifactRepositoriesPluginResolver.java:186)
	at org.gradle.plugin.use.resolve.internal.ArtifactRepositoriesPluginResolver.resolve(ArtifactRepositoriesPluginResolver.java:65)
	at org.gradle.plugin.use.resolve.internal.CompositePluginResolver.resolve(CompositePluginResolver.java:36)
	at org.gradle.plugin.use.resolve.internal.AlreadyOnClasspathPluginResolver.resolve(AlreadyOnClasspathPluginResolver.java:64)
	at org.gradle.plugin.use.internal.DefaultPluginRequestApplicator.resolvePluginRequest(DefaultPluginRequestApplicator.java:190)
	at org.gradle.plugin.use.internal.DefaultPluginRequestApplicator.applyPlugins(DefaultPluginRequestApplicator.java:102)
	at org.gradle.kotlin.dsl.provider.PluginRequestsHandler.handle(PluginRequestsHandler.kt:45)
	at org.gradle.kotlin.dsl.provider.StandardKotlinScriptEvaluator$InterpreterHost.applyPluginsTo(KotlinScriptEvaluator.kt:246)
	at org.gradle.kotlin.dsl.execution.Interpreter$ProgramHost.applyPluginsTo(Interpreter.kt:395)
	at Program.execute(Unknown Source)
	at org.gradle.kotlin.dsl.execution.Interpreter$ProgramHost.eval(Interpreter.kt:526)
	at org.gradle.kotlin.dsl.execution.Interpreter.eval(Interpreter.kt:219)
	at org.gradle.kotlin.dsl.provider.StandardKotlinScriptEvaluator.evaluate(KotlinScriptEvaluator.kt:135)
	at org.gradle.kotlin.dsl.provider.KotlinScriptPluginFactory.create$lambda$0(KotlinScriptPluginFactory.kt:61)
	at org.gradle.kotlin.dsl.provider.KotlinScriptPlugin.apply(KotlinScriptPlugin.kt:35)
	at org.gradle.configuration.BuildOperationScriptPlugin$1.run(BuildOperationScriptPlugin.java:68)
	at org.gradle.internal.operations.DefaultBuildOperationRunner$1.execute(DefaultBuildOperationRunner.java:30)
	at org.gradle.internal.operations.DefaultBuildOperationRunner$1.execute(DefaultBuildOperationRunner.java:27)
	at org.gradle.internal.operations.DefaultBuildOperationRunner$2.execute(DefaultBuildOperationRunner.java:67)
	at org.gradle.internal.operations.DefaultBuildOperationRunner$2.execute(DefaultBuildOperationRunner.java:60)
	at org.gradle.internal.operations.DefaultBuildOperationRunner.execute(DefaultBuildOperationRunner.java:167)
	at org.gradle.internal.operations.DefaultBuildOperationRunner.execute(DefaultBuildOperationRunner.java:60)
	at org.gradle.internal.operations.DefaultBuildOperationRunner.run(DefaultBuildOperationRunner.java:48)
	at org.gradle.configuration.BuildOperationScriptPlugin.lambda$apply$0(BuildOperationScriptPlugin.java:65)
	at org.gradle.internal.code.DefaultUserCodeApplicationContext.apply(DefaultUserCodeApplicationContext.java:44)
	at org.gradle.configuration.BuildOperationScriptPlugin.apply(BuildOperationScriptPlugin.java:65)
	at org.gradle.api.internal.project.DefaultProjectStateRegistry$ProjectStateImpl.lambda$applyToMutableState$0(DefaultProjectStateRegistry.java:443)
	at org.gradle.api.internal.project.DefaultProjectStateRegistry$ProjectStateImpl.lambda$fromMutableState$1(DefaultProjectStateRegistry.java:450)
	at org.gradle.api.internal.project.DefaultProjectStateRegistry$ProjectStateImpl.runWithModelLock(DefaultProjectStateRegistry.java:466)
	at org.gradle.api.internal.project.DefaultProjectStateRegistry$ProjectStateImpl.fromMutableState(DefaultProjectStateRegistry.java:450)
	at org.gradle.api.internal.project.DefaultProjectStateRegistry$ProjectStateImpl.applyToMutableState(DefaultProjectStateRegistry.java:442)
	at org.gradle.configuration.project.BuildScriptProcessor.execute(BuildScriptProcessor.java:46)
	at org.gradle.configuration.project.BuildScriptProcessor.execute(BuildScriptProcessor.java:27)
	at org.gradle.configuration.project.ConfigureActionsProjectEvaluator.evaluate(ConfigureActionsProjectEvaluator.java:35)
	at org.gradle.configuration.project.LifecycleProjectEvaluator$EvaluateProject.lambda$run$0(LifecycleProjectEvaluator.java:109)
	at org.gradle.api.internal.project.DefaultProjectStateRegistry$ProjectStateImpl.lambda$applyToMutableState$0(DefaultProjectStateRegistry.java:443)
	at org.gradle.api.internal.project.DefaultProjectStateRegistry$ProjectStateImpl.lambda$fromMutableState$1(DefaultProjectStateRegistry.java:450)
	at org.gradle.internal.work.DefaultWorkerLeaseService.lambda$withLocksAcquired$0(DefaultWorkerLeaseService.java:275)
	at org.gradle.internal.work.ResourceLockStatistics$1.measure(ResourceLockStatistics.java:43)
	at org.gradle.internal.work.DefaultWorkerLeaseService.withLocksAcquired(DefaultWorkerLeaseService.java:273)
	at org.gradle.internal.work.DefaultWorkerLeaseService.lambda$withReplacedLocks$3(DefaultWorkerLeaseService.java:371)
	at org.gradle.internal.work.DefaultWorkerLeaseService.withoutLocks(DefaultWorkerLeaseService.java:343)
	at org.gradle.internal.work.DefaultWorkerLeaseService.withReplacedLocks(DefaultWorkerLeaseService.java:370)
	at org.gradle.api.internal.project.DefaultProjectStateRegistry$ProjectStateImpl.runWithModelLock(DefaultProjectStateRegistry.java:471)
	at org.gradle.api.internal.project.DefaultProjectStateRegistry$ProjectStateImpl.fromMutableState(DefaultProjectStateRegistry.java:450)
	at org.gradle.api.internal.project.DefaultProjectStateRegistry$ProjectStateImpl.applyToMutableState(DefaultProjectStateRegistry.java:442)
	at org.gradle.configuration.project.LifecycleProjectEvaluator$EvaluateProject.run(LifecycleProjectEvaluator.java:100)
	at org.gradle.internal.operations.DefaultBuildOperationRunner$1.execute(DefaultBuildOperationRunner.java:30)
	at org.gradle.internal.operations.DefaultBuildOperationRunner$1.execute(DefaultBuildOperationRunner.java:27)
	at org.gradle.internal.operations.DefaultBuildOperationRunner$2.execute(DefaultBuildOperationRunner.java:67)
	at org.gradle.internal.operations.DefaultBuildOperationRunner$2.execute(DefaultBuildOperationRunner.java:60)
	at org.gradle.internal.operations.DefaultBuildOperationRunner.execute(DefaultBuildOperationRunner.java:167)
	at org.gradle.internal.operations.DefaultBuildOperationRunner.execute(DefaultBuildOperationRunner.java:60)
	at org.gradle.internal.operations.DefaultBuildOperationRunner.run(DefaultBuildOperationRunner.java:48)
	at org.gradle.configuration.project.LifecycleProjectEvaluator.evaluate(LifecycleProjectEvaluator.java:72)
	at org.gradle.api.internal.project.DefaultProject.evaluateUnchecked(DefaultProject.java:796)
	at org.gradle.api.internal.project.ProjectLifecycleController.lambda$ensureSelfConfigured$2(ProjectLifecycleController.java:93)
	at org.gradle.internal.model.StateTransitionController.lambda$doTransition$15(StateTransitionController.java:293)
	at org.gradle.internal.model.StateTransitionController.doTransition(StateTransitionController.java:304)
	at org.gradle.internal.model.StateTransitionController.doTransition(StateTransitionController.java:292)
	at org.gradle.internal.model.StateTransitionController.lambda$maybeTransitionIfNotCurrentlyTransitioning$11(StateTransitionController.java:237)
	at org.gradle.internal.work.DefaultSynchronizer.withLock(DefaultSynchronizer.java:35)
	at org.gradle.internal.model.StateTransitionController.maybeTransitionIfNotCurrentlyTransitioning(StateTransitionController.java:233)
	at org.gradle.api.internal.project.ProjectLifecycleController.ensureSelfConfigured(ProjectLifecycleController.java:93)
	at org.gradle.api.internal.project.DefaultProjectStateRegistry$ProjectStateImpl.ensureConfigured(DefaultProjectStateRegistry.java:408)
	at org.gradle.execution.TaskPathProjectEvaluator.configure(TaskPathProjectEvaluator.java:71)
	at org.gradle.execution.TaskPathProjectEvaluator.configureHierarchy(TaskPathProjectEvaluator.java:85)
	at org.gradle.configuration.DefaultProjectsPreparer.prepareProjects(DefaultProjectsPreparer.java:50)
	at org.gradle.configuration.BuildTreePreparingProjectsPreparer.prepareProjects(BuildTreePreparingProjectsPreparer.java:65)
	at org.gradle.configuration.BuildOperationFiringProjectsPreparer$ConfigureBuild.run(BuildOperationFiringProjectsPreparer.java:52)
	at org.gradle.internal.operations.DefaultBuildOperationRunner$1.execute(DefaultBuildOperationRunner.java:30)
	at org.gradle.internal.operations.DefaultBuildOperationRunner$1.execute(DefaultBuildOperationRunner.java:27)
	at org.gradle.internal.operations.DefaultBuildOperationRunner$2.execute(DefaultBuildOperationRunner.java:67)
	at org.gradle.internal.operations.DefaultBuildOperationRunner$2.execute(DefaultBuildOperationRunner.java:60)
	at org.gradle.internal.operations.DefaultBuildOperationRunner.execute(DefaultBuildOperationRunner.java:167)
	at org.gradle.internal.operations.DefaultBuildOperationRunner.execute(DefaultBuildOperationRunner.java:60)
	at org.gradle.internal.operations.DefaultBuildOperationRunner.run(DefaultBuildOperationRunner.java:48)
	at org.gradle.configuration.BuildOperationFiringProjectsPreparer.prepareProjects(BuildOperationFiringProjectsPreparer.java:40)
	at org.gradle.initialization.VintageBuildModelController.lambda$prepareProjects$2(VintageBuildModelController.java:83)
	at org.gradle.internal.model.StateTransitionController.lambda$doTransition$15(StateTransitionController.java:293)
	at org.gradle.internal.model.StateTransitionController.doTransition(StateTransitionController.java:304)
	at org.gradle.internal.model.StateTransitionController.doTransition(StateTransitionController.java:292)
	at org.gradle.internal.model.StateTransitionController.lambda$transitionIfNotPreviously$12(StateTransitionController.java:251)
	at org.gradle.internal.work.DefaultSynchronizer.withLock(DefaultSynchronizer.java:35)
	at org.gradle.internal.model.StateTransitionController.transitionIfNotPreviously(StateTransitionController.java:247)
	at org.gradle.initialization.VintageBuildModelController.prepareProjects(VintageBuildModelController.java:83)
	at org.gradle.initialization.VintageBuildModelController.prepareToScheduleTasks(VintageBuildModelController.java:70)
	at org.gradle.internal.build.DefaultBuildLifecycleController.lambda$prepareToScheduleTasks$7(DefaultBuildLifecycleController.java:185)
	at org.gradle.internal.model.StateTransitionController.lambda$doTransition$15(StateTransitionController.java:293)
	at org.gradle.internal.model.StateTransitionController.doTransition(StateTransitionController.java:304)
	at org.gradle.internal.model.StateTransitionController.doTransition(StateTransitionController.java:292)
	at org.gradle.internal.model.StateTransitionController.lambda$maybeTransition$10(StateTransitionController.java:228)
	at org.gradle.internal.work.DefaultSynchronizer.withLock(DefaultSynchronizer.java:35)
	at org.gradle.internal.model.StateTransitionController.maybeTransition(StateTransitionController.java:224)
	at org.gradle.internal.build.DefaultBuildLifecycleController.prepareToScheduleTasks(DefaultBuildLifecycleController.java:183)
	at org.gradle.internal.buildtree.DefaultBuildTreeWorkPreparer.scheduleRequestedTasks(DefaultBuildTreeWorkPreparer.java:35)
	at org.gradle.internal.cc.impl.barrier.BarrierAwareBuildTreeWorkPreparer.scheduleRequestedTasks$lambda$0(BarrierAwareBuildTreeWorkPreparer.kt:34)
	at org.gradle.internal.cc.impl.barrier.VintageConfigurationTimeActionRunner.runConfigurationTimeAction(VintageConfigurationTimeActionRunner.kt:48)
	at org.gradle.internal.cc.impl.barrier.BarrierAwareBuildTreeWorkPreparer.scheduleRequestedTasks(BarrierAwareBuildTreeWorkPreparer.kt:33)
	at org.gradle.internal.cc.impl.VintageBuildTreeWorkController$scheduleAndRunRequestedTasks$1$finalizedGraph$1.call(VintageBuildTreeWorkController.kt:37)
	at org.gradle.internal.cc.impl.VintageBuildTreeWorkController$scheduleAndRunRequestedTasks$1$finalizedGraph$1.call(VintageBuildTreeWorkController.kt:37)
	at org.gradle.internal.Try.ofFailable(Try.java:46)
	at org.gradle.internal.cc.impl.VintageBuildTreeWorkController$scheduleAndRunRequestedTasks$1.apply(VintageBuildTreeWorkController.kt:37)
	at org.gradle.internal.cc.impl.VintageBuildTreeWorkController$scheduleAndRunRequestedTasks$1.apply(VintageBuildTreeWorkController.kt:36)
	at org.gradle.composite.internal.DefaultIncludedBuildTaskGraph.withNewWorkGraph(DefaultIncludedBuildTaskGraph.java:115)
	at org.gradle.internal.cc.impl.VintageBuildTreeWorkController.scheduleAndRunRequestedTasks(VintageBuildTreeWorkController.kt:36)
	at org.gradle.internal.buildtree.DefaultBuildTreeLifecycleController.lambda$scheduleAndRunTasks$1(DefaultBuildTreeLifecycleController.java:84)
	at org.gradle.internal.buildtree.DefaultBuildTreeLifecycleController.lambda$runBuild$5(DefaultBuildTreeLifecycleController.java:142)
	at org.gradle.internal.model.StateTransitionController.lambda$transition$7(StateTransitionController.java:207)
	at org.gradle.internal.model.StateTransitionController.doTransition(StateTransitionController.java:304)
	at org.gradle.internal.model.StateTransitionController.lambda$transition$8(StateTransitionController.java:207)
	at org.gradle.internal.work.DefaultSynchronizer.withLock(DefaultSynchronizer.java:45)
	at org.gradle.internal.model.StateTransitionController.transition(StateTransitionController.java:207)
	at org.gradle.internal.buildtree.DefaultBuildTreeLifecycleController.runBuild(DefaultBuildTreeLifecycleController.java:139)
	at org.gradle.internal.buildtree.DefaultBuildTreeLifecycleController.scheduleAndRunTasks(DefaultBuildTreeLifecycleController.java:84)
	at org.gradle.internal.buildtree.DefaultBuildTreeLifecycleController.scheduleAndRunTasks(DefaultBuildTreeLifecycleController.java:79)
	at org.gradle.tooling.internal.provider.ExecuteBuildActionRunner.run(ExecuteBuildActionRunner.java:31)
	at org.gradle.launcher.exec.ChainingBuildActionRunner.run(ChainingBuildActionRunner.java:35)
	at org.gradle.internal.buildtree.ProblemReportingBuildActionRunner.run(ProblemReportingBuildActionRunner.java:54)
	at org.gradle.launcher.exec.BuildOutcomeReportingBuildActionRunner.run(BuildOutcomeReportingBuildActionRunner.java:83)
	at org.gradle.tooling.internal.provider.FileSystemWatchingBuildActionRunner.run(FileSystemWatchingBuildActionRunner.java:135)
	at org.gradle.launcher.exec.BuildCompletionNotifyingBuildActionRunner.run(BuildCompletionNotifyingBuildActionRunner.java:54)
	at org.gradle.launcher.exec.RootBuildLifecycleBuildActionExecutor.lambda$execute$0(RootBuildLifecycleBuildActionExecutor.java:101)
	at org.gradle.composite.internal.DefaultRootBuildState.run(DefaultRootBuildState.java:126)
	at org.gradle.launcher.exec.RootBuildLifecycleBuildActionExecutor.execute(RootBuildLifecycleBuildActionExecutor.java:101)
	at org.gradle.launcher.exec.BuildTreeLifecycleBuildActionExecutor.runRootBuildAction(BuildTreeLifecycleBuildActionExecutor.java:104)
	at org.gradle.launcher.exec.BuildTreeLifecycleBuildActionExecutor.execute(BuildTreeLifecycleBuildActionExecutor.java:74)
	at org.gradle.launcher.exec.RunAsBuildOperationBuildActionExecutor$2.call(RunAsBuildOperationBuildActionExecutor.java:65)
	at org.gradle.launcher.exec.RunAsBuildOperationBuildActionExecutor$2.call(RunAsBuildOperationBuildActionExecutor.java:61)
	at org.gradle.internal.operations.DefaultBuildOperationRunner$CallableBuildOperationWorker.execute(DefaultBuildOperationRunner.java:210)
	at org.gradle.internal.operations.DefaultBuildOperationRunner$CallableBuildOperationWorker.execute(DefaultBuildOperationRunner.java:205)
	at org.gradle.internal.operations.DefaultBuildOperationRunner$2.execute(DefaultBuildOperationRunner.java:67)
	at org.gradle.internal.operations.DefaultBuildOperationRunner$2.execute(DefaultBuildOperationRunner.java:60)
	at org.gradle.internal.operations.DefaultBuildOperationRunner.execute(DefaultBuildOperationRunner.java:167)
	at org.gradle.internal.operations.DefaultBuildOperationRunner.execute(DefaultBuildOperationRunner.java:60)
	at org.gradle.internal.operations.DefaultBuildOperationRunner.call(DefaultBuildOperationRunner.java:54)
	at org.gradle.launcher.exec.RunAsBuildOperationBuildActionExecutor.execute(RunAsBuildOperationBuildActionExecutor.java:61)
	at org.gradle.launcher.exec.RunAsWorkerThreadBuildActionExecutor.lambda$execute$0(RunAsWorkerThreadBuildActionExecutor.java:36)
	at org.gradle.internal.work.DefaultWorkerLeaseService.lambda$withLocksAcquired$0(DefaultWorkerLeaseService.java:275)
	at org.gradle.internal.work.ResourceLockStatistics$1.measure(ResourceLockStatistics.java:43)
	at org.gradle.internal.work.DefaultWorkerLeaseService.withLocksAcquired(DefaultWorkerLeaseService.java:273)
	at org.gradle.internal.work.DefaultWorkerLeaseService.withLocks(DefaultWorkerLeaseService.java:265)
	at org.gradle.internal.work.DefaultWorkerLeaseService.runAsWorkerThread(DefaultWorkerLeaseService.java:128)
	at org.gradle.launcher.exec.RunAsWorkerThreadBuildActionExecutor.execute(RunAsWorkerThreadBuildActionExecutor.java:36)
	at org.gradle.tooling.internal.provider.continuous.ContinuousBuildActionExecutor.execute(ContinuousBuildActionExecutor.java:110)
	at org.gradle.tooling.internal.provider.SubscribableBuildActionExecutor.execute(SubscribableBuildActionExecutor.java:64)
	at org.gradle.internal.session.DefaultBuildSessionContext.execute(DefaultBuildSessionContext.java:46)
	at org.gradle.internal.buildprocess.execution.BuildSessionLifecycleBuildActionExecutor$ActionImpl.apply(BuildSessionLifecycleBuildActionExecutor.java:106)
	at org.gradle.internal.buildprocess.execution.BuildSessionLifecycleBuildActionExecutor$ActionImpl.apply(BuildSessionLifecycleBuildActionExecutor.java:94)
	at org.gradle.internal.session.BuildSessionState.run(BuildSessionState.java:73)
	at org.gradle.internal.buildprocess.execution.BuildSessionLifecycleBuildActionExecutor.execute(BuildSessionLifecycleBuildActionExecutor.java:67)
	at org.gradle.internal.buildprocess.execution.BuildSessionLifecycleBuildActionExecutor.execute(BuildSessionLifecycleBuildActionExecutor.java:45)
	at org.gradle.internal.buildprocess.execution.StartParamsValidatingActionExecutor.execute(StartParamsValidatingActionExecutor.java:57)
	at org.gradle.internal.buildprocess.execution.StartParamsValidatingActionExecutor.execute(StartParamsValidatingActionExecutor.java:32)
	at org.gradle.internal.buildprocess.execution.SessionFailureReportingActionExecutor.execute(SessionFailureReportingActionExecutor.java:51)
	at org.gradle.internal.buildprocess.execution.SessionFailureReportingActionExecutor.execute(SessionFailureReportingActionExecutor.java:39)
	at org.gradle.internal.buildprocess.execution.SetupLoggingActionExecutor.execute(SetupLoggingActionExecutor.java:47)
	at org.gradle.internal.buildprocess.execution.SetupLoggingActionExecutor.execute(SetupLoggingActionExecutor.java:31)
	at org.gradle.launcher.daemon.server.exec.ExecuteBuild.doBuild(ExecuteBuild.java:70)
	at org.gradle.launcher.daemon.server.exec.BuildCommandOnly.execute(BuildCommandOnly.java:37)
	at org.gradle.launcher.daemon.server.api.DaemonCommandExecution.proceed(DaemonCommandExecution.java:104)
	at org.gradle.launcher.daemon.server.exec.WatchForDisconnection.execute(WatchForDisconnection.java:39)
	at org.gradle.launcher.daemon.server.api.DaemonCommandExecution.proceed(DaemonCommandExecution.java:104)
	at org.gradle.launcher.daemon.server.exec.ResetDeprecationLogger.execute(ResetDeprecationLogger.java:29)
	at org.gradle.launcher.daemon.server.api.DaemonCommandExecution.proceed(DaemonCommandExecution.java:104)
	at org.gradle.launcher.daemon.server.exec.RequestStopIfSingleUsedDaemon.execute(RequestStopIfSingleUsedDaemon.java:35)
	at org.gradle.launcher.daemon.server.api.DaemonCommandExecution.proceed(DaemonCommandExecution.java:104)
	at org.gradle.launcher.daemon.server.exec.ForwardClientInput.lambda$execute$0(ForwardClientInput.java:40)
	at org.gradle.internal.daemon.clientinput.ClientInputForwarder.forwardInput(ClientInputForwarder.java:80)
	at org.gradle.launcher.daemon.server.exec.ForwardClientInput.execute(ForwardClientInput.java:37)
	at org.gradle.launcher.daemon.server.api.DaemonCommandExecution.proceed(DaemonCommandExecution.java:104)
	at org.gradle.launcher.daemon.server.exec.LogAndCheckHealth.execute(LogAndCheckHealth.java:53)
	at org.gradle.launcher.daemon.server.api.DaemonCommandExecution.proceed(DaemonCommandExecution.java:104)
	at org.gradle.launcher.daemon.server.exec.LogToClient.doBuild(LogToClient.java:63)
	at org.gradle.launcher.daemon.server.exec.BuildCommandOnly.execute(BuildCommandOnly.java:37)
	at org.gradle.launcher.daemon.server.api.DaemonCommandExecution.proceed(DaemonCommandExecution.java:104)
	at org.gradle.launcher.daemon.server.exec.EstablishBuildEnvironment.doBuild(EstablishBuildEnvironment.java:84)
	at org.gradle.launcher.daemon.server.exec.BuildCommandOnly.execute(BuildCommandOnly.java:37)
	at org.gradle.launcher.daemon.server.api.DaemonCommandExecution.proceed(DaemonCommandExecution.java:104)
	at org.gradle.launcher.daemon.server.exec.StartBuildOrRespondWithBusy$1.run(StartBuildOrRespondWithBusy.java:52)
	at org.gradle.launcher.daemon.server.DaemonStateCoordinator.lambda$runCommand$0(DaemonStateCoordinator.java:321)
	at org.gradle.internal.concurrent.ExecutorPolicy$CatchAndRecordFailures.onExecute(ExecutorPolicy.java:64)
	at org.gradle.internal.concurrent.AbstractManagedExecutor$1.run(AbstractManagedExecutor.java:47)
Caused by: org.gradle.api.resources.ResourceException: Could not get resource 'https://repo.maven.apache.org/maven2/org/jetbrains/kotlin/jvm/org.jetbrains.kotlin.jvm.gradle.plugin/2.4.10/org.jetbrains.kotlin.jvm.gradle.plugin-2.4.10.jar'.
	at org.gradle.internal.resource.ResourceExceptions.failure(ResourceExceptions.java:74)
	at org.gradle.internal.resource.ResourceExceptions.getFailed(ResourceExceptions.java:57)
	at org.gradle.api.internal.artifacts.repositories.resolver.DefaultExternalResourceArtifactResolver.staticResourceExists(DefaultExternalResourceArtifactResolver.java:83)
	at org.gradle.api.internal.artifacts.repositories.resolver.DefaultExternalResourceArtifactResolver.artifactExists(DefaultExternalResourceArtifactResolver.java:67)
	at org.gradle.api.internal.artifacts.repositories.resolver.ExternalResourceResolver$RemoteRepositoryAccess.resolveArtifact(ExternalResourceResolver.java:472)
	at org.gradle.api.internal.artifacts.ivyservice.ivyresolve.CachingModuleComponentRepository$ResolveAndCacheRepositoryAccess.resolveArtifact(CachingModuleComponentRepository.java:470)
	at org.gradle.api.internal.artifacts.ivyservice.ivyresolve.ErrorHandlingModuleComponentRepository$ErrorHandlingModuleComponentRepositoryAccess.lambda$resolveArtifact$12(ErrorHandlingModuleComponentRepository.java:180)
	at org.gradle.api.internal.artifacts.ivyservice.ivyresolve.ErrorHandlingModuleComponentRepository$ErrorHandlingModuleComponentRepositoryAccess.tryResolveAndMaybeDisable(ErrorHandlingModuleComponentRepository.java:251)
	... 213 more
Caused by: org.gradle.internal.resource.transport.http.HttpErrorStatusCodeException: Could not HEAD 'https://repo.maven.apache.org/maven2/org/jetbrains/kotlin/jvm/org.jetbrains.kotlin.jvm.gradle.plugin/2.4.10/org.jetbrains.kotlin.jvm.gradle.plugin-2.4.10.jar'. Received status code 429 from server: Too Many Requests
	at org.gradle.internal.resource.transport.http.ApacheCommonsHttpClient.processResponse(ApacheCommonsHttpClient.java:310)
	at org.gradle.internal.resource.transport.http.ApacheCommonsHttpClient.performHead(ApacheCommonsHttpClient.java:114)
	at org.gradle.internal.resource.transport.http.HttpResourceAccessor.getMetaData(HttpResourceAccessor.java:58)
	at org.gradle.internal.resource.transfer.DefaultExternalResourceConnector.getMetaData(DefaultExternalResourceConnector.java:66)
	at org.gradle.internal.resource.transfer.ProgressLoggingExternalResourceAccessor$MetadataOperation.call(ProgressLoggingExternalResourceAccessor.java:173)
	at org.gradle.internal.resource.transfer.ProgressLoggingExternalResourceAccessor$MetadataOperation.call(ProgressLoggingExternalResourceAccessor.java:161)
	at org.gradle.internal.operations.DefaultBuildOperationRunner$CallableBuildOperationWorker.execute(DefaultBuildOperationRunner.java:210)
	at org.gradle.internal.operations.DefaultBuildOperationRunner$CallableBuildOperationWorker.execute(DefaultBuildOperationRunner.java:205)
	at org.gradle.internal.operations.DefaultBuildOperationRunner$2.execute(DefaultBuildOperationRunner.java:67)
	at org.gradle.internal.operations.DefaultBuildOperationRunner$2.execute(DefaultBuildOperationRunner.java:60)
	at org.gradle.internal.operations.DefaultBuildOperationRunner.execute(DefaultBuildOperationRunner.java:167)
	at org.gradle.internal.operations.DefaultBuildOperationRunner.execute(DefaultBuildOperationRunner.java:60)
	at org.gradle.internal.operations.DefaultBuildOperationRunner.call(DefaultBuildOperationRunner.java:54)
	at org.gradle.internal.resource.transfer.ProgressLoggingExternalResourceAccessor.getMetaData(ProgressLoggingExternalResourceAccessor.java:55)
	at org.gradle.internal.resource.transfer.AccessorBackedExternalResource.getMetaData(AccessorBackedExternalResource.java:156)
	at org.gradle.api.internal.artifacts.repositories.resolver.DefaultExternalResourceArtifactResolver.staticResourceExists(DefaultExternalResourceArtifactResolver.java:79)
	... 218 more

==============================================================================

13: Task failed with an exception.
-----------
* What went wrong:
Execution failed for task ':app:desugarReleaseFileDependencies'.
> Could not resolve all files for configuration ':app:releaseRuntimeClasspath'.
   > Could not resolve com.tom-roush:pdfbox-android:2.0.27.0.
     Required by:
         project ':app'
      > Repository MavenRepo is disabled due to earlier error below:
         > Could not download org.jetbrains.kotlin.jvm.gradle.plugin-2.4.10.jar (org.jetbrains.kotlin.jvm:org.jetbrains.kotlin.jvm.gradle.plugin:2.4.10)
            > Could not get resource 'https://repo.maven.apache.org/maven2/org/jetbrains/kotlin/jvm/org.jetbrains.kotlin.jvm.gradle.plugin/2.4.10/org.jetbrains.kotlin.jvm.gradle.plugin-2.4.10.jar'.
               > Could not HEAD 'https://repo.maven.apache.org/maven2/org/jetbrains/kotlin/jvm/org.jetbrains.kotlin.jvm.gradle.plugin/2.4.10/org.jetbrains.kotlin.jvm.gradle.plugin-2.4.10.jar'. Received status code 429 from server: Too Many Requests

* Try:
> Run with --info or --debug option to get more log output.
> Run with --scan to get full insights from a Build Scan (powered by Develocity).
> Get more help at https://help.gradle.org.

* Exception is:
org.gradle.api.tasks.TaskExecutionException: Execution failed for task ':app:desugarReleaseFileDependencies'.
	at org.gradle.api.internal.tasks.execution.CatchExceptionTaskExecuter.execute(CatchExceptionTaskExecuter.java:38)
	at org.gradle.api.internal.tasks.execution.EventFiringTaskExecuter$1.executeTask(EventFiringTaskExecuter.java:77)
	at org.gradle.api.internal.tasks.execution.EventFiringTaskExecuter$1.call(EventFiringTaskExecuter.java:55)
	at org.gradle.api.internal.tasks.execution.EventFiringTaskExecuter$1.call(EventFiringTaskExecuter.java:52)
	at org.gradle.internal.operations.DefaultBuildOperationRunner$CallableBuildOperationWorker.execute(DefaultBuildOperationRunner.java:210)
	at org.gradle.internal.operations.DefaultBuildOperationRunner$CallableBuildOperationWorker.execute(DefaultBuildOperationRunner.java:205)
	at org.gradle.internal.operations.DefaultBuildOperationRunner$2.execute(DefaultBuildOperationRunner.java:67)
	at org.gradle.internal.operations.DefaultBuildOperationRunner$2.execute(DefaultBuildOperationRunner.java:60)
	at org.gradle.internal.operations.DefaultBuildOperationRunner.execute(DefaultBuildOperationRunner.java:167)
	at org.gradle.internal.operations.DefaultBuildOperationRunner.execute(DefaultBuildOperationRunner.java:60)
	at org.gradle.internal.operations.DefaultBuildOperationRunner.call(DefaultBuildOperationRunner.java:54)
	at org.gradle.api.internal.tasks.execution.EventFiringTaskExecuter.execute(EventFiringTaskExecuter.java:52)
	at org.gradle.execution.plan.DefaultNodeExecutor.executeLocalTaskNode(DefaultNodeExecutor.java:55)
	at org.gradle.execution.plan.DefaultNodeExecutor.execute(DefaultNodeExecutor.java:34)
	at org.gradle.execution.taskgraph.DefaultTaskExecutionGraph$InvokeNodeExecutorsAction.execute(DefaultTaskExecutionGraph.java:355)
	at org.gradle.execution.taskgraph.DefaultTaskExecutionGraph$InvokeNodeExecutorsAction.execute(DefaultTaskExecutionGraph.java:343)
	at org.gradle.execution.taskgraph.DefaultTaskExecutionGraph$BuildOperationAwareExecutionAction.lambda$execute$0(DefaultTaskExecutionGraph.java:339)
	at org.gradle.internal.operations.CurrentBuildOperationRef.with(CurrentBuildOperationRef.java:84)
	at org.gradle.execution.taskgraph.DefaultTaskExecutionGraph$BuildOperationAwareExecutionAction.execute(DefaultTaskExecutionGraph.java:339)
	at org.gradle.execution.taskgraph.DefaultTaskExecutionGraph$BuildOperationAwareExecutionAction.execute(DefaultTaskExecutionGraph.java:328)
	at org.gradle.execution.plan.DefaultPlanExecutor$ExecutorWorker.execute(DefaultPlanExecutor.java:459)
	at org.gradle.execution.plan.DefaultPlanExecutor$ExecutorWorker.run(DefaultPlanExecutor.java:376)
	at org.gradle.internal.concurrent.ExecutorPolicy$CatchAndRecordFailures.onExecute(ExecutorPolicy.java:64)
	at org.gradle.internal.concurrent.AbstractManagedExecutor$1.run(AbstractManagedExecutor.java:47)
	at java.base/java.util.concurrent.ThreadPoolExecutor.runWorker(ThreadPoolExecutor.java:1144)
	at java.base/java.util.concurrent.ThreadPoolExecutor$Worker.run(ThreadPoolExecutor.java:642)
	at java.base/java.lang.Thread.run(Thread.java:1583)
Caused by: org.gradle.api.internal.artifacts.ivyservice.TypedResolveException: Could not resolve all files for configuration ':app:releaseRuntimeClasspath'.
	at org.gradle.api.internal.artifacts.ResolveExceptionMapper.mapFailure(ResolveExceptionMapper.java:73)
	at org.gradle.api.internal.artifacts.ResolveExceptionMapper.mapFailures(ResolveExceptionMapper.java:65)
	at org.gradle.api.internal.artifacts.configurations.DefaultConfiguration$DefaultResolutionHost.consolidateFailures(DefaultConfiguration.java:1789)
	at org.gradle.api.internal.artifacts.configurations.ResolutionHost.rethrowFailuresAndReportProblems(ResolutionHost.java:75)
	at org.gradle.api.internal.artifacts.configurations.ResolutionBackedFileCollection.maybeThrowResolutionFailures(ResolutionBackedFileCollection.java:86)
	at org.gradle.api.internal.artifacts.configurations.ResolutionBackedFileCollection.visitContents(ResolutionBackedFileCollection.java:76)
	at org.gradle.api.internal.file.AbstractFileCollection.visitStructure(AbstractFileCollection.java:361)
	at org.gradle.api.internal.file.collections.DefaultConfigurableFileCollection.lambda$calculateFinalizedValue$1(DefaultConfigurableFileCollection.java:423)
	at org.gradle.api.internal.file.collections.UnpackingVisitor.add(UnpackingVisitor.java:66)
	at org.gradle.api.internal.file.collections.DefaultConfigurableFileCollection$UnresolvedItemsCollector.visitContents(DefaultConfigurableFileCollection.java:635)
	at org.gradle.api.internal.file.collections.DefaultConfigurableFileCollection.calculateFinalizedValue(DefaultConfigurableFileCollection.java:423)
	at org.gradle.api.internal.file.collections.DefaultConfigurableFileCollection.finalizeNow(DefaultConfigurableFileCollection.java:125)
	at org.gradle.api.internal.file.collections.DefaultConfigurableFileCollection.lambda$visitChildren$2(DefaultConfigurableFileCollection.java:447)
	at org.gradle.api.internal.provider.ValueState.finalizeOnReadIfNeeded(ValueState.java:142)
	at org.gradle.api.internal.file.collections.DefaultConfigurableFileCollection.visitChildren(DefaultConfigurableFileCollection.java:447)
	at org.gradle.api.internal.file.CompositeFileCollection.visitContents(CompositeFileCollection.java:112)
	at org.gradle.api.internal.file.AbstractFileCollection.visitStructure(AbstractFileCollection.java:361)
	at org.gradle.api.internal.file.CompositeFileCollection.lambda$visitContents$0(CompositeFileCollection.java:112)
	at org.gradle.api.internal.file.collections.UnpackingVisitor.add(UnpackingVisitor.java:66)
	at org.gradle.api.internal.file.collections.UnpackingVisitor.add(UnpackingVisitor.java:91)
	at org.gradle.api.internal.file.DefaultFileCollectionFactory$ResolvingFileCollection.visitChildren(DefaultFileCollectionFactory.java:311)
	at org.gradle.api.internal.file.CompositeFileCollection.visitContents(CompositeFileCollection.java:112)
	at org.gradle.api.internal.file.AbstractFileCollection.visitStructure(AbstractFileCollection.java:361)
	at org.gradle.api.internal.file.CompositeFileCollection.lambda$visitContents$0(CompositeFileCollection.java:112)
	at org.gradle.api.internal.tasks.PropertyFileCollection.visitChildren(PropertyFileCollection.java:48)
	at org.gradle.api.internal.file.CompositeFileCollection.visitContents(CompositeFileCollection.java:112)
	at org.gradle.api.internal.file.AbstractFileCollection.visitStructure(AbstractFileCollection.java:361)
	at org.gradle.internal.fingerprint.impl.DefaultFileCollectionSnapshotter.snapshot(DefaultFileCollectionSnapshotter.java:48)
	at org.gradle.internal.execution.impl.DefaultInputFingerprinter$InputCollectingVisitor.visitInputFileProperty(DefaultInputFingerprinter.java:151)
	at org.gradle.api.internal.tasks.execution.TaskExecution.visitMutableInputs(TaskExecution.java:345)
	at org.gradle.internal.execution.impl.DefaultInputFingerprinter.fingerprintInputProperties(DefaultInputFingerprinter.java:77)
	at org.gradle.internal.execution.steps.CaptureMutableStateBeforeExecutionStep.captureExecutionStateWithOutputs(CaptureMutableStateBeforeExecutionStep.java:124)
	at org.gradle.internal.execution.steps.CaptureMutableStateBeforeExecutionStep.lambda$captureExecutionState$0(CaptureMutableStateBeforeExecutionStep.java:94)
	at org.gradle.internal.execution.steps.BuildOperationStep$1.call(BuildOperationStep.java:38)
	at org.gradle.internal.operations.DefaultBuildOperationRunner$CallableBuildOperationWorker.execute(DefaultBuildOperationRunner.java:210)
	at org.gradle.internal.operations.DefaultBuildOperationRunner$CallableBuildOperationWorker.execute(DefaultBuildOperationRunner.java:205)
	at org.gradle.internal.operations.DefaultBuildOperationRunner$2.execute(DefaultBuildOperationRunner.java:67)
	at org.gradle.internal.operations.DefaultBuildOperationRunner$2.execute(DefaultBuildOperationRunner.java:60)
	at org.gradle.internal.operations.DefaultBuildOperationRunner.execute(DefaultBuildOperationRunner.java:167)
	at org.gradle.internal.operations.DefaultBuildOperationRunner.execute(DefaultBuildOperationRunner.java:60)
	at org.gradle.internal.operations.DefaultBuildOperationRunner.call(DefaultBuildOperationRunner.java:54)
	at org.gradle.internal.execution.steps.BuildOperationStep.operation(BuildOperationStep.java:35)
	at org.gradle.internal.execution.steps.CaptureMutableStateBeforeExecutionStep.captureExecutionState(CaptureMutableStateBeforeExecutionStep.java:92)
	at org.gradle.internal.execution.steps.CaptureMutableStateBeforeExecutionStep.executeMutable(CaptureMutableStateBeforeExecutionStep.java:73)
	at org.gradle.internal.execution.steps.CaptureMutableStateBeforeExecutionStep.execute(CaptureMutableStateBeforeExecutionStep.java:65)
	at org.gradle.internal.execution.steps.CaptureMutableStateBeforeExecutionStep.execute(CaptureMutableStateBeforeExecutionStep.java:45)
	at org.gradle.internal.execution.steps.SkipEmptyMutableWorkStep.executeWithNonEmptySources(SkipEmptyMutableWorkStep.java:210)
	at org.gradle.internal.execution.steps.SkipEmptyMutableWorkStep.executeMutable(SkipEmptyMutableWorkStep.java:85)
	at org.gradle.internal.execution.steps.SkipEmptyMutableWorkStep.executeMutable(SkipEmptyMutableWorkStep.java:53)
	at org.gradle.internal.execution.steps.MutableStep.execute(MutableStep.java:26)
	at org.gradle.internal.execution.steps.legacy.MarkSnapshottingInputsStartedStep.execute(MarkSnapshottingInputsStartedStep.java:38)
	at org.gradle.internal.execution.steps.LoadPreviousExecutionStateStep.executeMutable(LoadPreviousExecutionStateStep.java:36)
	at org.gradle.internal.execution.steps.LoadPreviousExecutionStateStep.executeMutable(LoadPreviousExecutionStateStep.java:23)
	at org.gradle.internal.execution.steps.MutableStep.execute(MutableStep.java:26)
	at org.gradle.internal.execution.steps.HandleStaleOutputsStep.executeMutable(HandleStaleOutputsStep.java:77)
	at org.gradle.internal.execution.steps.HandleStaleOutputsStep.executeMutable(HandleStaleOutputsStep.java:43)
	at org.gradle.internal.execution.steps.MutableStep.execute(MutableStep.java:26)
	at org.gradle.internal.execution.steps.AssignMutableWorkspaceStep.lambda$executeMutable$0(AssignMutableWorkspaceStep.java:34)
	at org.gradle.api.internal.tasks.execution.TaskExecution$4.withWorkspace(TaskExecution.java:305)
	at org.gradle.internal.execution.steps.AssignMutableWorkspaceStep.executeMutable(AssignMutableWorkspaceStep.java:30)
	at org.gradle.internal.execution.steps.AssignMutableWorkspaceStep.executeMutable(AssignMutableWorkspaceStep.java:21)
	at org.gradle.internal.execution.steps.MutableStep.execute(MutableStep.java:26)
	at org.gradle.internal.execution.steps.ChoosePipelineStep.execute(ChoosePipelineStep.java:40)
	at org.gradle.internal.execution.steps.ChoosePipelineStep.execute(ChoosePipelineStep.java:23)
	at org.gradle.internal.execution.steps.ExecuteWorkBuildOperationFiringStep.lambda$execute$2(ExecuteWorkBuildOperationFiringStep.java:67)
	at java.base/java.util.Optional.orElseGet(Optional.java:364)
	at org.gradle.internal.execution.steps.ExecuteWorkBuildOperationFiringStep.execute(ExecuteWorkBuildOperationFiringStep.java:67)
	at org.gradle.internal.execution.steps.ExecuteWorkBuildOperationFiringStep.execute(ExecuteWorkBuildOperationFiringStep.java:39)
	at org.gradle.internal.execution.steps.IdentityCacheStep.execute(IdentityCacheStep.java:46)
	at org.gradle.internal.execution.steps.IdentityCacheStep.execute(IdentityCacheStep.java:34)
	at org.gradle.internal.execution.steps.IdentifyStep.execute(IdentifyStep.java:56)
	at org.gradle.internal.execution.steps.IdentifyStep.execute(IdentifyStep.java:38)
	at org.gradle.internal.execution.impl.DefaultExecutionEngine$1.execute(DefaultExecutionEngine.java:68)
	at org.gradle.api.internal.tasks.execution.ExecuteActionsTaskExecuter.executeIfValid(ExecuteActionsTaskExecuter.java:132)
	at org.gradle.api.internal.tasks.execution.ExecuteActionsTaskExecuter.execute(ExecuteActionsTaskExecuter.java:121)
	at org.gradle.api.internal.tasks.execution.ProblemsTaskPathTrackingTaskExecuter.execute(ProblemsTaskPathTrackingTaskExecuter.java:41)
	at org.gradle.api.internal.tasks.execution.ResolveTaskExecutionModeExecuter.execute(ResolveTaskExecutionModeExecuter.java:51)
	at org.gradle.api.internal.tasks.execution.FinalizePropertiesTaskExecuter.execute(FinalizePropertiesTaskExecuter.java:46)
	at org.gradle.api.internal.tasks.execution.SkipTaskWithNoActionsExecuter.execute(SkipTaskWithNoActionsExecuter.java:57)
	at org.gradle.api.internal.tasks.execution.SkipOnlyIfTaskExecuter.execute(SkipOnlyIfTaskExecuter.java:74)
	at org.gradle.api.internal.tasks.execution.CatchExceptionTaskExecuter.execute(CatchExceptionTaskExecuter.java:36)
	... 26 more
Caused by: org.gradle.internal.resolve.ModuleVersionResolveException: Could not resolve com.tom-roush:pdfbox-android:2.0.27.0.
Required by:
    project ':app'
Caused by: org.gradle.internal.resolve.ModuleVersionResolveException: Repository MavenRepo is disabled due to earlier error below:
Caused by: org.gradle.internal.resolve.ArtifactResolveException: Could not download org.jetbrains.kotlin.jvm.gradle.plugin-2.4.10.jar (org.jetbrains.kotlin.jvm:org.jetbrains.kotlin.jvm.gradle.plugin:2.4.10)
	at org.gradle.api.internal.artifacts.ivyservice.ivyresolve.ErrorHandlingModuleComponentRepository$ErrorHandlingModuleComponentRepositoryAccess.lambda$resolveArtifact$14(ErrorHandlingModuleComponentRepository.java:190)
	at org.gradle.api.internal.artifacts.ivyservice.ivyresolve.ErrorHandlingModuleComponentRepository$ErrorHandlingModuleComponentRepositoryAccess.tryResolveAndMaybeDisable(ErrorHandlingModuleComponentRepository.java:260)
	at org.gradle.api.internal.artifacts.ivyservice.ivyresolve.ErrorHandlingModuleComponentRepository$ErrorHandlingModuleComponentRepositoryAccess.performOperationWithRetries(ErrorHandlingModuleComponentRepository.java:204)
	at org.gradle.api.internal.artifacts.ivyservice.ivyresolve.ErrorHandlingModuleComponentRepository$ErrorHandlingModuleComponentRepositoryAccess.resolveArtifact(ErrorHandlingModuleComponentRepository.java:178)
	at org.gradle.api.internal.artifacts.ivyservice.ivyresolve.RepositoryChainArtifactResolver.resolveArtifactLater(RepositoryChainArtifactResolver.java:75)
	at org.gradle.api.internal.artifacts.ivyservice.ivyresolve.RepositoryChainArtifactResolver.lambda$resolveArtifact$0(RepositoryChainArtifactResolver.java:63)
	at org.gradle.internal.model.CalculatedValueContainerFactory$SupplierBackedCalculator.calculateValue(CalculatedValueContainerFactory.java:69)
	at org.gradle.internal.model.CalculatedValueContainer$CalculationState.lambda$attachValue$0(CalculatedValueContainer.java:227)
	at org.gradle.internal.Try.ofFailable(Try.java:46)
	at org.gradle.internal.model.CalculatedValueContainer$CalculationState.attachValue(CalculatedValueContainer.java:222)
	at org.gradle.internal.model.CalculatedValueContainer.finalizeIfNotAlready(CalculatedValueContainer.java:195)
	at org.gradle.internal.model.CalculatedValueContainer.finalizeIfNotAlready(CalculatedValueContainer.java:186)
	at org.gradle.api.internal.artifacts.DefaultResolvableArtifact.getFile(DefaultResolvableArtifact.java:140)
	at org.gradle.internal.resolve.resolver.DefaultComponentArtifactResolver.resolveArtifacts(DefaultComponentArtifactResolver.java:50)
	at org.gradle.api.internal.artifacts.ivyservice.resolveengine.artifact.ArtifactBackedResolvedVariant.getArtifacts(ArtifactBackedResolvedVariant.java:80)
	at org.gradle.api.internal.artifacts.transform.AttributeMatchingArtifactVariantSelector.doSelect(AttributeMatchingArtifactVariantSelector.java:88)
	at org.gradle.api.internal.artifacts.transform.AttributeMatchingArtifactVariantSelector.select(AttributeMatchingArtifactVariantSelector.java:70)
	at org.gradle.api.internal.artifacts.ivyservice.resolveengine.artifact.VariantResolvingArtifactSet.select(VariantResolvingArtifactSet.java:110)
	at org.gradle.api.internal.artifacts.ivyservice.resolveengine.artifact.DefaultVisitedArtifactResults.select(DefaultVisitedArtifactResults.java:43)
	at org.gradle.api.internal.artifacts.ivyservice.resolveengine.artifact.DefaultVisitedArtifactSet.select(DefaultVisitedArtifactSet.java:97)
	at org.gradle.api.internal.artifacts.resolver.DefaultResolutionOutputs$DefaultArtifactView.selectArtifacts(DefaultResolutionOutputs.java:204)
	at org.gradle.api.internal.artifacts.configurations.ResolutionResultProvider$1.getValue(ResolutionResultProvider.java:54)
	at org.gradle.api.internal.artifacts.configurations.ResolutionResultProviderBackedSelectedArtifactSet.visitArtifacts(ResolutionResultProviderBackedSelectedArtifactSet.java:50)
	at org.gradle.api.internal.artifacts.configurations.DefaultArtifactCollection.lambda$new$0(DefaultArtifactCollection.java:61)
	at org.gradle.internal.model.CalculatedValueContainerFactory$SupplierBackedCalculator.calculateValue(CalculatedValueContainerFactory.java:69)
	at org.gradle.internal.model.CalculatedValueContainer$CalculationState.lambda$attachValue$0(CalculatedValueContainer.java:227)
	at org.gradle.internal.Try.ofFailable(Try.java:46)
	at org.gradle.internal.model.CalculatedValueContainer$CalculationState.attachValue(CalculatedValueContainer.java:222)
	at org.gradle.internal.model.CalculatedValueContainer.finalizeIfNotAlready(CalculatedValueContainer.java:195)
	at org.gradle.internal.model.CalculatedValueContainer.finalizeIfNotAlready(CalculatedValueContainer.java:186)
	at org.gradle.api.internal.artifacts.configurations.DefaultArtifactCollection.ensureResolved(DefaultArtifactCollection.java:123)
	at org.gradle.api.internal.artifacts.configurations.DefaultArtifactCollection.getFailures(DefaultArtifactCollection.java:112)
	at org.gradle.plugin.use.resolve.internal.ArtifactRepositoriesPluginResolver.exists(ArtifactRepositoriesPluginResolver.java:186)
	at org.gradle.plugin.use.resolve.internal.ArtifactRepositoriesPluginResolver.resolve(ArtifactRepositoriesPluginResolver.java:65)
	at org.gradle.plugin.use.resolve.internal.CompositePluginResolver.resolve(CompositePluginResolver.java:36)
	at org.gradle.plugin.use.resolve.internal.AlreadyOnClasspathPluginResolver.resolve(AlreadyOnClasspathPluginResolver.java:64)
	at org.gradle.plugin.use.internal.DefaultPluginRequestApplicator.resolvePluginRequest(DefaultPluginRequestApplicator.java:190)
	at org.gradle.plugin.use.internal.DefaultPluginRequestApplicator.applyPlugins(DefaultPluginRequestApplicator.java:102)
	at org.gradle.kotlin.dsl.provider.PluginRequestsHandler.handle(PluginRequestsHandler.kt:45)
	at org.gradle.kotlin.dsl.provider.StandardKotlinScriptEvaluator$InterpreterHost.applyPluginsTo(KotlinScriptEvaluator.kt:246)
	at org.gradle.kotlin.dsl.execution.Interpreter$ProgramHost.applyPluginsTo(Interpreter.kt:395)
	at Program.execute(Unknown Source)
	at org.gradle.kotlin.dsl.execution.Interpreter$ProgramHost.eval(Interpreter.kt:526)
	at org.gradle.kotlin.dsl.execution.Interpreter.eval(Interpreter.kt:219)
	at org.gradle.kotlin.dsl.provider.StandardKotlinScriptEvaluator.evaluate(KotlinScriptEvaluator.kt:135)
	at org.gradle.kotlin.dsl.provider.KotlinScriptPluginFactory.create$lambda$0(KotlinScriptPluginFactory.kt:61)
	at org.gradle.kotlin.dsl.provider.KotlinScriptPlugin.apply(KotlinScriptPlugin.kt:35)
	at org.gradle.configuration.BuildOperationScriptPlugin$1.run(BuildOperationScriptPlugin.java:68)
	at org.gradle.internal.operations.DefaultBuildOperationRunner$1.execute(DefaultBuildOperationRunner.java:30)
	at org.gradle.internal.operations.DefaultBuildOperationRunner$1.execute(DefaultBuildOperationRunner.java:27)
	at org.gradle.internal.operations.DefaultBuildOperationRunner$2.execute(DefaultBuildOperationRunner.java:67)
	at org.gradle.internal.operations.DefaultBuildOperationRunner$2.execute(DefaultBuildOperationRunner.java:60)
	at org.gradle.internal.operations.DefaultBuildOperationRunner.execute(DefaultBuildOperationRunner.java:167)
	at org.gradle.internal.operations.DefaultBuildOperationRunner.execute(DefaultBuildOperationRunner.java:60)
	at org.gradle.internal.operations.DefaultBuildOperationRunner.run(DefaultBuildOperationRunner.java:48)
	at org.gradle.configuration.BuildOperationScriptPlugin.lambda$apply$0(BuildOperationScriptPlugin.java:65)
	at org.gradle.internal.code.DefaultUserCodeApplicationContext.apply(DefaultUserCodeApplicationContext.java:44)
	at org.gradle.configuration.BuildOperationScriptPlugin.apply(BuildOperationScriptPlugin.java:65)
	at org.gradle.api.internal.project.DefaultProjectStateRegistry$ProjectStateImpl.lambda$applyToMutableState$0(DefaultProjectStateRegistry.java:443)
	at org.gradle.api.internal.project.DefaultProjectStateRegistry$ProjectStateImpl.lambda$fromMutableState$1(DefaultProjectStateRegistry.java:450)
	at org.gradle.api.internal.project.DefaultProjectStateRegistry$ProjectStateImpl.runWithModelLock(DefaultProjectStateRegistry.java:466)
	at org.gradle.api.internal.project.DefaultProjectStateRegistry$ProjectStateImpl.fromMutableState(DefaultProjectStateRegistry.java:450)
	at org.gradle.api.internal.project.DefaultProjectStateRegistry$ProjectStateImpl.applyToMutableState(DefaultProjectStateRegistry.java:442)
	at org.gradle.configuration.project.BuildScriptProcessor.execute(BuildScriptProcessor.java:46)
	at org.gradle.configuration.project.BuildScriptProcessor.execute(BuildScriptProcessor.java:27)
	at org.gradle.configuration.project.ConfigureActionsProjectEvaluator.evaluate(ConfigureActionsProjectEvaluator.java:35)
	at org.gradle.configuration.project.LifecycleProjectEvaluator$EvaluateProject.lambda$run$0(LifecycleProjectEvaluator.java:109)
	at org.gradle.api.internal.project.DefaultProjectStateRegistry$ProjectStateImpl.lambda$applyToMutableState$0(DefaultProjectStateRegistry.java:443)
	at org.gradle.api.internal.project.DefaultProjectStateRegistry$ProjectStateImpl.lambda$fromMutableState$1(DefaultProjectStateRegistry.java:450)
	at org.gradle.internal.work.DefaultWorkerLeaseService.lambda$withLocksAcquired$0(DefaultWorkerLeaseService.java:275)
	at org.gradle.internal.work.ResourceLockStatistics$1.measure(ResourceLockStatistics.java:43)
	at org.gradle.internal.work.DefaultWorkerLeaseService.withLocksAcquired(DefaultWorkerLeaseService.java:273)
	at org.gradle.internal.work.DefaultWorkerLeaseService.lambda$withReplacedLocks$3(DefaultWorkerLeaseService.java:371)
	at org.gradle.internal.work.DefaultWorkerLeaseService.withoutLocks(DefaultWorkerLeaseService.java:343)
	at org.gradle.internal.work.DefaultWorkerLeaseService.withReplacedLocks(DefaultWorkerLeaseService.java:370)
	at org.gradle.api.internal.project.DefaultProjectStateRegistry$ProjectStateImpl.runWithModelLock(DefaultProjectStateRegistry.java:471)
	at org.gradle.api.internal.project.DefaultProjectStateRegistry$ProjectStateImpl.fromMutableState(DefaultProjectStateRegistry.java:450)
	at org.gradle.api.internal.project.DefaultProjectStateRegistry$ProjectStateImpl.applyToMutableState(DefaultProjectStateRegistry.java:442)
	at org.gradle.configuration.project.LifecycleProjectEvaluator$EvaluateProject.run(LifecycleProjectEvaluator.java:100)
	at org.gradle.internal.operations.DefaultBuildOperationRunner$1.execute(DefaultBuildOperationRunner.java:30)
	at org.gradle.internal.operations.DefaultBuildOperationRunner$1.execute(DefaultBuildOperationRunner.java:27)
	at org.gradle.internal.operations.DefaultBuildOperationRunner$2.execute(DefaultBuildOperationRunner.java:67)
	at org.gradle.internal.operations.DefaultBuildOperationRunner$2.execute(DefaultBuildOperationRunner.java:60)
	at org.gradle.internal.operations.DefaultBuildOperationRunner.execute(DefaultBuildOperationRunner.java:167)
	at org.gradle.internal.operations.DefaultBuildOperationRunner.execute(DefaultBuildOperationRunner.java:60)
	at org.gradle.internal.operations.DefaultBuildOperationRunner.run(DefaultBuildOperationRunner.java:48)
	at org.gradle.configuration.project.LifecycleProjectEvaluator.evaluate(LifecycleProjectEvaluator.java:72)
	at org.gradle.api.internal.project.DefaultProject.evaluateUnchecked(DefaultProject.java:796)
	at org.gradle.api.internal.project.ProjectLifecycleController.lambda$ensureSelfConfigured$2(ProjectLifecycleController.java:93)
	at org.gradle.internal.model.StateTransitionController.lambda$doTransition$15(StateTransitionController.java:293)
	at org.gradle.internal.model.StateTransitionController.doTransition(StateTransitionController.java:304)
	at org.gradle.internal.model.StateTransitionController.doTransition(StateTransitionController.java:292)
	at org.gradle.internal.model.StateTransitionController.lambda$maybeTransitionIfNotCurrentlyTransitioning$11(StateTransitionController.java:237)
	at org.gradle.internal.work.DefaultSynchronizer.withLock(DefaultSynchronizer.java:35)
	at org.gradle.internal.model.StateTransitionController.maybeTransitionIfNotCurrentlyTransitioning(StateTransitionController.java:233)
	at org.gradle.api.internal.project.ProjectLifecycleController.ensureSelfConfigured(ProjectLifecycleController.java:93)
	at org.gradle.api.internal.project.DefaultProjectStateRegistry$ProjectStateImpl.ensureConfigured(DefaultProjectStateRegistry.java:408)
	at org.gradle.execution.TaskPathProjectEvaluator.configure(TaskPathProjectEvaluator.java:71)
	at org.gradle.execution.TaskPathProjectEvaluator.configureHierarchy(TaskPathProjectEvaluator.java:85)
	at org.gradle.configuration.DefaultProjectsPreparer.prepareProjects(DefaultProjectsPreparer.java:50)
	at org.gradle.configuration.BuildTreePreparingProjectsPreparer.prepareProjects(BuildTreePreparingProjectsPreparer.java:65)
	at org.gradle.configuration.BuildOperationFiringProjectsPreparer$ConfigureBuild.run(BuildOperationFiringProjectsPreparer.java:52)
	at org.gradle.internal.operations.DefaultBuildOperationRunner$1.execute(DefaultBuildOperationRunner.java:30)
	at org.gradle.internal.operations.DefaultBuildOperationRunner$1.execute(DefaultBuildOperationRunner.java:27)
	at org.gradle.internal.operations.DefaultBuildOperationRunner$2.execute(DefaultBuildOperationRunner.java:67)
	at org.gradle.internal.operations.DefaultBuildOperationRunner$2.execute(DefaultBuildOperationRunner.java:60)
	at org.gradle.internal.operations.DefaultBuildOperationRunner.execute(DefaultBuildOperationRunner.java:167)
	at org.gradle.internal.operations.DefaultBuildOperationRunner.execute(DefaultBuildOperationRunner.java:60)
	at org.gradle.internal.operations.DefaultBuildOperationRunner.run(DefaultBuildOperationRunner.java:48)
	at org.gradle.configuration.BuildOperationFiringProjectsPreparer.prepareProjects(BuildOperationFiringProjectsPreparer.java:40)
	at org.gradle.initialization.VintageBuildModelController.lambda$prepareProjects$2(VintageBuildModelController.java:83)
	at org.gradle.internal.model.StateTransitionController.lambda$doTransition$15(StateTransitionController.java:293)
	at org.gradle.internal.model.StateTransitionController.doTransition(StateTransitionController.java:304)
	at org.gradle.internal.model.StateTransitionController.doTransition(StateTransitionController.java:292)
	at org.gradle.internal.model.StateTransitionController.lambda$transitionIfNotPreviously$12(StateTransitionController.java:251)
	at org.gradle.internal.work.DefaultSynchronizer.withLock(DefaultSynchronizer.java:35)
	at org.gradle.internal.model.StateTransitionController.transitionIfNotPreviously(StateTransitionController.java:247)
	at org.gradle.initialization.VintageBuildModelController.prepareProjects(VintageBuildModelController.java:83)
	at org.gradle.initialization.VintageBuildModelController.prepareToScheduleTasks(VintageBuildModelController.java:70)
	at org.gradle.internal.build.DefaultBuildLifecycleController.lambda$prepareToScheduleTasks$7(DefaultBuildLifecycleController.java:185)
	at org.gradle.internal.model.StateTransitionController.lambda$doTransition$15(StateTransitionController.java:293)
	at org.gradle.internal.model.StateTransitionController.doTransition(StateTransitionController.java:304)
	at org.gradle.internal.model.StateTransitionController.doTransition(StateTransitionController.java:292)
	at org.gradle.internal.model.StateTransitionController.lambda$maybeTransition$10(StateTransitionController.java:228)
	at org.gradle.internal.work.DefaultSynchronizer.withLock(DefaultSynchronizer.java:35)
	at org.gradle.internal.model.StateTransitionController.maybeTransition(StateTransitionController.java:224)
	at org.gradle.internal.build.DefaultBuildLifecycleController.prepareToScheduleTasks(DefaultBuildLifecycleController.java:183)
	at org.gradle.internal.buildtree.DefaultBuildTreeWorkPreparer.scheduleRequestedTasks(DefaultBuildTreeWorkPreparer.java:35)
	at org.gradle.internal.cc.impl.barrier.BarrierAwareBuildTreeWorkPreparer.scheduleRequestedTasks$lambda$0(BarrierAwareBuildTreeWorkPreparer.kt:34)
	at org.gradle.internal.cc.impl.barrier.VintageConfigurationTimeActionRunner.runConfigurationTimeAction(VintageConfigurationTimeActionRunner.kt:48)
	at org.gradle.internal.cc.impl.barrier.BarrierAwareBuildTreeWorkPreparer.scheduleRequestedTasks(BarrierAwareBuildTreeWorkPreparer.kt:33)
	at org.gradle.internal.cc.impl.VintageBuildTreeWorkController$scheduleAndRunRequestedTasks$1$finalizedGraph$1.call(VintageBuildTreeWorkController.kt:37)
	at org.gradle.internal.cc.impl.VintageBuildTreeWorkController$scheduleAndRunRequestedTasks$1$finalizedGraph$1.call(VintageBuildTreeWorkController.kt:37)
	at org.gradle.internal.Try.ofFailable(Try.java:46)
	at org.gradle.internal.cc.impl.VintageBuildTreeWorkController$scheduleAndRunRequestedTasks$1.apply(VintageBuildTreeWorkController.kt:37)
	at org.gradle.internal.cc.impl.VintageBuildTreeWorkController$scheduleAndRunRequestedTasks$1.apply(VintageBuildTreeWorkController.kt:36)
	at org.gradle.composite.internal.DefaultIncludedBuildTaskGraph.withNewWorkGraph(DefaultIncludedBuildTaskGraph.java:115)
	at org.gradle.internal.cc.impl.VintageBuildTreeWorkController.scheduleAndRunRequestedTasks(VintageBuildTreeWorkController.kt:36)
	at org.gradle.internal.buildtree.DefaultBuildTreeLifecycleController.lambda$scheduleAndRunTasks$1(DefaultBuildTreeLifecycleController.java:84)
	at org.gradle.internal.buildtree.DefaultBuildTreeLifecycleController.lambda$runBuild$5(DefaultBuildTreeLifecycleController.java:142)
	at org.gradle.internal.model.StateTransitionController.lambda$transition$7(StateTransitionController.java:207)
	at org.gradle.internal.model.StateTransitionController.doTransition(StateTransitionController.java:304)
	at org.gradle.internal.model.StateTransitionController.lambda$transition$8(StateTransitionController.java:207)
	at org.gradle.internal.work.DefaultSynchronizer.withLock(DefaultSynchronizer.java:45)
	at org.gradle.internal.model.StateTransitionController.transition(StateTransitionController.java:207)
	at org.gradle.internal.buildtree.DefaultBuildTreeLifecycleController.runBuild(DefaultBuildTreeLifecycleController.java:139)
	at org.gradle.internal.buildtree.DefaultBuildTreeLifecycleController.scheduleAndRunTasks(DefaultBuildTreeLifecycleController.java:84)
	at org.gradle.internal.buildtree.DefaultBuildTreeLifecycleController.scheduleAndRunTasks(DefaultBuildTreeLifecycleController.java:79)
	at org.gradle.tooling.internal.provider.ExecuteBuildActionRunner.run(ExecuteBuildActionRunner.java:31)
	at org.gradle.launcher.exec.ChainingBuildActionRunner.run(ChainingBuildActionRunner.java:35)
	at org.gradle.internal.buildtree.ProblemReportingBuildActionRunner.run(ProblemReportingBuildActionRunner.java:54)
	at org.gradle.launcher.exec.BuildOutcomeReportingBuildActionRunner.run(BuildOutcomeReportingBuildActionRunner.java:83)
	at org.gradle.tooling.internal.provider.FileSystemWatchingBuildActionRunner.run(FileSystemWatchingBuildActionRunner.java:135)
	at org.gradle.launcher.exec.BuildCompletionNotifyingBuildActionRunner.run(BuildCompletionNotifyingBuildActionRunner.java:54)
	at org.gradle.launcher.exec.RootBuildLifecycleBuildActionExecutor.lambda$execute$0(RootBuildLifecycleBuildActionExecutor.java:101)
	at org.gradle.composite.internal.DefaultRootBuildState.run(DefaultRootBuildState.java:126)
	at org.gradle.launcher.exec.RootBuildLifecycleBuildActionExecutor.execute(RootBuildLifecycleBuildActionExecutor.java:101)
	at org.gradle.launcher.exec.BuildTreeLifecycleBuildActionExecutor.runRootBuildAction(BuildTreeLifecycleBuildActionExecutor.java:104)
	at org.gradle.launcher.exec.BuildTreeLifecycleBuildActionExecutor.execute(BuildTreeLifecycleBuildActionExecutor.java:74)
	at org.gradle.launcher.exec.RunAsBuildOperationBuildActionExecutor$2.call(RunAsBuildOperationBuildActionExecutor.java:65)
	at org.gradle.launcher.exec.RunAsBuildOperationBuildActionExecutor$2.call(RunAsBuildOperationBuildActionExecutor.java:61)
	at org.gradle.internal.operations.DefaultBuildOperationRunner$CallableBuildOperationWorker.execute(DefaultBuildOperationRunner.java:210)
	at org.gradle.internal.operations.DefaultBuildOperationRunner$CallableBuildOperationWorker.execute(DefaultBuildOperationRunner.java:205)
	at org.gradle.internal.operations.DefaultBuildOperationRunner$2.execute(DefaultBuildOperationRunner.java:67)
	at org.gradle.internal.operations.DefaultBuildOperationRunner$2.execute(DefaultBuildOperationRunner.java:60)
	at org.gradle.internal.operations.DefaultBuildOperationRunner.execute(DefaultBuildOperationRunner.java:167)
	at org.gradle.internal.operations.DefaultBuildOperationRunner.execute(DefaultBuildOperationRunner.java:60)
	at org.gradle.internal.operations.DefaultBuildOperationRunner.call(DefaultBuildOperationRunner.java:54)
	at org.gradle.launcher.exec.RunAsBuildOperationBuildActionExecutor.execute(RunAsBuildOperationBuildActionExecutor.java:61)
	at org.gradle.launcher.exec.RunAsWorkerThreadBuildActionExecutor.lambda$execute$0(RunAsWorkerThreadBuildActionExecutor.java:36)
	at org.gradle.internal.work.DefaultWorkerLeaseService.lambda$withLocksAcquired$0(DefaultWorkerLeaseService.java:275)
	at org.gradle.internal.work.ResourceLockStatistics$1.measure(ResourceLockStatistics.java:43)
	at org.gradle.internal.work.DefaultWorkerLeaseService.withLocksAcquired(DefaultWorkerLeaseService.java:273)
	at org.gradle.internal.work.DefaultWorkerLeaseService.withLocks(DefaultWorkerLeaseService.java:265)
	at org.gradle.internal.work.DefaultWorkerLeaseService.runAsWorkerThread(DefaultWorkerLeaseService.java:128)
	at org.gradle.launcher.exec.RunAsWorkerThreadBuildActionExecutor.execute(RunAsWorkerThreadBuildActionExecutor.java:36)
	at org.gradle.tooling.internal.provider.continuous.ContinuousBuildActionExecutor.execute(ContinuousBuildActionExecutor.java:110)
	at org.gradle.tooling.internal.provider.SubscribableBuildActionExecutor.execute(SubscribableBuildActionExecutor.java:64)
	at org.gradle.internal.session.DefaultBuildSessionContext.execute(DefaultBuildSessionContext.java:46)
	at org.gradle.internal.buildprocess.execution.BuildSessionLifecycleBuildActionExecutor$ActionImpl.apply(BuildSessionLifecycleBuildActionExecutor.java:106)
	at org.gradle.internal.buildprocess.execution.BuildSessionLifecycleBuildActionExecutor$ActionImpl.apply(BuildSessionLifecycleBuildActionExecutor.java:94)
	at org.gradle.internal.session.BuildSessionState.run(BuildSessionState.java:73)
	at org.gradle.internal.buildprocess.execution.BuildSessionLifecycleBuildActionExecutor.execute(BuildSessionLifecycleBuildActionExecutor.java:67)
	at org.gradle.internal.buildprocess.execution.BuildSessionLifecycleBuildActionExecutor.execute(BuildSessionLifecycleBuildActionExecutor.java:45)
	at org.gradle.internal.buildprocess.execution.StartParamsValidatingActionExecutor.execute(StartParamsValidatingActionExecutor.java:57)
	at org.gradle.internal.buildprocess.execution.StartParamsValidatingActionExecutor.execute(StartParamsValidatingActionExecutor.java:32)
	at org.gradle.internal.buildprocess.execution.SessionFailureReportingActionExecutor.execute(SessionFailureReportingActionExecutor.java:51)
	at org.gradle.internal.buildprocess.execution.SessionFailureReportingActionExecutor.execute(SessionFailureReportingActionExecutor.java:39)
	at org.gradle.internal.buildprocess.execution.SetupLoggingActionExecutor.execute(SetupLoggingActionExecutor.java:47)
	at org.gradle.internal.buildprocess.execution.SetupLoggingActionExecutor.execute(SetupLoggingActionExecutor.java:31)
	at org.gradle.launcher.daemon.server.exec.ExecuteBuild.doBuild(ExecuteBuild.java:70)
	at org.gradle.launcher.daemon.server.exec.BuildCommandOnly.execute(BuildCommandOnly.java:37)
	at org.gradle.launcher.daemon.server.api.DaemonCommandExecution.proceed(DaemonCommandExecution.java:104)
	at org.gradle.launcher.daemon.server.exec.WatchForDisconnection.execute(WatchForDisconnection.java:39)
	at org.gradle.launcher.daemon.server.api.DaemonCommandExecution.proceed(DaemonCommandExecution.java:104)
	at org.gradle.launcher.daemon.server.exec.ResetDeprecationLogger.execute(ResetDeprecationLogger.java:29)
	at org.gradle.launcher.daemon.server.api.DaemonCommandExecution.proceed(DaemonCommandExecution.java:104)
	at org.gradle.launcher.daemon.server.exec.RequestStopIfSingleUsedDaemon.execute(RequestStopIfSingleUsedDaemon.java:35)
	at org.gradle.launcher.daemon.server.api.DaemonCommandExecution.proceed(DaemonCommandExecution.java:104)
	at org.gradle.launcher.daemon.server.exec.ForwardClientInput.lambda$execute$0(ForwardClientInput.java:40)
	at org.gradle.internal.daemon.clientinput.ClientInputForwarder.forwardInput(ClientInputForwarder.java:80)
	at org.gradle.launcher.daemon.server.exec.ForwardClientInput.execute(ForwardClientInput.java:37)
	at org.gradle.launcher.daemon.server.api.DaemonCommandExecution.proceed(DaemonCommandExecution.java:104)
	at org.gradle.launcher.daemon.server.exec.LogAndCheckHealth.execute(LogAndCheckHealth.java:53)
	at org.gradle.launcher.daemon.server.api.DaemonCommandExecution.proceed(DaemonCommandExecution.java:104)
	at org.gradle.launcher.daemon.server.exec.LogToClient.doBuild(LogToClient.java:63)
	at org.gradle.launcher.daemon.server.exec.BuildCommandOnly.execute(BuildCommandOnly.java:37)
	at org.gradle.launcher.daemon.server.api.DaemonCommandExecution.proceed(DaemonCommandExecution.java:104)
	at org.gradle.launcher.daemon.server.exec.EstablishBuildEnvironment.doBuild(EstablishBuildEnvironment.java:84)
	at org.gradle.launcher.daemon.server.exec.BuildCommandOnly.execute(BuildCommandOnly.java:37)
	at org.gradle.launcher.daemon.server.api.DaemonCommandExecution.proceed(DaemonCommandExecution.java:104)
	at org.gradle.launcher.daemon.server.exec.StartBuildOrRespondWithBusy$1.run(StartBuildOrRespondWithBusy.java:52)
	at org.gradle.launcher.daemon.server.DaemonStateCoordinator.lambda$runCommand$0(DaemonStateCoordinator.java:321)
	at org.gradle.internal.concurrent.ExecutorPolicy$CatchAndRecordFailures.onExecute(ExecutorPolicy.java:64)
	at org.gradle.internal.concurrent.AbstractManagedExecutor$1.run(AbstractManagedExecutor.java:47)
Caused by: org.gradle.api.resources.ResourceException: Could not get resource 'https://repo.maven.apache.org/maven2/org/jetbrains/kotlin/jvm/org.jetbrains.kotlin.jvm.gradle.plugin/2.4.10/org.jetbrains.kotlin.jvm.gradle.plugin-2.4.10.jar'.
	at org.gradle.internal.resource.ResourceExceptions.failure(ResourceExceptions.java:74)
	at org.gradle.internal.resource.ResourceExceptions.getFailed(ResourceExceptions.java:57)
	at org.gradle.api.internal.artifacts.repositories.resolver.DefaultExternalResourceArtifactResolver.staticResourceExists(DefaultExternalResourceArtifactResolver.java:83)
	at org.gradle.api.internal.artifacts.repositories.resolver.DefaultExternalResourceArtifactResolver.artifactExists(DefaultExternalResourceArtifactResolver.java:67)
	at org.gradle.api.internal.artifacts.repositories.resolver.ExternalResourceResolver$RemoteRepositoryAccess.resolveArtifact(ExternalResourceResolver.java:472)
	at org.gradle.api.internal.artifacts.ivyservice.ivyresolve.CachingModuleComponentRepository$ResolveAndCacheRepositoryAccess.resolveArtifact(CachingModuleComponentRepository.java:470)
	at org.gradle.api.internal.artifacts.ivyservice.ivyresolve.ErrorHandlingModuleComponentRepository$ErrorHandlingModuleComponentRepositoryAccess.lambda$resolveArtifact$12(ErrorHandlingModuleComponentRepository.java:180)
	at org.gradle.api.internal.artifacts.ivyservice.ivyresolve.ErrorHandlingModuleComponentRepository$ErrorHandlingModuleComponentRepositoryAccess.tryResolveAndMaybeDisable(ErrorHandlingModuleComponentRepository.java:251)
	... 213 more
Caused by: org.gradle.internal.resource.transport.http.HttpErrorStatusCodeException: Could not HEAD 'https://repo.maven.apache.org/maven2/org/jetbrains/kotlin/jvm/org.jetbrains.kotlin.jvm.gradle.plugin/2.4.10/org.jetbrains.kotlin.jvm.gradle.plugin-2.4.10.jar'. Received status code 429 from server: Too Many Requests
	at org.gradle.internal.resource.transport.http.ApacheCommonsHttpClient.processResponse(ApacheCommonsHttpClient.java:310)
	at org.gradle.internal.resource.transport.http.ApacheCommonsHttpClient.performHead(ApacheCommonsHttpClient.java:114)
	at org.gradle.internal.resource.transport.http.HttpResourceAccessor.getMetaData(HttpResourceAccessor.java:58)
	at org.gradle.internal.resource.transfer.DefaultExternalResourceConnector.getMetaData(DefaultExternalResourceConnector.java:66)
	at org.gradle.internal.resource.transfer.ProgressLoggingExternalResourceAccessor$MetadataOperation.call(ProgressLoggingExternalResourceAccessor.java:173)
	at org.gradle.internal.resource.transfer.ProgressLoggingExternalResourceAccessor$MetadataOperation.call(ProgressLoggingExternalResourceAccessor.java:161)
	at org.gradle.internal.operations.DefaultBuildOperationRunner$CallableBuildOperationWorker.execute(DefaultBuildOperationRunner.java:210)
	at org.gradle.internal.operations.DefaultBuildOperationRunner$CallableBuildOperationWorker.execute(DefaultBuildOperationRunner.java:205)
	at org.gradle.internal.operations.DefaultBuildOperationRunner$2.execute(DefaultBuildOperationRunner.java:67)
	at org.gradle.internal.operations.DefaultBuildOperationRunner$2.execute(DefaultBuildOperationRunner.java:60)
	at org.gradle.internal.operations.DefaultBuildOperationRunner.execute(DefaultBuildOperationRunner.java:167)
	at org.gradle.internal.operations.DefaultBuildOperationRunner.execute(DefaultBuildOperationRunner.java:60)
	at org.gradle.internal.operations.DefaultBuildOperationRunner.call(DefaultBuildOperationRunner.java:54)
	at org.gradle.internal.resource.transfer.ProgressLoggingExternalResourceAccessor.getMetaData(ProgressLoggingExternalResourceAccessor.java:55)
	at org.gradle.internal.resource.transfer.AccessorBackedExternalResource.getMetaData(AccessorBackedExternalResource.java:156)
	at org.gradle.api.internal.artifacts.repositories.resolver.DefaultExternalResourceArtifactResolver.staticResourceExists(DefaultExternalResourceArtifactResolver.java:79)
	... 218 more

==============================================================================

14: Task failed with an exception.
-----------
* What went wrong:
Execution failed for task ':app:mergeReleaseArtProfile'.
> Could not resolve all files for configuration ':app:releaseRuntimeClasspath'.
   > Could not resolve com.tom-roush:pdfbox-android:2.0.27.0.
     Required by:
         project ':app'
      > Repository MavenRepo is disabled due to earlier error below:
         > Could not download org.jetbrains.kotlin.jvm.gradle.plugin-2.4.10.jar (org.jetbrains.kotlin.jvm:org.jetbrains.kotlin.jvm.gradle.plugin:2.4.10)
            > Could not get resource 'https://repo.maven.apache.org/maven2/org/jetbrains/kotlin/jvm/org.jetbrains.kotlin.jvm.gradle.plugin/2.4.10/org.jetbrains.kotlin.jvm.gradle.plugin-2.4.10.jar'.
               > Could not HEAD 'https://repo.maven.apache.org/maven2/org/jetbrains/kotlin/jvm/org.jetbrains.kotlin.jvm.gradle.plugin/2.4.10/org.jetbrains.kotlin.jvm.gradle.plugin-2.4.10.jar'. Received status code 429 from server: Too Many Requests

* Try:
> Run with --info or --debug option to get more log output.
> Run with --scan to get full insights from a Build Scan (powered by Develocity).
> Get more help at https://help.gradle.org.

* Exception is:
org.gradle.api.tasks.TaskExecutionException: Execution failed for task ':app:mergeReleaseArtProfile'.
	at org.gradle.api.internal.tasks.execution.CatchExceptionTaskExecuter.execute(CatchExceptionTaskExecuter.java:38)
	at org.gradle.api.internal.tasks.execution.EventFiringTaskExecuter$1.executeTask(EventFiringTaskExecuter.java:77)
	at org.gradle.api.internal.tasks.execution.EventFiringTaskExecuter$1.call(EventFiringTaskExecuter.java:55)
	at org.gradle.api.internal.tasks.execution.EventFiringTaskExecuter$1.call(EventFiringTaskExecuter.java:52)
	at org.gradle.internal.operations.DefaultBuildOperationRunner$CallableBuildOperationWorker.execute(DefaultBuildOperationRunner.java:210)
	at org.gradle.internal.operations.DefaultBuildOperationRunner$CallableBuildOperationWorker.execute(DefaultBuildOperationRunner.java:205)
	at org.gradle.internal.operations.DefaultBuildOperationRunner$2.execute(DefaultBuildOperationRunner.java:67)
	at org.gradle.internal.operations.DefaultBuildOperationRunner$2.execute(DefaultBuildOperationRunner.java:60)
	at org.gradle.internal.operations.DefaultBuildOperationRunner.execute(DefaultBuildOperationRunner.java:167)
	at org.gradle.internal.operations.DefaultBuildOperationRunner.execute(DefaultBuildOperationRunner.java:60)
	at org.gradle.internal.operations.DefaultBuildOperationRunner.call(DefaultBuildOperationRunner.java:54)
	at org.gradle.api.internal.tasks.execution.EventFiringTaskExecuter.execute(EventFiringTaskExecuter.java:52)
	at org.gradle.execution.plan.DefaultNodeExecutor.executeLocalTaskNode(DefaultNodeExecutor.java:55)
	at org.gradle.execution.plan.DefaultNodeExecutor.execute(DefaultNodeExecutor.java:34)
	at org.gradle.execution.taskgraph.DefaultTaskExecutionGraph$InvokeNodeExecutorsAction.execute(DefaultTaskExecutionGraph.java:355)
	at org.gradle.execution.taskgraph.DefaultTaskExecutionGraph$InvokeNodeExecutorsAction.execute(DefaultTaskExecutionGraph.java:343)
	at org.gradle.execution.taskgraph.DefaultTaskExecutionGraph$BuildOperationAwareExecutionAction.lambda$execute$0(DefaultTaskExecutionGraph.java:339)
	at org.gradle.internal.operations.CurrentBuildOperationRef.with(CurrentBuildOperationRef.java:84)
	at org.gradle.execution.taskgraph.DefaultTaskExecutionGraph$BuildOperationAwareExecutionAction.execute(DefaultTaskExecutionGraph.java:339)
	at org.gradle.execution.taskgraph.DefaultTaskExecutionGraph$BuildOperationAwareExecutionAction.execute(DefaultTaskExecutionGraph.java:328)
	at org.gradle.execution.plan.DefaultPlanExecutor$ExecutorWorker.execute(DefaultPlanExecutor.java:459)
	at org.gradle.execution.plan.DefaultPlanExecutor$ExecutorWorker.run(DefaultPlanExecutor.java:376)
	at org.gradle.internal.concurrent.ExecutorPolicy$CatchAndRecordFailures.onExecute(ExecutorPolicy.java:64)
	at org.gradle.internal.concurrent.AbstractManagedExecutor$1.run(AbstractManagedExecutor.java:47)
	at java.base/java.util.concurrent.ThreadPoolExecutor.runWorker(ThreadPoolExecutor.java:1144)
	at java.base/java.util.concurrent.ThreadPoolExecutor$Worker.run(ThreadPoolExecutor.java:642)
	at java.base/java.lang.Thread.run(Thread.java:1583)
Caused by: org.gradle.api.internal.artifacts.ivyservice.TypedResolveException: Could not resolve all files for configuration ':app:releaseRuntimeClasspath'.
	at org.gradle.api.internal.artifacts.ResolveExceptionMapper.mapFailure(ResolveExceptionMapper.java:73)
	at org.gradle.api.internal.artifacts.ResolveExceptionMapper.mapFailures(ResolveExceptionMapper.java:65)
	at org.gradle.api.internal.artifacts.configurations.DefaultConfiguration$DefaultResolutionHost.consolidateFailures(DefaultConfiguration.java:1789)
	at org.gradle.api.internal.artifacts.configurations.ResolutionHost.rethrowFailuresAndReportProblems(ResolutionHost.java:75)
	at org.gradle.api.internal.artifacts.configurations.ResolutionBackedFileCollection.maybeThrowResolutionFailures(ResolutionBackedFileCollection.java:86)
	at org.gradle.api.internal.artifacts.configurations.ResolutionBackedFileCollection.visitContents(ResolutionBackedFileCollection.java:76)
	at org.gradle.api.internal.file.AbstractFileCollection.visitStructure(AbstractFileCollection.java:361)
	at org.gradle.api.internal.file.collections.DefaultConfigurableFileCollection.lambda$calculateFinalizedValue$1(DefaultConfigurableFileCollection.java:423)
	at org.gradle.api.internal.file.collections.UnpackingVisitor.add(UnpackingVisitor.java:66)
	at org.gradle.api.internal.file.collections.DefaultConfigurableFileCollection$UnresolvedItemsCollector.visitContents(DefaultConfigurableFileCollection.java:635)
	at org.gradle.api.internal.file.collections.DefaultConfigurableFileCollection.calculateFinalizedValue(DefaultConfigurableFileCollection.java:423)
	at org.gradle.api.internal.file.collections.DefaultConfigurableFileCollection.finalizeNow(DefaultConfigurableFileCollection.java:125)
	at org.gradle.api.internal.file.collections.DefaultConfigurableFileCollection.lambda$visitChildren$2(DefaultConfigurableFileCollection.java:447)
	at org.gradle.api.internal.provider.ValueState.finalizeOnReadIfNeeded(ValueState.java:142)
	at org.gradle.api.internal.file.collections.DefaultConfigurableFileCollection.visitChildren(DefaultConfigurableFileCollection.java:447)
	at org.gradle.api.internal.file.CompositeFileCollection.visitContents(CompositeFileCollection.java:112)
	at org.gradle.api.internal.file.AbstractFileCollection.visitStructure(AbstractFileCollection.java:361)
	at org.gradle.api.internal.file.CompositeFileCollection.lambda$visitContents$0(CompositeFileCollection.java:112)
	at org.gradle.api.internal.file.collections.UnpackingVisitor.add(UnpackingVisitor.java:66)
	at org.gradle.api.internal.file.collections.UnpackingVisitor.add(UnpackingVisitor.java:91)
	at org.gradle.api.internal.file.DefaultFileCollectionFactory$ResolvingFileCollection.visitChildren(DefaultFileCollectionFactory.java:311)
	at org.gradle.api.internal.file.CompositeFileCollection.visitContents(CompositeFileCollection.java:112)
	at org.gradle.api.internal.file.AbstractFileCollection.visitStructure(AbstractFileCollection.java:361)
	at org.gradle.api.internal.file.CompositeFileCollection.lambda$visitContents$0(CompositeFileCollection.java:112)
	at org.gradle.api.internal.tasks.PropertyFileCollection.visitChildren(PropertyFileCollection.java:48)
	at org.gradle.api.internal.file.CompositeFileCollection.visitContents(CompositeFileCollection.java:112)
	at org.gradle.api.internal.file.AbstractFileCollection.visitStructure(AbstractFileCollection.java:361)
	at org.gradle.internal.fingerprint.impl.DefaultFileCollectionSnapshotter.snapshot(DefaultFileCollectionSnapshotter.java:48)
	at org.gradle.internal.execution.impl.DefaultInputFingerprinter$InputCollectingVisitor.visitInputFileProperty(DefaultInputFingerprinter.java:151)
	at org.gradle.api.internal.tasks.execution.TaskExecution.visitMutableInputs(TaskExecution.java:345)
	at org.gradle.internal.execution.impl.DefaultInputFingerprinter.fingerprintInputProperties(DefaultInputFingerprinter.java:77)
	at org.gradle.internal.execution.steps.CaptureMutableStateBeforeExecutionStep.captureExecutionStateWithOutputs(CaptureMutableStateBeforeExecutionStep.java:124)
	at org.gradle.internal.execution.steps.CaptureMutableStateBeforeExecutionStep.lambda$captureExecutionState$0(CaptureMutableStateBeforeExecutionStep.java:94)
	at org.gradle.internal.execution.steps.BuildOperationStep$1.call(BuildOperationStep.java:38)
	at org.gradle.internal.operations.DefaultBuildOperationRunner$CallableBuildOperationWorker.execute(DefaultBuildOperationRunner.java:210)
	at org.gradle.internal.operations.DefaultBuildOperationRunner$CallableBuildOperationWorker.execute(DefaultBuildOperationRunner.java:205)
	at org.gradle.internal.operations.DefaultBuildOperationRunner$2.execute(DefaultBuildOperationRunner.java:67)
	at org.gradle.internal.operations.DefaultBuildOperationRunner$2.execute(DefaultBuildOperationRunner.java:60)
	at org.gradle.internal.operations.DefaultBuildOperationRunner.execute(DefaultBuildOperationRunner.java:167)
	at org.gradle.internal.operations.DefaultBuildOperationRunner.execute(DefaultBuildOperationRunner.java:60)
	at org.gradle.internal.operations.DefaultBuildOperationRunner.call(DefaultBuildOperationRunner.java:54)
	at org.gradle.internal.execution.steps.BuildOperationStep.operation(BuildOperationStep.java:35)
	at org.gradle.internal.execution.steps.CaptureMutableStateBeforeExecutionStep.captureExecutionState(CaptureMutableStateBeforeExecutionStep.java:92)
	at org.gradle.internal.execution.steps.CaptureMutableStateBeforeExecutionStep.executeMutable(CaptureMutableStateBeforeExecutionStep.java:73)
	at org.gradle.internal.execution.steps.CaptureMutableStateBeforeExecutionStep.execute(CaptureMutableStateBeforeExecutionStep.java:65)
	at org.gradle.internal.execution.steps.CaptureMutableStateBeforeExecutionStep.execute(CaptureMutableStateBeforeExecutionStep.java:45)
	at org.gradle.internal.execution.steps.SkipEmptyMutableWorkStep.executeWithNonEmptySources(SkipEmptyMutableWorkStep.java:210)
	at org.gradle.internal.execution.steps.SkipEmptyMutableWorkStep.executeMutable(SkipEmptyMutableWorkStep.java:85)
	at org.gradle.internal.execution.steps.SkipEmptyMutableWorkStep.executeMutable(SkipEmptyMutableWorkStep.java:53)
	at org.gradle.internal.execution.steps.MutableStep.execute(MutableStep.java:26)
	at org.gradle.internal.execution.steps.legacy.MarkSnapshottingInputsStartedStep.execute(MarkSnapshottingInputsStartedStep.java:38)
	at org.gradle.internal.execution.steps.LoadPreviousExecutionStateStep.executeMutable(LoadPreviousExecutionStateStep.java:36)
	at org.gradle.internal.execution.steps.LoadPreviousExecutionStateStep.executeMutable(LoadPreviousExecutionStateStep.java:23)
	at org.gradle.internal.execution.steps.MutableStep.execute(MutableStep.java:26)
	at org.gradle.internal.execution.steps.HandleStaleOutputsStep.executeMutable(HandleStaleOutputsStep.java:77)
	at org.gradle.internal.execution.steps.HandleStaleOutputsStep.executeMutable(HandleStaleOutputsStep.java:43)
	at org.gradle.internal.execution.steps.MutableStep.execute(MutableStep.java:26)
	at org.gradle.internal.execution.steps.AssignMutableWorkspaceStep.lambda$executeMutable$0(AssignMutableWorkspaceStep.java:34)
	at org.gradle.api.internal.tasks.execution.TaskExecution$4.withWorkspace(TaskExecution.java:305)
	at org.gradle.internal.execution.steps.AssignMutableWorkspaceStep.executeMutable(AssignMutableWorkspaceStep.java:30)
	at org.gradle.internal.execution.steps.AssignMutableWorkspaceStep.executeMutable(AssignMutableWorkspaceStep.java:21)
	at org.gradle.internal.execution.steps.MutableStep.execute(MutableStep.java:26)
	at org.gradle.internal.execution.steps.ChoosePipelineStep.execute(ChoosePipelineStep.java:40)
	at org.gradle.internal.execution.steps.ChoosePipelineStep.execute(ChoosePipelineStep.java:23)
	at org.gradle.internal.execution.steps.ExecuteWorkBuildOperationFiringStep.lambda$execute$2(ExecuteWorkBuildOperationFiringStep.java:67)
	at java.base/java.util.Optional.orElseGet(Optional.java:364)
	at org.gradle.internal.execution.steps.ExecuteWorkBuildOperationFiringStep.execute(ExecuteWorkBuildOperationFiringStep.java:67)
	at org.gradle.internal.execution.steps.ExecuteWorkBuildOperationFiringStep.execute(ExecuteWorkBuildOperationFiringStep.java:39)
	at org.gradle.internal.execution.steps.IdentityCacheStep.execute(IdentityCacheStep.java:46)
	at org.gradle.internal.execution.steps.IdentityCacheStep.execute(IdentityCacheStep.java:34)
	at org.gradle.internal.execution.steps.IdentifyStep.execute(IdentifyStep.java:56)
	at org.gradle.internal.execution.steps.IdentifyStep.execute(IdentifyStep.java:38)
	at org.gradle.internal.execution.impl.DefaultExecutionEngine$1.execute(DefaultExecutionEngine.java:68)
	at org.gradle.api.internal.tasks.execution.ExecuteActionsTaskExecuter.executeIfValid(ExecuteActionsTaskExecuter.java:132)
	at org.gradle.api.internal.tasks.execution.ExecuteActionsTaskExecuter.execute(ExecuteActionsTaskExecuter.java:121)
	at org.gradle.api.internal.tasks.execution.ProblemsTaskPathTrackingTaskExecuter.execute(ProblemsTaskPathTrackingTaskExecuter.java:41)
	at org.gradle.api.internal.tasks.execution.ResolveTaskExecutionModeExecuter.execute(ResolveTaskExecutionModeExecuter.java:51)
	at org.gradle.api.internal.tasks.execution.FinalizePropertiesTaskExecuter.execute(FinalizePropertiesTaskExecuter.java:46)
	at org.gradle.api.internal.tasks.execution.SkipTaskWithNoActionsExecuter.execute(SkipTaskWithNoActionsExecuter.java:57)
	at org.gradle.api.internal.tasks.execution.SkipOnlyIfTaskExecuter.execute(SkipOnlyIfTaskExecuter.java:74)
	at org.gradle.api.internal.tasks.execution.CatchExceptionTaskExecuter.execute(CatchExceptionTaskExecuter.java:36)
	... 26 more
Caused by: org.gradle.internal.resolve.ModuleVersionResolveException: Could not resolve com.tom-roush:pdfbox-android:2.0.27.0.
Required by:
    project ':app'
Caused by: org.gradle.internal.resolve.ModuleVersionResolveException: Repository MavenRepo is disabled due to earlier error below:
Caused by: org.gradle.internal.resolve.ArtifactResolveException: Could not download org.jetbrains.kotlin.jvm.gradle.plugin-2.4.10.jar (org.jetbrains.kotlin.jvm:org.jetbrains.kotlin.jvm.gradle.plugin:2.4.10)
	at org.gradle.api.internal.artifacts.ivyservice.ivyresolve.ErrorHandlingModuleComponentRepository$ErrorHandlingModuleComponentRepositoryAccess.lambda$resolveArtifact$14(ErrorHandlingModuleComponentRepository.java:190)
	at org.gradle.api.internal.artifacts.ivyservice.ivyresolve.ErrorHandlingModuleComponentRepository$ErrorHandlingModuleComponentRepositoryAccess.tryResolveAndMaybeDisable(ErrorHandlingModuleComponentRepository.java:260)
	at org.gradle.api.internal.artifacts.ivyservice.ivyresolve.ErrorHandlingModuleComponentRepository$ErrorHandlingModuleComponentRepositoryAccess.performOperationWithRetries(ErrorHandlingModuleComponentRepository.java:204)
	at org.gradle.api.internal.artifacts.ivyservice.ivyresolve.ErrorHandlingModuleComponentRepository$ErrorHandlingModuleComponentRepositoryAccess.resolveArtifact(ErrorHandlingModuleComponentRepository.java:178)
	at org.gradle.api.internal.artifacts.ivyservice.ivyresolve.RepositoryChainArtifactResolver.resolveArtifactLater(RepositoryChainArtifactResolver.java:75)
	at org.gradle.api.internal.artifacts.ivyservice.ivyresolve.RepositoryChainArtifactResolver.lambda$resolveArtifact$0(RepositoryChainArtifactResolver.java:63)
	at org.gradle.internal.model.CalculatedValueContainerFactory$SupplierBackedCalculator.calculateValue(CalculatedValueContainerFactory.java:69)
	at org.gradle.internal.model.CalculatedValueContainer$CalculationState.lambda$attachValue$0(CalculatedValueContainer.java:227)
	at org.gradle.internal.Try.ofFailable(Try.java:46)
	at org.gradle.internal.model.CalculatedValueContainer$CalculationState.attachValue(CalculatedValueContainer.java:222)
	at org.gradle.internal.model.CalculatedValueContainer.finalizeIfNotAlready(CalculatedValueContainer.java:195)
	at org.gradle.internal.model.CalculatedValueContainer.finalizeIfNotAlready(CalculatedValueContainer.java:186)
	at org.gradle.api.internal.artifacts.DefaultResolvableArtifact.getFile(DefaultResolvableArtifact.java:140)
	at org.gradle.internal.resolve.resolver.DefaultComponentArtifactResolver.resolveArtifacts(DefaultComponentArtifactResolver.java:50)
	at org.gradle.api.internal.artifacts.ivyservice.resolveengine.artifact.ArtifactBackedResolvedVariant.getArtifacts(ArtifactBackedResolvedVariant.java:80)
	at org.gradle.api.internal.artifacts.transform.AttributeMatchingArtifactVariantSelector.doSelect(AttributeMatchingArtifactVariantSelector.java:88)
	at org.gradle.api.internal.artifacts.transform.AttributeMatchingArtifactVariantSelector.select(AttributeMatchingArtifactVariantSelector.java:70)
	at org.gradle.api.internal.artifacts.ivyservice.resolveengine.artifact.VariantResolvingArtifactSet.select(VariantResolvingArtifactSet.java:110)
	at org.gradle.api.internal.artifacts.ivyservice.resolveengine.artifact.DefaultVisitedArtifactResults.select(DefaultVisitedArtifactResults.java:43)
	at org.gradle.api.internal.artifacts.ivyservice.resolveengine.artifact.DefaultVisitedArtifactSet.select(DefaultVisitedArtifactSet.java:97)
	at org.gradle.api.internal.artifacts.resolver.DefaultResolutionOutputs$DefaultArtifactView.selectArtifacts(DefaultResolutionOutputs.java:204)
	at org.gradle.api.internal.artifacts.configurations.ResolutionResultProvider$1.getValue(ResolutionResultProvider.java:54)
	at org.gradle.api.internal.artifacts.configurations.ResolutionResultProviderBackedSelectedArtifactSet.visitArtifacts(ResolutionResultProviderBackedSelectedArtifactSet.java:50)
	at org.gradle.api.internal.artifacts.configurations.DefaultArtifactCollection.lambda$new$0(DefaultArtifactCollection.java:61)
	at org.gradle.internal.model.CalculatedValueContainerFactory$SupplierBackedCalculator.calculateValue(CalculatedValueContainerFactory.java:69)
	at org.gradle.internal.model.CalculatedValueContainer$CalculationState.lambda$attachValue$0(CalculatedValueContainer.java:227)
	at org.gradle.internal.Try.ofFailable(Try.java:46)
	at org.gradle.internal.model.CalculatedValueContainer$CalculationState.attachValue(CalculatedValueContainer.java:222)
	at org.gradle.internal.model.CalculatedValueContainer.finalizeIfNotAlready(CalculatedValueContainer.java:195)
	at org.gradle.internal.model.CalculatedValueContainer.finalizeIfNotAlready(CalculatedValueContainer.java:186)
	at org.gradle.api.internal.artifacts.configurations.DefaultArtifactCollection.ensureResolved(DefaultArtifactCollection.java:123)
	at org.gradle.api.internal.artifacts.configurations.DefaultArtifactCollection.getFailures(DefaultArtifactCollection.java:112)
	at org.gradle.plugin.use.resolve.internal.ArtifactRepositoriesPluginResolver.exists(ArtifactRepositoriesPluginResolver.java:186)
	at org.gradle.plugin.use.resolve.internal.ArtifactRepositoriesPluginResolver.resolve(ArtifactRepositoriesPluginResolver.java:65)
	at org.gradle.plugin.use.resolve.internal.CompositePluginResolver.resolve(CompositePluginResolver.java:36)
	at org.gradle.plugin.use.resolve.internal.AlreadyOnClasspathPluginResolver.resolve(AlreadyOnClasspathPluginResolver.java:64)
	at org.gradle.plugin.use.internal.DefaultPluginRequestApplicator.resolvePluginRequest(DefaultPluginRequestApplicator.java:190)
	at org.gradle.plugin.use.internal.DefaultPluginRequestApplicator.applyPlugins(DefaultPluginRequestApplicator.java:102)
	at org.gradle.kotlin.dsl.provider.PluginRequestsHandler.handle(PluginRequestsHandler.kt:45)
	at org.gradle.kotlin.dsl.provider.StandardKotlinScriptEvaluator$InterpreterHost.applyPluginsTo(KotlinScriptEvaluator.kt:246)
	at org.gradle.kotlin.dsl.execution.Interpreter$ProgramHost.applyPluginsTo(Interpreter.kt:395)
	at Program.execute(Unknown Source)
	at org.gradle.kotlin.dsl.execution.Interpreter$ProgramHost.eval(Interpreter.kt:526)
	at org.gradle.kotlin.dsl.execution.Interpreter.eval(Interpreter.kt:219)
	at org.gradle.kotlin.dsl.provider.StandardKotlinScriptEvaluator.evaluate(KotlinScriptEvaluator.kt:135)
	at org.gradle.kotlin.dsl.provider.KotlinScriptPluginFactory.create$lambda$0(KotlinScriptPluginFactory.kt:61)
	at org.gradle.kotlin.dsl.provider.KotlinScriptPlugin.apply(KotlinScriptPlugin.kt:35)
	at org.gradle.configuration.BuildOperationScriptPlugin$1.run(BuildOperationScriptPlugin.java:68)
	at org.gradle.internal.operations.DefaultBuildOperationRunner$1.execute(DefaultBuildOperationRunner.java:30)
	at org.gradle.internal.operations.DefaultBuildOperationRunner$1.execute(DefaultBuildOperationRunner.java:27)
	at org.gradle.internal.operations.DefaultBuildOperationRunner$2.execute(DefaultBuildOperationRunner.java:67)
	at org.gradle.internal.operations.DefaultBuildOperationRunner$2.execute(DefaultBuildOperationRunner.java:60)
	at org.gradle.internal.operations.DefaultBuildOperationRunner.execute(DefaultBuildOperationRunner.java:167)
	at org.gradle.internal.operations.DefaultBuildOperationRunner.execute(DefaultBuildOperationRunner.java:60)
	at org.gradle.internal.operations.DefaultBuildOperationRunner.run(DefaultBuildOperationRunner.java:48)
	at org.gradle.configuration.BuildOperationScriptPlugin.lambda$apply$0(BuildOperationScriptPlugin.java:65)
	at org.gradle.internal.code.DefaultUserCodeApplicationContext.apply(DefaultUserCodeApplicationContext.java:44)
	at org.gradle.configuration.BuildOperationScriptPlugin.apply(BuildOperationScriptPlugin.java:65)
	at org.gradle.api.internal.project.DefaultProjectStateRegistry$ProjectStateImpl.lambda$applyToMutableState$0(DefaultProjectStateRegistry.java:443)
	at org.gradle.api.internal.project.DefaultProjectStateRegistry$ProjectStateImpl.lambda$fromMutableState$1(DefaultProjectStateRegistry.java:450)
	at org.gradle.api.internal.project.DefaultProjectStateRegistry$ProjectStateImpl.runWithModelLock(DefaultProjectStateRegistry.java:466)
	at org.gradle.api.internal.project.DefaultProjectStateRegistry$ProjectStateImpl.fromMutableState(DefaultProjectStateRegistry.java:450)
	at org.gradle.api.internal.project.DefaultProjectStateRegistry$ProjectStateImpl.applyToMutableState(DefaultProjectStateRegistry.java:442)
	at org.gradle.configuration.project.BuildScriptProcessor.execute(BuildScriptProcessor.java:46)
	at org.gradle.configuration.project.BuildScriptProcessor.execute(BuildScriptProcessor.java:27)
	at org.gradle.configuration.project.ConfigureActionsProjectEvaluator.evaluate(ConfigureActionsProjectEvaluator.java:35)
	at org.gradle.configuration.project.LifecycleProjectEvaluator$EvaluateProject.lambda$run$0(LifecycleProjectEvaluator.java:109)
	at org.gradle.api.internal.project.DefaultProjectStateRegistry$ProjectStateImpl.lambda$applyToMutableState$0(DefaultProjectStateRegistry.java:443)
	at org.gradle.api.internal.project.DefaultProjectStateRegistry$ProjectStateImpl.lambda$fromMutableState$1(DefaultProjectStateRegistry.java:450)
	at org.gradle.internal.work.DefaultWorkerLeaseService.lambda$withLocksAcquired$0(DefaultWorkerLeaseService.java:275)
	at org.gradle.internal.work.ResourceLockStatistics$1.measure(ResourceLockStatistics.java:43)
	at org.gradle.internal.work.DefaultWorkerLeaseService.withLocksAcquired(DefaultWorkerLeaseService.java:273)
	at org.gradle.internal.work.DefaultWorkerLeaseService.lambda$withReplacedLocks$3(DefaultWorkerLeaseService.java:371)
	at org.gradle.internal.work.DefaultWorkerLeaseService.withoutLocks(DefaultWorkerLeaseService.java:343)
	at org.gradle.internal.work.DefaultWorkerLeaseService.withReplacedLocks(DefaultWorkerLeaseService.java:370)
	at org.gradle.api.internal.project.DefaultProjectStateRegistry$ProjectStateImpl.runWithModelLock(DefaultProjectStateRegistry.java:471)
	at org.gradle.api.internal.project.DefaultProjectStateRegistry$ProjectStateImpl.fromMutableState(DefaultProjectStateRegistry.java:450)
	at org.gradle.api.internal.project.DefaultProjectStateRegistry$ProjectStateImpl.applyToMutableState(DefaultProjectStateRegistry.java:442)
	at org.gradle.configuration.project.LifecycleProjectEvaluator$EvaluateProject.run(LifecycleProjectEvaluator.java:100)
	at org.gradle.internal.operations.DefaultBuildOperationRunner$1.execute(DefaultBuildOperationRunner.java:30)
	at org.gradle.internal.operations.DefaultBuildOperationRunner$1.execute(DefaultBuildOperationRunner.java:27)
	at org.gradle.internal.operations.DefaultBuildOperationRunner$2.execute(DefaultBuildOperationRunner.java:67)
	at org.gradle.internal.operations.DefaultBuildOperationRunner$2.execute(DefaultBuildOperationRunner.java:60)
	at org.gradle.internal.operations.DefaultBuildOperationRunner.execute(DefaultBuildOperationRunner.java:167)
	at org.gradle.internal.operations.DefaultBuildOperationRunner.execute(DefaultBuildOperationRunner.java:60)
	at org.gradle.internal.operations.DefaultBuildOperationRunner.run(DefaultBuildOperationRunner.java:48)
	at org.gradle.configuration.project.LifecycleProjectEvaluator.evaluate(LifecycleProjectEvaluator.java:72)
	at org.gradle.api.internal.project.DefaultProject.evaluateUnchecked(DefaultProject.java:796)
	at org.gradle.api.internal.project.ProjectLifecycleController.lambda$ensureSelfConfigured$2(ProjectLifecycleController.java:93)
	at org.gradle.internal.model.StateTransitionController.lambda$doTransition$15(StateTransitionController.java:293)
	at org.gradle.internal.model.StateTransitionController.doTransition(StateTransitionController.java:304)
	at org.gradle.internal.model.StateTransitionController.doTransition(StateTransitionController.java:292)
	at org.gradle.internal.model.StateTransitionController.lambda$maybeTransitionIfNotCurrentlyTransitioning$11(StateTransitionController.java:237)
	at org.gradle.internal.work.DefaultSynchronizer.withLock(DefaultSynchronizer.java:35)
	at org.gradle.internal.model.StateTransitionController.maybeTransitionIfNotCurrentlyTransitioning(StateTransitionController.java:233)
	at org.gradle.api.internal.project.ProjectLifecycleController.ensureSelfConfigured(ProjectLifecycleController.java:93)
	at org.gradle.api.internal.project.DefaultProjectStateRegistry$ProjectStateImpl.ensureConfigured(DefaultProjectStateRegistry.java:408)
	at org.gradle.execution.TaskPathProjectEvaluator.configure(TaskPathProjectEvaluator.java:71)
	at org.gradle.execution.TaskPathProjectEvaluator.configureHierarchy(TaskPathProjectEvaluator.java:85)
	at org.gradle.configuration.DefaultProjectsPreparer.prepareProjects(DefaultProjectsPreparer.java:50)
	at org.gradle.configuration.BuildTreePreparingProjectsPreparer.prepareProjects(BuildTreePreparingProjectsPreparer.java:65)
	at org.gradle.configuration.BuildOperationFiringProjectsPreparer$ConfigureBuild.run(BuildOperationFiringProjectsPreparer.java:52)
	at org.gradle.internal.operations.DefaultBuildOperationRunner$1.execute(DefaultBuildOperationRunner.java:30)
	at org.gradle.internal.operations.DefaultBuildOperationRunner$1.execute(DefaultBuildOperationRunner.java:27)
	at org.gradle.internal.operations.DefaultBuildOperationRunner$2.execute(DefaultBuildOperationRunner.java:67)
	at org.gradle.internal.operations.DefaultBuildOperationRunner$2.execute(DefaultBuildOperationRunner.java:60)
	at org.gradle.internal.operations.DefaultBuildOperationRunner.execute(DefaultBuildOperationRunner.java:167)
	at org.gradle.internal.operations.DefaultBuildOperationRunner.execute(DefaultBuildOperationRunner.java:60)
	at org.gradle.internal.operations.DefaultBuildOperationRunner.run(DefaultBuildOperationRunner.java:48)
	at org.gradle.configuration.BuildOperationFiringProjectsPreparer.prepareProjects(BuildOperationFiringProjectsPreparer.java:40)
	at org.gradle.initialization.VintageBuildModelController.lambda$prepareProjects$2(VintageBuildModelController.java:83)
	at org.gradle.internal.model.StateTransitionController.lambda$doTransition$15(StateTransitionController.java:293)
	at org.gradle.internal.model.StateTransitionController.doTransition(StateTransitionController.java:304)
	at org.gradle.internal.model.StateTransitionController.doTransition(StateTransitionController.java:292)
	at org.gradle.internal.model.StateTransitionController.lambda$transitionIfNotPreviously$12(StateTransitionController.java:251)
	at org.gradle.internal.work.DefaultSynchronizer.withLock(DefaultSynchronizer.java:35)
	at org.gradle.internal.model.StateTransitionController.transitionIfNotPreviously(StateTransitionController.java:247)
	at org.gradle.initialization.VintageBuildModelController.prepareProjects(VintageBuildModelController.java:83)
	at org.gradle.initialization.VintageBuildModelController.prepareToScheduleTasks(VintageBuildModelController.java:70)
	at org.gradle.internal.build.DefaultBuildLifecycleController.lambda$prepareToScheduleTasks$7(DefaultBuildLifecycleController.java:185)
	at org.gradle.internal.model.StateTransitionController.lambda$doTransition$15(StateTransitionController.java:293)
	at org.gradle.internal.model.StateTransitionController.doTransition(StateTransitionController.java:304)
	at org.gradle.internal.model.StateTransitionController.doTransition(StateTransitionController.java:292)
	at org.gradle.internal.model.StateTransitionController.lambda$maybeTransition$10(StateTransitionController.java:228)
	at org.gradle.internal.work.DefaultSynchronizer.withLock(DefaultSynchronizer.java:35)
	at org.gradle.internal.model.StateTransitionController.maybeTransition(StateTransitionController.java:224)
	at org.gradle.internal.build.DefaultBuildLifecycleController.prepareToScheduleTasks(DefaultBuildLifecycleController.java:183)
	at org.gradle.internal.buildtree.DefaultBuildTreeWorkPreparer.scheduleRequestedTasks(DefaultBuildTreeWorkPreparer.java:35)
	at org.gradle.internal.cc.impl.barrier.BarrierAwareBuildTreeWorkPreparer.scheduleRequestedTasks$lambda$0(BarrierAwareBuildTreeWorkPreparer.kt:34)
	at org.gradle.internal.cc.impl.barrier.VintageConfigurationTimeActionRunner.runConfigurationTimeAction(VintageConfigurationTimeActionRunner.kt:48)
	at org.gradle.internal.cc.impl.barrier.BarrierAwareBuildTreeWorkPreparer.scheduleRequestedTasks(BarrierAwareBuildTreeWorkPreparer.kt:33)
	at org.gradle.internal.cc.impl.VintageBuildTreeWorkController$scheduleAndRunRequestedTasks$1$finalizedGraph$1.call(VintageBuildTreeWorkController.kt:37)
	at org.gradle.internal.cc.impl.VintageBuildTreeWorkController$scheduleAndRunRequestedTasks$1$finalizedGraph$1.call(VintageBuildTreeWorkController.kt:37)
	at org.gradle.internal.Try.ofFailable(Try.java:46)
	at org.gradle.internal.cc.impl.VintageBuildTreeWorkController$scheduleAndRunRequestedTasks$1.apply(VintageBuildTreeWorkController.kt:37)
	at org.gradle.internal.cc.impl.VintageBuildTreeWorkController$scheduleAndRunRequestedTasks$1.apply(VintageBuildTreeWorkController.kt:36)
	at org.gradle.composite.internal.DefaultIncludedBuildTaskGraph.withNewWorkGraph(DefaultIncludedBuildTaskGraph.java:115)
	at org.gradle.internal.cc.impl.VintageBuildTreeWorkController.scheduleAndRunRequestedTasks(VintageBuildTreeWorkController.kt:36)
	at org.gradle.internal.buildtree.DefaultBuildTreeLifecycleController.lambda$scheduleAndRunTasks$1(DefaultBuildTreeLifecycleController.java:84)
	at org.gradle.internal.buildtree.DefaultBuildTreeLifecycleController.lambda$runBuild$5(DefaultBuildTreeLifecycleController.java:142)
	at org.gradle.internal.model.StateTransitionController.lambda$transition$7(StateTransitionController.java:207)
	at org.gradle.internal.model.StateTransitionController.doTransition(StateTransitionController.java:304)
	at org.gradle.internal.model.StateTransitionController.lambda$transition$8(StateTransitionController.java:207)
	at org.gradle.internal.work.DefaultSynchronizer.withLock(DefaultSynchronizer.java:45)
	at org.gradle.internal.model.StateTransitionController.transition(StateTransitionController.java:207)
	at org.gradle.internal.buildtree.DefaultBuildTreeLifecycleController.runBuild(DefaultBuildTreeLifecycleController.java:139)
	at org.gradle.internal.buildtree.DefaultBuildTreeLifecycleController.scheduleAndRunTasks(DefaultBuildTreeLifecycleController.java:84)
	at org.gradle.internal.buildtree.DefaultBuildTreeLifecycleController.scheduleAndRunTasks(DefaultBuildTreeLifecycleController.java:79)
	at org.gradle.tooling.internal.provider.ExecuteBuildActionRunner.run(ExecuteBuildActionRunner.java:31)
	at org.gradle.launcher.exec.ChainingBuildActionRunner.run(ChainingBuildActionRunner.java:35)
	at org.gradle.internal.buildtree.ProblemReportingBuildActionRunner.run(ProblemReportingBuildActionRunner.java:54)
	at org.gradle.launcher.exec.BuildOutcomeReportingBuildActionRunner.run(BuildOutcomeReportingBuildActionRunner.java:83)
	at org.gradle.tooling.internal.provider.FileSystemWatchingBuildActionRunner.run(FileSystemWatchingBuildActionRunner.java:135)
	at org.gradle.launcher.exec.BuildCompletionNotifyingBuildActionRunner.run(BuildCompletionNotifyingBuildActionRunner.java:54)
	at org.gradle.launcher.exec.RootBuildLifecycleBuildActionExecutor.lambda$execute$0(RootBuildLifecycleBuildActionExecutor.java:101)
	at org.gradle.composite.internal.DefaultRootBuildState.run(DefaultRootBuildState.java:126)
	at org.gradle.launcher.exec.RootBuildLifecycleBuildActionExecutor.execute(RootBuildLifecycleBuildActionExecutor.java:101)
	at org.gradle.launcher.exec.BuildTreeLifecycleBuildActionExecutor.runRootBuildAction(BuildTreeLifecycleBuildActionExecutor.java:104)
	at org.gradle.launcher.exec.BuildTreeLifecycleBuildActionExecutor.execute(BuildTreeLifecycleBuildActionExecutor.java:74)
	at org.gradle.launcher.exec.RunAsBuildOperationBuildActionExecutor$2.call(RunAsBuildOperationBuildActionExecutor.java:65)
	at org.gradle.launcher.exec.RunAsBuildOperationBuildActionExecutor$2.call(RunAsBuildOperationBuildActionExecutor.java:61)
	at org.gradle.internal.operations.DefaultBuildOperationRunner$CallableBuildOperationWorker.execute(DefaultBuildOperationRunner.java:210)
	at org.gradle.internal.operations.DefaultBuildOperationRunner$CallableBuildOperationWorker.execute(DefaultBuildOperationRunner.java:205)
	at org.gradle.internal.operations.DefaultBuildOperationRunner$2.execute(DefaultBuildOperationRunner.java:67)
	at org.gradle.internal.operations.DefaultBuildOperationRunner$2.execute(DefaultBuildOperationRunner.java:60)
	at org.gradle.internal.operations.DefaultBuildOperationRunner.execute(DefaultBuildOperationRunner.java:167)
	at org.gradle.internal.operations.DefaultBuildOperationRunner.execute(DefaultBuildOperationRunner.java:60)
	at org.gradle.internal.operations.DefaultBuildOperationRunner.call(DefaultBuildOperationRunner.java:54)
	at org.gradle.launcher.exec.RunAsBuildOperationBuildActionExecutor.execute(RunAsBuildOperationBuildActionExecutor.java:61)
	at org.gradle.launcher.exec.RunAsWorkerThreadBuildActionExecutor.lambda$execute$0(RunAsWorkerThreadBuildActionExecutor.java:36)
	at org.gradle.internal.work.DefaultWorkerLeaseService.lambda$withLocksAcquired$0(DefaultWorkerLeaseService.java:275)
	at org.gradle.internal.work.ResourceLockStatistics$1.measure(ResourceLockStatistics.java:43)
	at org.gradle.internal.work.DefaultWorkerLeaseService.withLocksAcquired(DefaultWorkerLeaseService.java:273)
	at org.gradle.internal.work.DefaultWorkerLeaseService.withLocks(DefaultWorkerLeaseService.java:265)
	at org.gradle.internal.work.DefaultWorkerLeaseService.runAsWorkerThread(DefaultWorkerLeaseService.java:128)
	at org.gradle.launcher.exec.RunAsWorkerThreadBuildActionExecutor.execute(RunAsWorkerThreadBuildActionExecutor.java:36)
	at org.gradle.tooling.internal.provider.continuous.ContinuousBuildActionExecutor.execute(ContinuousBuildActionExecutor.java:110)
	at org.gradle.tooling.internal.provider.SubscribableBuildActionExecutor.execute(SubscribableBuildActionExecutor.java:64)
	at org.gradle.internal.session.DefaultBuildSessionContext.execute(DefaultBuildSessionContext.java:46)
	at org.gradle.internal.buildprocess.execution.BuildSessionLifecycleBuildActionExecutor$ActionImpl.apply(BuildSessionLifecycleBuildActionExecutor.java:106)
	at org.gradle.internal.buildprocess.execution.BuildSessionLifecycleBuildActionExecutor$ActionImpl.apply(BuildSessionLifecycleBuildActionExecutor.java:94)
	at org.gradle.internal.session.BuildSessionState.run(BuildSessionState.java:73)
	at org.gradle.internal.buildprocess.execution.BuildSessionLifecycleBuildActionExecutor.execute(BuildSessionLifecycleBuildActionExecutor.java:67)
	at org.gradle.internal.buildprocess.execution.BuildSessionLifecycleBuildActionExecutor.execute(BuildSessionLifecycleBuildActionExecutor.java:45)
	at org.gradle.internal.buildprocess.execution.StartParamsValidatingActionExecutor.execute(StartParamsValidatingActionExecutor.java:57)
	at org.gradle.internal.buildprocess.execution.StartParamsValidatingActionExecutor.execute(StartParamsValidatingActionExecutor.java:32)
	at org.gradle.internal.buildprocess.execution.SessionFailureReportingActionExecutor.execute(SessionFailureReportingActionExecutor.java:51)
	at org.gradle.internal.buildprocess.execution.SessionFailureReportingActionExecutor.execute(SessionFailureReportingActionExecutor.java:39)
	at org.gradle.internal.buildprocess.execution.SetupLoggingActionExecutor.execute(SetupLoggingActionExecutor.java:47)
	at org.gradle.internal.buildprocess.execution.SetupLoggingActionExecutor.execute(SetupLoggingActionExecutor.java:31)
	at org.gradle.launcher.daemon.server.exec.ExecuteBuild.doBuild(ExecuteBuild.java:70)
	at org.gradle.launcher.daemon.server.exec.BuildCommandOnly.execute(BuildCommandOnly.java:37)
	at org.gradle.launcher.daemon.server.api.DaemonCommandExecution.proceed(DaemonCommandExecution.java:104)
	at org.gradle.launcher.daemon.server.exec.WatchForDisconnection.execute(WatchForDisconnection.java:39)
	at org.gradle.launcher.daemon.server.api.DaemonCommandExecution.proceed(DaemonCommandExecution.java:104)
	at org.gradle.launcher.daemon.server.exec.ResetDeprecationLogger.execute(ResetDeprecationLogger.java:29)
	at org.gradle.launcher.daemon.server.api.DaemonCommandExecution.proceed(DaemonCommandExecution.java:104)
	at org.gradle.launcher.daemon.server.exec.RequestStopIfSingleUsedDaemon.execute(RequestStopIfSingleUsedDaemon.java:35)
	at org.gradle.launcher.daemon.server.api.DaemonCommandExecution.proceed(DaemonCommandExecution.java:104)
	at org.gradle.launcher.daemon.server.exec.ForwardClientInput.lambda$execute$0(ForwardClientInput.java:40)
	at org.gradle.internal.daemon.clientinput.ClientInputForwarder.forwardInput(ClientInputForwarder.java:80)
	at org.gradle.launcher.daemon.server.exec.ForwardClientInput.execute(ForwardClientInput.java:37)
	at org.gradle.launcher.daemon.server.api.DaemonCommandExecution.proceed(DaemonCommandExecution.java:104)
	at org.gradle.launcher.daemon.server.exec.LogAndCheckHealth.execute(LogAndCheckHealth.java:53)
	at org.gradle.launcher.daemon.server.api.DaemonCommandExecution.proceed(DaemonCommandExecution.java:104)
	at org.gradle.launcher.daemon.server.exec.LogToClient.doBuild(LogToClient.java:63)
	at org.gradle.launcher.daemon.server.exec.BuildCommandOnly.execute(BuildCommandOnly.java:37)
	at org.gradle.launcher.daemon.server.api.DaemonCommandExecution.proceed(DaemonCommandExecution.java:104)
	at org.gradle.launcher.daemon.server.exec.EstablishBuildEnvironment.doBuild(EstablishBuildEnvironment.java:84)
	at org.gradle.launcher.daemon.server.exec.BuildCommandOnly.execute(BuildCommandOnly.java:37)
	at org.gradle.launcher.daemon.server.api.DaemonCommandExecution.proceed(DaemonCommandExecution.java:104)
	at org.gradle.launcher.daemon.server.exec.StartBuildOrRespondWithBusy$1.run(StartBuildOrRespondWithBusy.java:52)
	at org.gradle.launcher.daemon.server.DaemonStateCoordinator.lambda$runCommand$0(DaemonStateCoordinator.java:321)
	at org.gradle.internal.concurrent.ExecutorPolicy$CatchAndRecordFailures.onExecute(ExecutorPolicy.java:64)
	at org.gradle.internal.concurrent.AbstractManagedExecutor$1.run(AbstractManagedExecutor.java:47)
Caused by: org.gradle.api.resources.ResourceException: Could not get resource 'https://repo.maven.apache.org/maven2/org/jetbrains/kotlin/jvm/org.jetbrains.kotlin.jvm.gradle.plugin/2.4.10/org.jetbrains.kotlin.jvm.gradle.plugin-2.4.10.jar'.
	at org.gradle.internal.resource.ResourceExceptions.failure(ResourceExceptions.java:74)
	at org.gradle.internal.resource.ResourceExceptions.getFailed(ResourceExceptions.java:57)
	at org.gradle.api.internal.artifacts.repositories.resolver.DefaultExternalResourceArtifactResolver.staticResourceExists(DefaultExternalResourceArtifactResolver.java:83)
	at org.gradle.api.internal.artifacts.repositories.resolver.DefaultExternalResourceArtifactResolver.artifactExists(DefaultExternalResourceArtifactResolver.java:67)
	at org.gradle.api.internal.artifacts.repositories.resolver.ExternalResourceResolver$RemoteRepositoryAccess.resolveArtifact(ExternalResourceResolver.java:472)
	at org.gradle.api.internal.artifacts.ivyservice.ivyresolve.CachingModuleComponentRepository$ResolveAndCacheRepositoryAccess.resolveArtifact(CachingModuleComponentRepository.java:470)
	at org.gradle.api.internal.artifacts.ivyservice.ivyresolve.ErrorHandlingModuleComponentRepository$ErrorHandlingModuleComponentRepositoryAccess.lambda$resolveArtifact$12(ErrorHandlingModuleComponentRepository.java:180)
	at org.gradle.api.internal.artifacts.ivyservice.ivyresolve.ErrorHandlingModuleComponentRepository$ErrorHandlingModuleComponentRepositoryAccess.tryResolveAndMaybeDisable(ErrorHandlingModuleComponentRepository.java:251)
	... 213 more
Caused by: org.gradle.internal.resource.transport.http.HttpErrorStatusCodeException: Could not HEAD 'https://repo.maven.apache.org/maven2/org/jetbrains/kotlin/jvm/org.jetbrains.kotlin.jvm.gradle.plugin/2.4.10/org.jetbrains.kotlin.jvm.gradle.plugin-2.4.10.jar'. Received status code 429 from server: Too Many Requests
	at org.gradle.internal.resource.transport.http.ApacheCommonsHttpClient.processResponse(ApacheCommonsHttpClient.java:310)
	at org.gradle.internal.resource.transport.http.ApacheCommonsHttpClient.performHead(ApacheCommonsHttpClient.java:114)
	at org.gradle.internal.resource.transport.http.HttpResourceAccessor.getMetaData(HttpResourceAccessor.java:58)
	at org.gradle.internal.resource.transfer.DefaultExternalResourceConnector.getMetaData(DefaultExternalResourceConnector.java:66)
	at org.gradle.internal.resource.transfer.ProgressLoggingExternalResourceAccessor$MetadataOperation.call(ProgressLoggingExternalResourceAccessor.java:173)
	at org.gradle.internal.resource.transfer.ProgressLoggingExternalResourceAccessor$MetadataOperation.call(ProgressLoggingExternalResourceAccessor.java:161)
	at org.gradle.internal.operations.DefaultBuildOperationRunner$CallableBuildOperationWorker.execute(DefaultBuildOperationRunner.java:210)
	at org.gradle.internal.operations.DefaultBuildOperationRunner$CallableBuildOperationWorker.execute(DefaultBuildOperationRunner.java:205)
	at org.gradle.internal.operations.DefaultBuildOperationRunner$2.execute(DefaultBuildOperationRunner.java:67)
	at org.gradle.internal.operations.DefaultBuildOperationRunner$2.execute(DefaultBuildOperationRunner.java:60)
	at org.gradle.internal.operations.DefaultBuildOperationRunner.execute(DefaultBuildOperationRunner.java:167)
	at org.gradle.internal.operations.DefaultBuildOperationRunner.execute(DefaultBuildOperationRunner.java:60)
	at org.gradle.internal.operations.DefaultBuildOperationRunner.call(DefaultBuildOperationRunner.java:54)
	at org.gradle.internal.resource.transfer.ProgressLoggingExternalResourceAccessor.getMetaData(ProgressLoggingExternalResourceAccessor.java:55)
	at org.gradle.internal.resource.transfer.AccessorBackedExternalResource.getMetaData(AccessorBackedExternalResource.java:156)
	at org.gradle.api.internal.artifacts.repositories.resolver.DefaultExternalResourceArtifactResolver.staticResourceExists(DefaultExternalResourceArtifactResolver.java:79)
	... 218 more

==============================================================================

15: Task failed with an exception.
-----------
* What went wrong:
Execution failed for task ':app:mergeReleaseAssets'.
> Could not resolve all files for configuration ':app:releaseRuntimeClasspath'.
   > Could not resolve com.tom-roush:pdfbox-android:2.0.27.0.
     Required by:
         project ':app'
      > Repository MavenRepo is disabled due to earlier error below:
         > Could not download org.jetbrains.kotlin.jvm.gradle.plugin-2.4.10.jar (org.jetbrains.kotlin.jvm:org.jetbrains.kotlin.jvm.gradle.plugin:2.4.10)
            > Could not get resource 'https://repo.maven.apache.org/maven2/org/jetbrains/kotlin/jvm/org.jetbrains.kotlin.jvm.gradle.plugin/2.4.10/org.jetbrains.kotlin.jvm.gradle.plugin-2.4.10.jar'.
               > Could not HEAD 'https://repo.maven.apache.org/maven2/org/jetbrains/kotlin/jvm/org.jetbrains.kotlin.jvm.gradle.plugin/2.4.10/org.jetbrains.kotlin.jvm.gradle.plugin-2.4.10.jar'. Received status code 429 from server: Too Many Requests

* Try:
> Run with --info or --debug option to get more log output.
> Run with --scan to get full insights from a Build Scan (powered by Develocity).
> Get more help at https://help.gradle.org.

* Exception is:
org.gradle.api.tasks.TaskExecutionException: Execution failed for task ':app:mergeReleaseAssets'.
	at org.gradle.api.internal.tasks.execution.CatchExceptionTaskExecuter.execute(CatchExceptionTaskExecuter.java:38)
	at org.gradle.api.internal.tasks.execution.EventFiringTaskExecuter$1.executeTask(EventFiringTaskExecuter.java:77)
	at org.gradle.api.internal.tasks.execution.EventFiringTaskExecuter$1.call(EventFiringTaskExecuter.java:55)
	at org.gradle.api.internal.tasks.execution.EventFiringTaskExecuter$1.call(EventFiringTaskExecuter.java:52)
	at org.gradle.internal.operations.DefaultBuildOperationRunner$CallableBuildOperationWorker.execute(DefaultBuildOperationRunner.java:210)
	at org.gradle.internal.operations.DefaultBuildOperationRunner$CallableBuildOperationWorker.execute(DefaultBuildOperationRunner.java:205)
	at org.gradle.internal.operations.DefaultBuildOperationRunner$2.execute(DefaultBuildOperationRunner.java:67)
	at org.gradle.internal.operations.DefaultBuildOperationRunner$2.execute(DefaultBuildOperationRunner.java:60)
	at org.gradle.internal.operations.DefaultBuildOperationRunner.execute(DefaultBuildOperationRunner.java:167)
	at org.gradle.internal.operations.DefaultBuildOperationRunner.execute(DefaultBuildOperationRunner.java:60)
	at org.gradle.internal.operations.DefaultBuildOperationRunner.call(DefaultBuildOperationRunner.java:54)
	at org.gradle.api.internal.tasks.execution.EventFiringTaskExecuter.execute(EventFiringTaskExecuter.java:52)
	at org.gradle.execution.plan.DefaultNodeExecutor.executeLocalTaskNode(DefaultNodeExecutor.java:55)
	at org.gradle.execution.plan.DefaultNodeExecutor.execute(DefaultNodeExecutor.java:34)
	at org.gradle.execution.taskgraph.DefaultTaskExecutionGraph$InvokeNodeExecutorsAction.execute(DefaultTaskExecutionGraph.java:355)
	at org.gradle.execution.taskgraph.DefaultTaskExecutionGraph$InvokeNodeExecutorsAction.execute(DefaultTaskExecutionGraph.java:343)
	at org.gradle.execution.taskgraph.DefaultTaskExecutionGraph$BuildOperationAwareExecutionAction.lambda$execute$0(DefaultTaskExecutionGraph.java:339)
	at org.gradle.internal.operations.CurrentBuildOperationRef.with(CurrentBuildOperationRef.java:84)
	at org.gradle.execution.taskgraph.DefaultTaskExecutionGraph$BuildOperationAwareExecutionAction.execute(DefaultTaskExecutionGraph.java:339)
	at org.gradle.execution.taskgraph.DefaultTaskExecutionGraph$BuildOperationAwareExecutionAction.execute(DefaultTaskExecutionGraph.java:328)
	at org.gradle.execution.plan.DefaultPlanExecutor$ExecutorWorker.execute(DefaultPlanExecutor.java:459)
	at org.gradle.execution.plan.DefaultPlanExecutor$ExecutorWorker.run(DefaultPlanExecutor.java:376)
	at org.gradle.internal.concurrent.ExecutorPolicy$CatchAndRecordFailures.onExecute(ExecutorPolicy.java:64)
	at org.gradle.internal.concurrent.AbstractManagedExecutor$1.run(AbstractManagedExecutor.java:47)
	at java.base/java.util.concurrent.ThreadPoolExecutor.runWorker(ThreadPoolExecutor.java:1144)
	at java.base/java.util.concurrent.ThreadPoolExecutor$Worker.run(ThreadPoolExecutor.java:642)
	at java.base/java.lang.Thread.run(Thread.java:1583)
Caused by: org.gradle.api.internal.artifacts.ivyservice.TypedResolveException: Could not resolve all files for configuration ':app:releaseRuntimeClasspath'.
	at org.gradle.api.internal.artifacts.ResolveExceptionMapper.mapFailure(ResolveExceptionMapper.java:73)
	at org.gradle.api.internal.artifacts.ResolveExceptionMapper.mapFailures(ResolveExceptionMapper.java:65)
	at org.gradle.api.internal.artifacts.configurations.DefaultConfiguration$DefaultResolutionHost.consolidateFailures(DefaultConfiguration.java:1789)
	at org.gradle.api.internal.artifacts.configurations.ResolutionHost.rethrowFailuresAndReportProblems(ResolutionHost.java:75)
	at org.gradle.api.internal.artifacts.configurations.ResolutionBackedFileCollection.maybeThrowResolutionFailures(ResolutionBackedFileCollection.java:86)
	at org.gradle.api.internal.artifacts.configurations.ResolutionBackedFileCollection.visitContents(ResolutionBackedFileCollection.java:76)
	at org.gradle.api.internal.file.AbstractFileCollection.visitStructure(AbstractFileCollection.java:361)
	at org.gradle.api.internal.file.collections.DefaultConfigurableFileCollection.lambda$calculateFinalizedValue$1(DefaultConfigurableFileCollection.java:423)
	at org.gradle.api.internal.file.collections.UnpackingVisitor.add(UnpackingVisitor.java:66)
	at org.gradle.api.internal.file.collections.DefaultConfigurableFileCollection$UnresolvedItemsCollector.visitContents(DefaultConfigurableFileCollection.java:635)
	at org.gradle.api.internal.file.collections.DefaultConfigurableFileCollection.calculateFinalizedValue(DefaultConfigurableFileCollection.java:423)
	at org.gradle.api.internal.file.collections.DefaultConfigurableFileCollection.finalizeNow(DefaultConfigurableFileCollection.java:125)
	at org.gradle.api.internal.file.collections.DefaultConfigurableFileCollection.lambda$visitChildren$2(DefaultConfigurableFileCollection.java:447)
	at org.gradle.api.internal.provider.ValueState.finalizeOnReadIfNeeded(ValueState.java:142)
	at org.gradle.api.internal.file.collections.DefaultConfigurableFileCollection.visitChildren(DefaultConfigurableFileCollection.java:447)
	at org.gradle.api.internal.file.CompositeFileCollection.visitContents(CompositeFileCollection.java:112)
	at org.gradle.api.internal.file.AbstractFileCollection.visitStructure(AbstractFileCollection.java:361)
	at org.gradle.api.internal.file.CompositeFileCollection.lambda$visitContents$0(CompositeFileCollection.java:112)
	at org.gradle.api.internal.file.collections.UnpackingVisitor.add(UnpackingVisitor.java:66)
	at org.gradle.api.internal.file.collections.UnpackingVisitor.add(UnpackingVisitor.java:91)
	at org.gradle.api.internal.file.DefaultFileCollectionFactory$ResolvingFileCollection.visitChildren(DefaultFileCollectionFactory.java:311)
	at org.gradle.api.internal.file.CompositeFileCollection.visitContents(CompositeFileCollection.java:112)
	at org.gradle.api.internal.file.AbstractFileCollection.visitStructure(AbstractFileCollection.java:361)
	at org.gradle.api.internal.file.CompositeFileCollection.lambda$visitContents$0(CompositeFileCollection.java:112)
	at org.gradle.api.internal.tasks.PropertyFileCollection.visitChildren(PropertyFileCollection.java:48)
	at org.gradle.api.internal.file.CompositeFileCollection.visitContents(CompositeFileCollection.java:112)
	at org.gradle.api.internal.file.AbstractFileCollection.visitStructure(AbstractFileCollection.java:361)
	at org.gradle.internal.fingerprint.impl.DefaultFileCollectionSnapshotter.snapshot(DefaultFileCollectionSnapshotter.java:48)
	at org.gradle.internal.execution.impl.DefaultInputFingerprinter$InputCollectingVisitor.visitInputFileProperty(DefaultInputFingerprinter.java:151)
	at org.gradle.api.internal.tasks.execution.TaskExecution.visitMutableInputs(TaskExecution.java:345)
	at org.gradle.internal.execution.impl.DefaultInputFingerprinter.fingerprintInputProperties(DefaultInputFingerprinter.java:77)
	at org.gradle.internal.execution.steps.CaptureMutableStateBeforeExecutionStep.captureExecutionStateWithOutputs(CaptureMutableStateBeforeExecutionStep.java:124)
	at org.gradle.internal.execution.steps.CaptureMutableStateBeforeExecutionStep.lambda$captureExecutionState$0(CaptureMutableStateBeforeExecutionStep.java:94)
	at org.gradle.internal.execution.steps.BuildOperationStep$1.call(BuildOperationStep.java:38)
	at org.gradle.internal.operations.DefaultBuildOperationRunner$CallableBuildOperationWorker.execute(DefaultBuildOperationRunner.java:210)
	at org.gradle.internal.operations.DefaultBuildOperationRunner$CallableBuildOperationWorker.execute(DefaultBuildOperationRunner.java:205)
	at org.gradle.internal.operations.DefaultBuildOperationRunner$2.execute(DefaultBuildOperationRunner.java:67)
	at org.gradle.internal.operations.DefaultBuildOperationRunner$2.execute(DefaultBuildOperationRunner.java:60)
	at org.gradle.internal.operations.DefaultBuildOperationRunner.execute(DefaultBuildOperationRunner.java:167)
	at org.gradle.internal.operations.DefaultBuildOperationRunner.execute(DefaultBuildOperationRunner.java:60)
	at org.gradle.internal.operations.DefaultBuildOperationRunner.call(DefaultBuildOperationRunner.java:54)
	at org.gradle.internal.execution.steps.BuildOperationStep.operation(BuildOperationStep.java:35)
	at org.gradle.internal.execution.steps.CaptureMutableStateBeforeExecutionStep.captureExecutionState(CaptureMutableStateBeforeExecutionStep.java:92)
	at org.gradle.internal.execution.steps.CaptureMutableStateBeforeExecutionStep.executeMutable(CaptureMutableStateBeforeExecutionStep.java:73)
	at org.gradle.internal.execution.steps.CaptureMutableStateBeforeExecutionStep.execute(CaptureMutableStateBeforeExecutionStep.java:65)
	at org.gradle.internal.execution.steps.CaptureMutableStateBeforeExecutionStep.execute(CaptureMutableStateBeforeExecutionStep.java:45)
	at org.gradle.internal.execution.steps.SkipEmptyMutableWorkStep.executeWithNonEmptySources(SkipEmptyMutableWorkStep.java:210)
	at org.gradle.internal.execution.steps.SkipEmptyMutableWorkStep.executeMutable(SkipEmptyMutableWorkStep.java:85)
	at org.gradle.internal.execution.steps.SkipEmptyMutableWorkStep.executeMutable(SkipEmptyMutableWorkStep.java:53)
	at org.gradle.internal.execution.steps.MutableStep.execute(MutableStep.java:26)
	at org.gradle.internal.execution.steps.legacy.MarkSnapshottingInputsStartedStep.execute(MarkSnapshottingInputsStartedStep.java:38)
	at org.gradle.internal.execution.steps.LoadPreviousExecutionStateStep.executeMutable(LoadPreviousExecutionStateStep.java:36)
	at org.gradle.internal.execution.steps.LoadPreviousExecutionStateStep.executeMutable(LoadPreviousExecutionStateStep.java:23)
	at org.gradle.internal.execution.steps.MutableStep.execute(MutableStep.java:26)
	at org.gradle.internal.execution.steps.HandleStaleOutputsStep.executeMutable(HandleStaleOutputsStep.java:77)
	at org.gradle.internal.execution.steps.HandleStaleOutputsStep.executeMutable(HandleStaleOutputsStep.java:43)
	at org.gradle.internal.execution.steps.MutableStep.execute(MutableStep.java:26)
	at org.gradle.internal.execution.steps.AssignMutableWorkspaceStep.lambda$executeMutable$0(AssignMutableWorkspaceStep.java:34)
	at org.gradle.api.internal.tasks.execution.TaskExecution$4.withWorkspace(TaskExecution.java:305)
	at org.gradle.internal.execution.steps.AssignMutableWorkspaceStep.executeMutable(AssignMutableWorkspaceStep.java:30)
	at org.gradle.internal.execution.steps.AssignMutableWorkspaceStep.executeMutable(AssignMutableWorkspaceStep.java:21)
	at org.gradle.internal.execution.steps.MutableStep.execute(MutableStep.java:26)
	at org.gradle.internal.execution.steps.ChoosePipelineStep.execute(ChoosePipelineStep.java:40)
	at org.gradle.internal.execution.steps.ChoosePipelineStep.execute(ChoosePipelineStep.java:23)
	at org.gradle.internal.execution.steps.ExecuteWorkBuildOperationFiringStep.lambda$execute$2(ExecuteWorkBuildOperationFiringStep.java:67)
	at java.base/java.util.Optional.orElseGet(Optional.java:364)
	at org.gradle.internal.execution.steps.ExecuteWorkBuildOperationFiringStep.execute(ExecuteWorkBuildOperationFiringStep.java:67)
	at org.gradle.internal.execution.steps.ExecuteWorkBuildOperationFiringStep.execute(ExecuteWorkBuildOperationFiringStep.java:39)
	at org.gradle.internal.execution.steps.IdentityCacheStep.execute(IdentityCacheStep.java:46)
	at org.gradle.internal.execution.steps.IdentityCacheStep.execute(IdentityCacheStep.java:34)
	at org.gradle.internal.execution.steps.IdentifyStep.execute(IdentifyStep.java:56)
	at org.gradle.internal.execution.steps.IdentifyStep.execute(IdentifyStep.java:38)
	at org.gradle.internal.execution.impl.DefaultExecutionEngine$1.execute(DefaultExecutionEngine.java:68)
	at org.gradle.api.internal.tasks.execution.ExecuteActionsTaskExecuter.executeIfValid(ExecuteActionsTaskExecuter.java:132)
	at org.gradle.api.internal.tasks.execution.ExecuteActionsTaskExecuter.execute(ExecuteActionsTaskExecuter.java:121)
	at org.gradle.api.internal.tasks.execution.ProblemsTaskPathTrackingTaskExecuter.execute(ProblemsTaskPathTrackingTaskExecuter.java:41)
	at org.gradle.api.internal.tasks.execution.ResolveTaskExecutionModeExecuter.execute(ResolveTaskExecutionModeExecuter.java:51)
	at org.gradle.api.internal.tasks.execution.FinalizePropertiesTaskExecuter.execute(FinalizePropertiesTaskExecuter.java:46)
	at org.gradle.api.internal.tasks.execution.SkipTaskWithNoActionsExecuter.execute(SkipTaskWithNoActionsExecuter.java:57)
	at org.gradle.api.internal.tasks.execution.SkipOnlyIfTaskExecuter.execute(SkipOnlyIfTaskExecuter.java:74)
	at org.gradle.api.internal.tasks.execution.CatchExceptionTaskExecuter.execute(CatchExceptionTaskExecuter.java:36)
	... 26 more
Caused by: org.gradle.internal.resolve.ModuleVersionResolveException: Could not resolve com.tom-roush:pdfbox-android:2.0.27.0.
Required by:
    project ':app'
Caused by: org.gradle.internal.resolve.ModuleVersionResolveException: Repository MavenRepo is disabled due to earlier error below:
Caused by: org.gradle.internal.resolve.ArtifactResolveException: Could not download org.jetbrains.kotlin.jvm.gradle.plugin-2.4.10.jar (org.jetbrains.kotlin.jvm:org.jetbrains.kotlin.jvm.gradle.plugin:2.4.10)
	at org.gradle.api.internal.artifacts.ivyservice.ivyresolve.ErrorHandlingModuleComponentRepository$ErrorHandlingModuleComponentRepositoryAccess.lambda$resolveArtifact$14(ErrorHandlingModuleComponentRepository.java:190)
	at org.gradle.api.internal.artifacts.ivyservice.ivyresolve.ErrorHandlingModuleComponentRepository$ErrorHandlingModuleComponentRepositoryAccess.tryResolveAndMaybeDisable(ErrorHandlingModuleComponentRepository.java:260)
	at org.gradle.api.internal.artifacts.ivyservice.ivyresolve.ErrorHandlingModuleComponentRepository$ErrorHandlingModuleComponentRepositoryAccess.performOperationWithRetries(ErrorHandlingModuleComponentRepository.java:204)
	at org.gradle.api.internal.artifacts.ivyservice.ivyresolve.ErrorHandlingModuleComponentRepository$ErrorHandlingModuleComponentRepositoryAccess.resolveArtifact(ErrorHandlingModuleComponentRepository.java:178)
	at org.gradle.api.internal.artifacts.ivyservice.ivyresolve.RepositoryChainArtifactResolver.resolveArtifactLater(RepositoryChainArtifactResolver.java:75)
	at org.gradle.api.internal.artifacts.ivyservice.ivyresolve.RepositoryChainArtifactResolver.lambda$resolveArtifact$0(RepositoryChainArtifactResolver.java:63)
	at org.gradle.internal.model.CalculatedValueContainerFactory$SupplierBackedCalculator.calculateValue(CalculatedValueContainerFactory.java:69)
	at org.gradle.internal.model.CalculatedValueContainer$CalculationState.lambda$attachValue$0(CalculatedValueContainer.java:227)
	at org.gradle.internal.Try.ofFailable(Try.java:46)
	at org.gradle.internal.model.CalculatedValueContainer$CalculationState.attachValue(CalculatedValueContainer.java:222)
	at org.gradle.internal.model.CalculatedValueContainer.finalizeIfNotAlready(CalculatedValueContainer.java:195)
	at org.gradle.internal.model.CalculatedValueContainer.finalizeIfNotAlready(CalculatedValueContainer.java:186)
	at org.gradle.api.internal.artifacts.DefaultResolvableArtifact.getFile(DefaultResolvableArtifact.java:140)
	at org.gradle.internal.resolve.resolver.DefaultComponentArtifactResolver.resolveArtifacts(DefaultComponentArtifactResolver.java:50)
	at org.gradle.api.internal.artifacts.ivyservice.resolveengine.artifact.ArtifactBackedResolvedVariant.getArtifacts(ArtifactBackedResolvedVariant.java:80)
	at org.gradle.api.internal.artifacts.transform.AttributeMatchingArtifactVariantSelector.doSelect(AttributeMatchingArtifactVariantSelector.java:88)
	at org.gradle.api.internal.artifacts.transform.AttributeMatchingArtifactVariantSelector.select(AttributeMatchingArtifactVariantSelector.java:70)
	at org.gradle.api.internal.artifacts.ivyservice.resolveengine.artifact.VariantResolvingArtifactSet.select(VariantResolvingArtifactSet.java:110)
	at org.gradle.api.internal.artifacts.ivyservice.resolveengine.artifact.DefaultVisitedArtifactResults.select(DefaultVisitedArtifactResults.java:43)
	at org.gradle.api.internal.artifacts.ivyservice.resolveengine.artifact.DefaultVisitedArtifactSet.select(DefaultVisitedArtifactSet.java:97)
	at org.gradle.api.internal.artifacts.resolver.DefaultResolutionOutputs$DefaultArtifactView.selectArtifacts(DefaultResolutionOutputs.java:204)
	at org.gradle.api.internal.artifacts.configurations.ResolutionResultProvider$1.getValue(ResolutionResultProvider.java:54)
	at org.gradle.api.internal.artifacts.configurations.ResolutionResultProviderBackedSelectedArtifactSet.visitArtifacts(ResolutionResultProviderBackedSelectedArtifactSet.java:50)
	at org.gradle.api.internal.artifacts.configurations.DefaultArtifactCollection.lambda$new$0(DefaultArtifactCollection.java:61)
	at org.gradle.internal.model.CalculatedValueContainerFactory$SupplierBackedCalculator.calculateValue(CalculatedValueContainerFactory.java:69)
	at org.gradle.internal.model.CalculatedValueContainer$CalculationState.lambda$attachValue$0(CalculatedValueContainer.java:227)
	at org.gradle.internal.Try.ofFailable(Try.java:46)
	at org.gradle.internal.model.CalculatedValueContainer$CalculationState.attachValue(CalculatedValueContainer.java:222)
	at org.gradle.internal.model.CalculatedValueContainer.finalizeIfNotAlready(CalculatedValueContainer.java:195)
	at org.gradle.internal.model.CalculatedValueContainer.finalizeIfNotAlready(CalculatedValueContainer.java:186)
	at org.gradle.api.internal.artifacts.configurations.DefaultArtifactCollection.ensureResolved(DefaultArtifactCollection.java:123)
	at org.gradle.api.internal.artifacts.configurations.DefaultArtifactCollection.getFailures(DefaultArtifactCollection.java:112)
	at org.gradle.plugin.use.resolve.internal.ArtifactRepositoriesPluginResolver.exists(ArtifactRepositoriesPluginResolver.java:186)
	at org.gradle.plugin.use.resolve.internal.ArtifactRepositoriesPluginResolver.resolve(ArtifactRepositoriesPluginResolver.java:65)
	at org.gradle.plugin.use.resolve.internal.CompositePluginResolver.resolve(CompositePluginResolver.java:36)
	at org.gradle.plugin.use.resolve.internal.AlreadyOnClasspathPluginResolver.resolve(AlreadyOnClasspathPluginResolver.java:64)
	at org.gradle.plugin.use.internal.DefaultPluginRequestApplicator.resolvePluginRequest(DefaultPluginRequestApplicator.java:190)
	at org.gradle.plugin.use.internal.DefaultPluginRequestApplicator.applyPlugins(DefaultPluginRequestApplicator.java:102)
	at org.gradle.kotlin.dsl.provider.PluginRequestsHandler.handle(PluginRequestsHandler.kt:45)
	at org.gradle.kotlin.dsl.provider.StandardKotlinScriptEvaluator$InterpreterHost.applyPluginsTo(KotlinScriptEvaluator.kt:246)
	at org.gradle.kotlin.dsl.execution.Interpreter$ProgramHost.applyPluginsTo(Interpreter.kt:395)
	at Program.execute(Unknown Source)
	at org.gradle.kotlin.dsl.execution.Interpreter$ProgramHost.eval(Interpreter.kt:526)
	at org.gradle.kotlin.dsl.execution.Interpreter.eval(Interpreter.kt:219)
	at org.gradle.kotlin.dsl.provider.StandardKotlinScriptEvaluator.evaluate(KotlinScriptEvaluator.kt:135)
	at org.gradle.kotlin.dsl.provider.KotlinScriptPluginFactory.create$lambda$0(KotlinScriptPluginFactory.kt:61)
	at org.gradle.kotlin.dsl.provider.KotlinScriptPlugin.apply(KotlinScriptPlugin.kt:35)
	at org.gradle.configuration.BuildOperationScriptPlugin$1.run(BuildOperationScriptPlugin.java:68)
	at org.gradle.internal.operations.DefaultBuildOperationRunner$1.execute(DefaultBuildOperationRunner.java:30)
	at org.gradle.internal.operations.DefaultBuildOperationRunner$1.execute(DefaultBuildOperationRunner.java:27)
	at org.gradle.internal.operations.DefaultBuildOperationRunner$2.execute(DefaultBuildOperationRunner.java:67)
	at org.gradle.internal.operations.DefaultBuildOperationRunner$2.execute(DefaultBuildOperationRunner.java:60)
	at org.gradle.internal.operations.DefaultBuildOperationRunner.execute(DefaultBuildOperationRunner.java:167)
	at org.gradle.internal.operations.DefaultBuildOperationRunner.execute(DefaultBuildOperationRunner.java:60)
	at org.gradle.internal.operations.DefaultBuildOperationRunner.run(DefaultBuildOperationRunner.java:48)
	at org.gradle.configuration.BuildOperationScriptPlugin.lambda$apply$0(BuildOperationScriptPlugin.java:65)
	at org.gradle.internal.code.DefaultUserCodeApplicationContext.apply(DefaultUserCodeApplicationContext.java:44)
	at org.gradle.configuration.BuildOperationScriptPlugin.apply(BuildOperationScriptPlugin.java:65)
	at org.gradle.api.internal.project.DefaultProjectStateRegistry$ProjectStateImpl.lambda$applyToMutableState$0(DefaultProjectStateRegistry.java:443)
	at org.gradle.api.internal.project.DefaultProjectStateRegistry$ProjectStateImpl.lambda$fromMutableState$1(DefaultProjectStateRegistry.java:450)
	at org.gradle.api.internal.project.DefaultProjectStateRegistry$ProjectStateImpl.runWithModelLock(DefaultProjectStateRegistry.java:466)
	at org.gradle.api.internal.project.DefaultProjectStateRegistry$ProjectStateImpl.fromMutableState(DefaultProjectStateRegistry.java:450)
	at org.gradle.api.internal.project.DefaultProjectStateRegistry$ProjectStateImpl.applyToMutableState(DefaultProjectStateRegistry.java:442)
	at org.gradle.configuration.project.BuildScriptProcessor.execute(BuildScriptProcessor.java:46)
	at org.gradle.configuration.project.BuildScriptProcessor.execute(BuildScriptProcessor.java:27)
	at org.gradle.configuration.project.ConfigureActionsProjectEvaluator.evaluate(ConfigureActionsProjectEvaluator.java:35)
	at org.gradle.configuration.project.LifecycleProjectEvaluator$EvaluateProject.lambda$run$0(LifecycleProjectEvaluator.java:109)
	at org.gradle.api.internal.project.DefaultProjectStateRegistry$ProjectStateImpl.lambda$applyToMutableState$0(DefaultProjectStateRegistry.java:443)
	at org.gradle.api.internal.project.DefaultProjectStateRegistry$ProjectStateImpl.lambda$fromMutableState$1(DefaultProjectStateRegistry.java:450)
	at org.gradle.internal.work.DefaultWorkerLeaseService.lambda$withLocksAcquired$0(DefaultWorkerLeaseService.java:275)
	at org.gradle.internal.work.ResourceLockStatistics$1.measure(ResourceLockStatistics.java:43)
	at org.gradle.internal.work.DefaultWorkerLeaseService.withLocksAcquired(DefaultWorkerLeaseService.java:273)
	at org.gradle.internal.work.DefaultWorkerLeaseService.lambda$withReplacedLocks$3(DefaultWorkerLeaseService.java:371)
	at org.gradle.internal.work.DefaultWorkerLeaseService.withoutLocks(DefaultWorkerLeaseService.java:343)
	at org.gradle.internal.work.DefaultWorkerLeaseService.withReplacedLocks(DefaultWorkerLeaseService.java:370)
	at org.gradle.api.internal.project.DefaultProjectStateRegistry$ProjectStateImpl.runWithModelLock(DefaultProjectStateRegistry.java:471)
	at org.gradle.api.internal.project.DefaultProjectStateRegistry$ProjectStateImpl.fromMutableState(DefaultProjectStateRegistry.java:450)
	at org.gradle.api.internal.project.DefaultProjectStateRegistry$ProjectStateImpl.applyToMutableState(DefaultProjectStateRegistry.java:442)
	at org.gradle.configuration.project.LifecycleProjectEvaluator$EvaluateProject.run(LifecycleProjectEvaluator.java:100)
	at org.gradle.internal.operations.DefaultBuildOperationRunner$1.execute(DefaultBuildOperationRunner.java:30)
	at org.gradle.internal.operations.DefaultBuildOperationRunner$1.execute(DefaultBuildOperationRunner.java:27)
	at org.gradle.internal.operations.DefaultBuildOperationRunner$2.execute(DefaultBuildOperationRunner.java:67)
	at org.gradle.internal.operations.DefaultBuildOperationRunner$2.execute(DefaultBuildOperationRunner.java:60)
	at org.gradle.internal.operations.DefaultBuildOperationRunner.execute(DefaultBuildOperationRunner.java:167)
	at org.gradle.internal.operations.DefaultBuildOperationRunner.execute(DefaultBuildOperationRunner.java:60)
	at org.gradle.internal.operations.DefaultBuildOperationRunner.run(DefaultBuildOperationRunner.java:48)
	at org.gradle.configuration.project.LifecycleProjectEvaluator.evaluate(LifecycleProjectEvaluator.java:72)
	at org.gradle.api.internal.project.DefaultProject.evaluateUnchecked(DefaultProject.java:796)
	at org.gradle.api.internal.project.ProjectLifecycleController.lambda$ensureSelfConfigured$2(ProjectLifecycleController.java:93)
	at org.gradle.internal.model.StateTransitionController.lambda$doTransition$15(StateTransitionController.java:293)
	at org.gradle.internal.model.StateTransitionController.doTransition(StateTransitionController.java:304)
	at org.gradle.internal.model.StateTransitionController.doTransition(StateTransitionController.java:292)
	at org.gradle.internal.model.StateTransitionController.lambda$maybeTransitionIfNotCurrentlyTransitioning$11(StateTransitionController.java:237)
	at org.gradle.internal.work.DefaultSynchronizer.withLock(DefaultSynchronizer.java:35)
	at org.gradle.internal.model.StateTransitionController.maybeTransitionIfNotCurrentlyTransitioning(StateTransitionController.java:233)
	at org.gradle.api.internal.project.ProjectLifecycleController.ensureSelfConfigured(ProjectLifecycleController.java:93)
	at org.gradle.api.internal.project.DefaultProjectStateRegistry$ProjectStateImpl.ensureConfigured(DefaultProjectStateRegistry.java:408)
	at org.gradle.execution.TaskPathProjectEvaluator.configure(TaskPathProjectEvaluator.java:71)
	at org.gradle.execution.TaskPathProjectEvaluator.configureHierarchy(TaskPathProjectEvaluator.java:85)
	at org.gradle.configuration.DefaultProjectsPreparer.prepareProjects(DefaultProjectsPreparer.java:50)
	at org.gradle.configuration.BuildTreePreparingProjectsPreparer.prepareProjects(BuildTreePreparingProjectsPreparer.java:65)
	at org.gradle.configuration.BuildOperationFiringProjectsPreparer$ConfigureBuild.run(BuildOperationFiringProjectsPreparer.java:52)
	at org.gradle.internal.operations.DefaultBuildOperationRunner$1.execute(DefaultBuildOperationRunner.java:30)
	at org.gradle.internal.operations.DefaultBuildOperationRunner$1.execute(DefaultBuildOperationRunner.java:27)
	at org.gradle.internal.operations.DefaultBuildOperationRunner$2.execute(DefaultBuildOperationRunner.java:67)
	at org.gradle.internal.operations.DefaultBuildOperationRunner$2.execute(DefaultBuildOperationRunner.java:60)
	at org.gradle.internal.operations.DefaultBuildOperationRunner.execute(DefaultBuildOperationRunner.java:167)
	at org.gradle.internal.operations.DefaultBuildOperationRunner.execute(DefaultBuildOperationRunner.java:60)
	at org.gradle.internal.operations.DefaultBuildOperationRunner.run(DefaultBuildOperationRunner.java:48)
	at org.gradle.configuration.BuildOperationFiringProjectsPreparer.prepareProjects(BuildOperationFiringProjectsPreparer.java:40)
	at org.gradle.initialization.VintageBuildModelController.lambda$prepareProjects$2(VintageBuildModelController.java:83)
	at org.gradle.internal.model.StateTransitionController.lambda$doTransition$15(StateTransitionController.java:293)
	at org.gradle.internal.model.StateTransitionController.doTransition(StateTransitionController.java:304)
	at org.gradle.internal.model.StateTransitionController.doTransition(StateTransitionController.java:292)
	at org.gradle.internal.model.StateTransitionController.lambda$transitionIfNotPreviously$12(StateTransitionController.java:251)
	at org.gradle.internal.work.DefaultSynchronizer.withLock(DefaultSynchronizer.java:35)
	at org.gradle.internal.model.StateTransitionController.transitionIfNotPreviously(StateTransitionController.java:247)
	at org.gradle.initialization.VintageBuildModelController.prepareProjects(VintageBuildModelController.java:83)
	at org.gradle.initialization.VintageBuildModelController.prepareToScheduleTasks(VintageBuildModelController.java:70)
	at org.gradle.internal.build.DefaultBuildLifecycleController.lambda$prepareToScheduleTasks$7(DefaultBuildLifecycleController.java:185)
	at org.gradle.internal.model.StateTransitionController.lambda$doTransition$15(StateTransitionController.java:293)
	at org.gradle.internal.model.StateTransitionController.doTransition(StateTransitionController.java:304)
	at org.gradle.internal.model.StateTransitionController.doTransition(StateTransitionController.java:292)
	at org.gradle.internal.model.StateTransitionController.lambda$maybeTransition$10(StateTransitionController.java:228)
	at org.gradle.internal.work.DefaultSynchronizer.withLock(DefaultSynchronizer.java:35)
	at org.gradle.internal.model.StateTransitionController.maybeTransition(StateTransitionController.java:224)
	at org.gradle.internal.build.DefaultBuildLifecycleController.prepareToScheduleTasks(DefaultBuildLifecycleController.java:183)
	at org.gradle.internal.buildtree.DefaultBuildTreeWorkPreparer.scheduleRequestedTasks(DefaultBuildTreeWorkPreparer.java:35)
	at org.gradle.internal.cc.impl.barrier.BarrierAwareBuildTreeWorkPreparer.scheduleRequestedTasks$lambda$0(BarrierAwareBuildTreeWorkPreparer.kt:34)
	at org.gradle.internal.cc.impl.barrier.VintageConfigurationTimeActionRunner.runConfigurationTimeAction(VintageConfigurationTimeActionRunner.kt:48)
	at org.gradle.internal.cc.impl.barrier.BarrierAwareBuildTreeWorkPreparer.scheduleRequestedTasks(BarrierAwareBuildTreeWorkPreparer.kt:33)
	at org.gradle.internal.cc.impl.VintageBuildTreeWorkController$scheduleAndRunRequestedTasks$1$finalizedGraph$1.call(VintageBuildTreeWorkController.kt:37)
	at org.gradle.internal.cc.impl.VintageBuildTreeWorkController$scheduleAndRunRequestedTasks$1$finalizedGraph$1.call(VintageBuildTreeWorkController.kt:37)
	at org.gradle.internal.Try.ofFailable(Try.java:46)
	at org.gradle.internal.cc.impl.VintageBuildTreeWorkController$scheduleAndRunRequestedTasks$1.apply(VintageBuildTreeWorkController.kt:37)
	at org.gradle.internal.cc.impl.VintageBuildTreeWorkController$scheduleAndRunRequestedTasks$1.apply(VintageBuildTreeWorkController.kt:36)
	at org.gradle.composite.internal.DefaultIncludedBuildTaskGraph.withNewWorkGraph(DefaultIncludedBuildTaskGraph.java:115)
	at org.gradle.internal.cc.impl.VintageBuildTreeWorkController.scheduleAndRunRequestedTasks(VintageBuildTreeWorkController.kt:36)
	at org.gradle.internal.buildtree.DefaultBuildTreeLifecycleController.lambda$scheduleAndRunTasks$1(DefaultBuildTreeLifecycleController.java:84)
	at org.gradle.internal.buildtree.DefaultBuildTreeLifecycleController.lambda$runBuild$5(DefaultBuildTreeLifecycleController.java:142)
	at org.gradle.internal.model.StateTransitionController.lambda$transition$7(StateTransitionController.java:207)
	at org.gradle.internal.model.StateTransitionController.doTransition(StateTransitionController.java:304)
	at org.gradle.internal.model.StateTransitionController.lambda$transition$8(StateTransitionController.java:207)
	at org.gradle.internal.work.DefaultSynchronizer.withLock(DefaultSynchronizer.java:45)
	at org.gradle.internal.model.StateTransitionController.transition(StateTransitionController.java:207)
	at org.gradle.internal.buildtree.DefaultBuildTreeLifecycleController.runBuild(DefaultBuildTreeLifecycleController.java:139)
	at org.gradle.internal.buildtree.DefaultBuildTreeLifecycleController.scheduleAndRunTasks(DefaultBuildTreeLifecycleController.java:84)
	at org.gradle.internal.buildtree.DefaultBuildTreeLifecycleController.scheduleAndRunTasks(DefaultBuildTreeLifecycleController.java:79)
	at org.gradle.tooling.internal.provider.ExecuteBuildActionRunner.run(ExecuteBuildActionRunner.java:31)
	at org.gradle.launcher.exec.ChainingBuildActionRunner.run(ChainingBuildActionRunner.java:35)
	at org.gradle.internal.buildtree.ProblemReportingBuildActionRunner.run(ProblemReportingBuildActionRunner.java:54)
	at org.gradle.launcher.exec.BuildOutcomeReportingBuildActionRunner.run(BuildOutcomeReportingBuildActionRunner.java:83)
	at org.gradle.tooling.internal.provider.FileSystemWatchingBuildActionRunner.run(FileSystemWatchingBuildActionRunner.java:135)
	at org.gradle.launcher.exec.BuildCompletionNotifyingBuildActionRunner.run(BuildCompletionNotifyingBuildActionRunner.java:54)
	at org.gradle.launcher.exec.RootBuildLifecycleBuildActionExecutor.lambda$execute$0(RootBuildLifecycleBuildActionExecutor.java:101)
	at org.gradle.composite.internal.DefaultRootBuildState.run(DefaultRootBuildState.java:126)
	at org.gradle.launcher.exec.RootBuildLifecycleBuildActionExecutor.execute(RootBuildLifecycleBuildActionExecutor.java:101)
	at org.gradle.launcher.exec.BuildTreeLifecycleBuildActionExecutor.runRootBuildAction(BuildTreeLifecycleBuildActionExecutor.java:104)
	at org.gradle.launcher.exec.BuildTreeLifecycleBuildActionExecutor.execute(BuildTreeLifecycleBuildActionExecutor.java:74)
	at org.gradle.launcher.exec.RunAsBuildOperationBuildActionExecutor$2.call(RunAsBuildOperationBuildActionExecutor.java:65)
	at org.gradle.launcher.exec.RunAsBuildOperationBuildActionExecutor$2.call(RunAsBuildOperationBuildActionExecutor.java:61)
	at org.gradle.internal.operations.DefaultBuildOperationRunner$CallableBuildOperationWorker.execute(DefaultBuildOperationRunner.java:210)
	at org.gradle.internal.operations.DefaultBuildOperationRunner$CallableBuildOperationWorker.execute(DefaultBuildOperationRunner.java:205)
	at org.gradle.internal.operations.DefaultBuildOperationRunner$2.execute(DefaultBuildOperationRunner.java:67)
	at org.gradle.internal.operations.DefaultBuildOperationRunner$2.execute(DefaultBuildOperationRunner.java:60)
	at org.gradle.internal.operations.DefaultBuildOperationRunner.execute(DefaultBuildOperationRunner.java:167)
	at org.gradle.internal.operations.DefaultBuildOperationRunner.execute(DefaultBuildOperationRunner.java:60)
	at org.gradle.internal.operations.DefaultBuildOperationRunner.call(DefaultBuildOperationRunner.java:54)
	at org.gradle.launcher.exec.RunAsBuildOperationBuildActionExecutor.execute(RunAsBuildOperationBuildActionExecutor.java:61)
	at org.gradle.launcher.exec.RunAsWorkerThreadBuildActionExecutor.lambda$execute$0(RunAsWorkerThreadBuildActionExecutor.java:36)
	at org.gradle.internal.work.DefaultWorkerLeaseService.lambda$withLocksAcquired$0(DefaultWorkerLeaseService.java:275)
	at org.gradle.internal.work.ResourceLockStatistics$1.measure(ResourceLockStatistics.java:43)
	at org.gradle.internal.work.DefaultWorkerLeaseService.withLocksAcquired(DefaultWorkerLeaseService.java:273)
	at org.gradle.internal.work.DefaultWorkerLeaseService.withLocks(DefaultWorkerLeaseService.java:265)
	at org.gradle.internal.work.DefaultWorkerLeaseService.runAsWorkerThread(DefaultWorkerLeaseService.java:128)
	at org.gradle.launcher.exec.RunAsWorkerThreadBuildActionExecutor.execute(RunAsWorkerThreadBuildActionExecutor.java:36)
	at org.gradle.tooling.internal.provider.continuous.ContinuousBuildActionExecutor.execute(ContinuousBuildActionExecutor.java:110)
	at org.gradle.tooling.internal.provider.SubscribableBuildActionExecutor.execute(SubscribableBuildActionExecutor.java:64)
	at org.gradle.internal.session.DefaultBuildSessionContext.execute(DefaultBuildSessionContext.java:46)
	at org.gradle.internal.buildprocess.execution.BuildSessionLifecycleBuildActionExecutor$ActionImpl.apply(BuildSessionLifecycleBuildActionExecutor.java:106)
	at org.gradle.internal.buildprocess.execution.BuildSessionLifecycleBuildActionExecutor$ActionImpl.apply(BuildSessionLifecycleBuildActionExecutor.java:94)
	at org.gradle.internal.session.BuildSessionState.run(BuildSessionState.java:73)
	at org.gradle.internal.buildprocess.execution.BuildSessionLifecycleBuildActionExecutor.execute(BuildSessionLifecycleBuildActionExecutor.java:67)
	at org.gradle.internal.buildprocess.execution.BuildSessionLifecycleBuildActionExecutor.execute(BuildSessionLifecycleBuildActionExecutor.java:45)
	at org.gradle.internal.buildprocess.execution.StartParamsValidatingActionExecutor.execute(StartParamsValidatingActionExecutor.java:57)
	at org.gradle.internal.buildprocess.execution.StartParamsValidatingActionExecutor.execute(StartParamsValidatingActionExecutor.java:32)
	at org.gradle.internal.buildprocess.execution.SessionFailureReportingActionExecutor.execute(SessionFailureReportingActionExecutor.java:51)
	at org.gradle.internal.buildprocess.execution.SessionFailureReportingActionExecutor.execute(SessionFailureReportingActionExecutor.java:39)
	at org.gradle.internal.buildprocess.execution.SetupLoggingActionExecutor.execute(SetupLoggingActionExecutor.java:47)
	at org.gradle.internal.buildprocess.execution.SetupLoggingActionExecutor.execute(SetupLoggingActionExecutor.java:31)
	at org.gradle.launcher.daemon.server.exec.ExecuteBuild.doBuild(ExecuteBuild.java:70)
	at org.gradle.launcher.daemon.server.exec.BuildCommandOnly.execute(BuildCommandOnly.java:37)
	at org.gradle.launcher.daemon.server.api.DaemonCommandExecution.proceed(DaemonCommandExecution.java:104)
	at org.gradle.launcher.daemon.server.exec.WatchForDisconnection.execute(WatchForDisconnection.java:39)
	at org.gradle.launcher.daemon.server.api.DaemonCommandExecution.proceed(DaemonCommandExecution.java:104)
	at org.gradle.launcher.daemon.server.exec.ResetDeprecationLogger.execute(ResetDeprecationLogger.java:29)
	at org.gradle.launcher.daemon.server.api.DaemonCommandExecution.proceed(DaemonCommandExecution.java:104)
	at org.gradle.launcher.daemon.server.exec.RequestStopIfSingleUsedDaemon.execute(RequestStopIfSingleUsedDaemon.java:35)
	at org.gradle.launcher.daemon.server.api.DaemonCommandExecution.proceed(DaemonCommandExecution.java:104)
	at org.gradle.launcher.daemon.server.exec.ForwardClientInput.lambda$execute$0(ForwardClientInput.java:40)
	at org.gradle.internal.daemon.clientinput.ClientInputForwarder.forwardInput(ClientInputForwarder.java:80)
	at org.gradle.launcher.daemon.server.exec.ForwardClientInput.execute(ForwardClientInput.java:37)
	at org.gradle.launcher.daemon.server.api.DaemonCommandExecution.proceed(DaemonCommandExecution.java:104)
	at org.gradle.launcher.daemon.server.exec.LogAndCheckHealth.execute(LogAndCheckHealth.java:53)
	at org.gradle.launcher.daemon.server.api.DaemonCommandExecution.proceed(DaemonCommandExecution.java:104)
	at org.gradle.launcher.daemon.server.exec.LogToClient.doBuild(LogToClient.java:63)
	at org.gradle.launcher.daemon.server.exec.BuildCommandOnly.execute(BuildCommandOnly.java:37)
	at org.gradle.launcher.daemon.server.api.DaemonCommandExecution.proceed(DaemonCommandExecution.java:104)
	at org.gradle.launcher.daemon.server.exec.EstablishBuildEnvironment.doBuild(EstablishBuildEnvironment.java:84)
	at org.gradle.launcher.daemon.server.exec.BuildCommandOnly.execute(BuildCommandOnly.java:37)
	at org.gradle.launcher.daemon.server.api.DaemonCommandExecution.proceed(DaemonCommandExecution.java:104)
	at org.gradle.launcher.daemon.server.exec.StartBuildOrRespondWithBusy$1.run(StartBuildOrRespondWithBusy.java:52)
	at org.gradle.launcher.daemon.server.DaemonStateCoordinator.lambda$runCommand$0(DaemonStateCoordinator.java:321)
	at org.gradle.internal.concurrent.ExecutorPolicy$CatchAndRecordFailures.onExecute(ExecutorPolicy.java:64)
	at org.gradle.internal.concurrent.AbstractManagedExecutor$1.run(AbstractManagedExecutor.java:47)
Caused by: org.gradle.api.resources.ResourceException: Could not get resource 'https://repo.maven.apache.org/maven2/org/jetbrains/kotlin/jvm/org.jetbrains.kotlin.jvm.gradle.plugin/2.4.10/org.jetbrains.kotlin.jvm.gradle.plugin-2.4.10.jar'.
	at org.gradle.internal.resource.ResourceExceptions.failure(ResourceExceptions.java:74)
	at org.gradle.internal.resource.ResourceExceptions.getFailed(ResourceExceptions.java:57)
	at org.gradle.api.internal.artifacts.repositories.resolver.DefaultExternalResourceArtifactResolver.staticResourceExists(DefaultExternalResourceArtifactResolver.java:83)
	at org.gradle.api.internal.artifacts.repositories.resolver.DefaultExternalResourceArtifactResolver.artifactExists(DefaultExternalResourceArtifactResolver.java:67)
	at org.gradle.api.internal.artifacts.repositories.resolver.ExternalResourceResolver$RemoteRepositoryAccess.resolveArtifact(ExternalResourceResolver.java:472)
	at org.gradle.api.internal.artifacts.ivyservice.ivyresolve.CachingModuleComponentRepository$ResolveAndCacheRepositoryAccess.resolveArtifact(CachingModuleComponentRepository.java:470)
	at org.gradle.api.internal.artifacts.ivyservice.ivyresolve.ErrorHandlingModuleComponentRepository$ErrorHandlingModuleComponentRepositoryAccess.lambda$resolveArtifact$12(ErrorHandlingModuleComponentRepository.java:180)
	at org.gradle.api.internal.artifacts.ivyservice.ivyresolve.ErrorHandlingModuleComponentRepository$ErrorHandlingModuleComponentRepositoryAccess.tryResolveAndMaybeDisable(ErrorHandlingModuleComponentRepository.java:251)
	... 213 more
Caused by: org.gradle.internal.resource.transport.http.HttpErrorStatusCodeException: Could not HEAD 'https://repo.maven.apache.org/maven2/org/jetbrains/kotlin/jvm/org.jetbrains.kotlin.jvm.gradle.plugin/2.4.10/org.jetbrains.kotlin.jvm.gradle.plugin-2.4.10.jar'. Received status code 429 from server: Too Many Requests
	at org.gradle.internal.resource.transport.http.ApacheCommonsHttpClient.processResponse(ApacheCommonsHttpClient.java:310)
	at org.gradle.internal.resource.transport.http.ApacheCommonsHttpClient.performHead(ApacheCommonsHttpClient.java:114)
	at org.gradle.internal.resource.transport.http.HttpResourceAccessor.getMetaData(HttpResourceAccessor.java:58)
	at org.gradle.internal.resource.transfer.DefaultExternalResourceConnector.getMetaData(DefaultExternalResourceConnector.java:66)
	at org.gradle.internal.resource.transfer.ProgressLoggingExternalResourceAccessor$MetadataOperation.call(ProgressLoggingExternalResourceAccessor.java:173)
	at org.gradle.internal.resource.transfer.ProgressLoggingExternalResourceAccessor$MetadataOperation.call(ProgressLoggingExternalResourceAccessor.java:161)
	at org.gradle.internal.operations.DefaultBuildOperationRunner$CallableBuildOperationWorker.execute(DefaultBuildOperationRunner.java:210)
	at org.gradle.internal.operations.DefaultBuildOperationRunner$CallableBuildOperationWorker.execute(DefaultBuildOperationRunner.java:205)
	at org.gradle.internal.operations.DefaultBuildOperationRunner$2.execute(DefaultBuildOperationRunner.java:67)
	at org.gradle.internal.operations.DefaultBuildOperationRunner$2.execute(DefaultBuildOperationRunner.java:60)
	at org.gradle.internal.operations.DefaultBuildOperationRunner.execute(DefaultBuildOperationRunner.java:167)
	at org.gradle.internal.operations.DefaultBuildOperationRunner.execute(DefaultBuildOperationRunner.java:60)
	at org.gradle.internal.operations.DefaultBuildOperationRunner.call(DefaultBuildOperationRunner.java:54)
	at org.gradle.internal.resource.transfer.ProgressLoggingExternalResourceAccessor.getMetaData(ProgressLoggingExternalResourceAccessor.java:55)
	at org.gradle.internal.resource.transfer.AccessorBackedExternalResource.getMetaData(AccessorBackedExternalResource.java:156)
	at org.gradle.api.internal.artifacts.repositories.resolver.DefaultExternalResourceArtifactResolver.staticResourceExists(DefaultExternalResourceArtifactResolver.java:79)
	... 218 more

==============================================================================

16: Task failed with an exception.
-----------
* What went wrong:
Execution failed for task ':app:collectReleaseDependencies'.
> Could not resolve all files for configuration ':app:releaseRuntimeClasspath'.
   > Could not resolve com.tom-roush:pdfbox-android:2.0.27.0.
     Required by:
         project ':app'
      > Repository MavenRepo is disabled due to earlier error below:
         > Could not download org.jetbrains.kotlin.jvm.gradle.plugin-2.4.10.jar (org.jetbrains.kotlin.jvm:org.jetbrains.kotlin.jvm.gradle.plugin:2.4.10)
            > Could not get resource 'https://repo.maven.apache.org/maven2/org/jetbrains/kotlin/jvm/org.jetbrains.kotlin.jvm.gradle.plugin/2.4.10/org.jetbrains.kotlin.jvm.gradle.plugin-2.4.10.jar'.
               > Could not HEAD 'https://repo.maven.apache.org/maven2/org/jetbrains/kotlin/jvm/org.jetbrains.kotlin.jvm.gradle.plugin/2.4.10/org.jetbrains.kotlin.jvm.gradle.plugin-2.4.10.jar'. Received status code 429 from server: Too Many Requests

* Try:
> Run with --info or --debug option to get more log output.
> Run with --scan to get full insights from a Build Scan (powered by Develocity).
> Get more help at https://help.gradle.org.

* Exception is:
org.gradle.api.tasks.TaskExecutionException: Execution failed for task ':app:collectReleaseDependencies'.
	at org.gradle.api.internal.tasks.execution.CatchExceptionTaskExecuter.execute(CatchExceptionTaskExecuter.java:38)
	at org.gradle.api.internal.tasks.execution.EventFiringTaskExecuter$1.executeTask(EventFiringTaskExecuter.java:77)
	at org.gradle.api.internal.tasks.execution.EventFiringTaskExecuter$1.call(EventFiringTaskExecuter.java:55)
	at org.gradle.api.internal.tasks.execution.EventFiringTaskExecuter$1.call(EventFiringTaskExecuter.java:52)
	at org.gradle.internal.operations.DefaultBuildOperationRunner$CallableBuildOperationWorker.execute(DefaultBuildOperationRunner.java:210)
	at org.gradle.internal.operations.DefaultBuildOperationRunner$CallableBuildOperationWorker.execute(DefaultBuildOperationRunner.java:205)
	at org.gradle.internal.operations.DefaultBuildOperationRunner$2.execute(DefaultBuildOperationRunner.java:67)
	at org.gradle.internal.operations.DefaultBuildOperationRunner$2.execute(DefaultBuildOperationRunner.java:60)
	at org.gradle.internal.operations.DefaultBuildOperationRunner.execute(DefaultBuildOperationRunner.java:167)
	at org.gradle.internal.operations.DefaultBuildOperationRunner.execute(DefaultBuildOperationRunner.java:60)
	at org.gradle.internal.operations.DefaultBuildOperationRunner.call(DefaultBuildOperationRunner.java:54)
	at org.gradle.api.internal.tasks.execution.EventFiringTaskExecuter.execute(EventFiringTaskExecuter.java:52)
	at org.gradle.execution.plan.DefaultNodeExecutor.executeLocalTaskNode(DefaultNodeExecutor.java:55)
	at org.gradle.execution.plan.DefaultNodeExecutor.execute(DefaultNodeExecutor.java:34)
	at org.gradle.execution.taskgraph.DefaultTaskExecutionGraph$InvokeNodeExecutorsAction.execute(DefaultTaskExecutionGraph.java:355)
	at org.gradle.execution.taskgraph.DefaultTaskExecutionGraph$InvokeNodeExecutorsAction.execute(DefaultTaskExecutionGraph.java:343)
	at org.gradle.execution.taskgraph.DefaultTaskExecutionGraph$BuildOperationAwareExecutionAction.lambda$execute$0(DefaultTaskExecutionGraph.java:339)
	at org.gradle.internal.operations.CurrentBuildOperationRef.with(CurrentBuildOperationRef.java:84)
	at org.gradle.execution.taskgraph.DefaultTaskExecutionGraph$BuildOperationAwareExecutionAction.execute(DefaultTaskExecutionGraph.java:339)
	at org.gradle.execution.taskgraph.DefaultTaskExecutionGraph$BuildOperationAwareExecutionAction.execute(DefaultTaskExecutionGraph.java:328)
	at org.gradle.execution.plan.DefaultPlanExecutor$ExecutorWorker.execute(DefaultPlanExecutor.java:459)
	at org.gradle.execution.plan.DefaultPlanExecutor$ExecutorWorker.run(DefaultPlanExecutor.java:376)
	at org.gradle.internal.concurrent.ExecutorPolicy$CatchAndRecordFailures.onExecute(ExecutorPolicy.java:64)
	at org.gradle.internal.concurrent.AbstractManagedExecutor$1.run(AbstractManagedExecutor.java:47)
	at java.base/java.util.concurrent.ThreadPoolExecutor.runWorker(ThreadPoolExecutor.java:1144)
	at java.base/java.util.concurrent.ThreadPoolExecutor$Worker.run(ThreadPoolExecutor.java:642)
	at java.base/java.lang.Thread.run(Thread.java:1583)
Caused by: org.gradle.api.internal.artifacts.ivyservice.TypedResolveException: Could not resolve all files for configuration ':app:releaseRuntimeClasspath'.
	at org.gradle.api.internal.artifacts.ResolveExceptionMapper.mapFailure(ResolveExceptionMapper.java:73)
	at org.gradle.api.internal.artifacts.ResolveExceptionMapper.mapFailures(ResolveExceptionMapper.java:65)
	at org.gradle.api.internal.artifacts.configurations.DefaultConfiguration$DefaultResolutionHost.consolidateFailures(DefaultConfiguration.java:1789)
	at org.gradle.api.internal.artifacts.configurations.ResolutionHost.rethrowFailuresAndReportProblems(ResolutionHost.java:75)
	at org.gradle.api.internal.artifacts.configurations.ResolutionBackedFileCollection.maybeThrowResolutionFailures(ResolutionBackedFileCollection.java:86)
	at org.gradle.api.internal.artifacts.configurations.ResolutionBackedFileCollection.visitContents(ResolutionBackedFileCollection.java:76)
	at org.gradle.api.internal.file.AbstractFileCollection.visitStructure(AbstractFileCollection.java:361)
	at org.gradle.api.internal.file.CompositeFileCollection.lambda$visitContents$0(CompositeFileCollection.java:112)
	at org.gradle.api.internal.file.collections.UnpackingVisitor.add(UnpackingVisitor.java:66)
	at org.gradle.api.internal.file.collections.UnpackingVisitor.add(UnpackingVisitor.java:91)
	at org.gradle.api.internal.file.DefaultFileCollectionFactory$ResolvingFileCollection.visitChildren(DefaultFileCollectionFactory.java:311)
	at org.gradle.api.internal.file.CompositeFileCollection.visitContents(CompositeFileCollection.java:112)
	at org.gradle.api.internal.file.AbstractFileCollection.visitStructure(AbstractFileCollection.java:361)
	at org.gradle.api.internal.file.CompositeFileCollection.lambda$visitContents$0(CompositeFileCollection.java:112)
	at org.gradle.api.internal.tasks.PropertyFileCollection.visitChildren(PropertyFileCollection.java:48)
	at org.gradle.api.internal.file.CompositeFileCollection.visitContents(CompositeFileCollection.java:112)
	at org.gradle.api.internal.file.AbstractFileCollection.visitStructure(AbstractFileCollection.java:361)
	at org.gradle.internal.fingerprint.impl.DefaultFileCollectionSnapshotter.snapshot(DefaultFileCollectionSnapshotter.java:48)
	at org.gradle.internal.execution.impl.DefaultInputFingerprinter$InputCollectingVisitor.visitInputFileProperty(DefaultInputFingerprinter.java:151)
	at org.gradle.api.internal.tasks.execution.TaskExecution.visitMutableInputs(TaskExecution.java:345)
	at org.gradle.internal.execution.impl.DefaultInputFingerprinter.fingerprintInputProperties(DefaultInputFingerprinter.java:77)
	at org.gradle.internal.execution.steps.CaptureMutableStateBeforeExecutionStep.captureExecutionStateWithOutputs(CaptureMutableStateBeforeExecutionStep.java:124)
	at org.gradle.internal.execution.steps.CaptureMutableStateBeforeExecutionStep.lambda$captureExecutionState$0(CaptureMutableStateBeforeExecutionStep.java:94)
	at org.gradle.internal.execution.steps.BuildOperationStep$1.call(BuildOperationStep.java:38)
	at org.gradle.internal.operations.DefaultBuildOperationRunner$CallableBuildOperationWorker.execute(DefaultBuildOperationRunner.java:210)
	at org.gradle.internal.operations.DefaultBuildOperationRunner$CallableBuildOperationWorker.execute(DefaultBuildOperationRunner.java:205)
	at org.gradle.internal.operations.DefaultBuildOperationRunner$2.execute(DefaultBuildOperationRunner.java:67)
	at org.gradle.internal.operations.DefaultBuildOperationRunner$2.execute(DefaultBuildOperationRunner.java:60)
	at org.gradle.internal.operations.DefaultBuildOperationRunner.execute(DefaultBuildOperationRunner.java:167)
	at org.gradle.internal.operations.DefaultBuildOperationRunner.execute(DefaultBuildOperationRunner.java:60)
	at org.gradle.internal.operations.DefaultBuildOperationRunner.call(DefaultBuildOperationRunner.java:54)
	at org.gradle.internal.execution.steps.BuildOperationStep.operation(BuildOperationStep.java:35)
	at org.gradle.internal.execution.steps.CaptureMutableStateBeforeExecutionStep.captureExecutionState(CaptureMutableStateBeforeExecutionStep.java:92)
	at org.gradle.internal.execution.steps.CaptureMutableStateBeforeExecutionStep.executeMutable(CaptureMutableStateBeforeExecutionStep.java:73)
	at org.gradle.internal.execution.steps.CaptureMutableStateBeforeExecutionStep.execute(CaptureMutableStateBeforeExecutionStep.java:65)
	at org.gradle.internal.execution.steps.CaptureMutableStateBeforeExecutionStep.execute(CaptureMutableStateBeforeExecutionStep.java:45)
	at org.gradle.internal.execution.steps.SkipEmptyMutableWorkStep.executeWithNonEmptySources(SkipEmptyMutableWorkStep.java:210)
	at org.gradle.internal.execution.steps.SkipEmptyMutableWorkStep.executeMutable(SkipEmptyMutableWorkStep.java:85)
	at org.gradle.internal.execution.steps.SkipEmptyMutableWorkStep.executeMutable(SkipEmptyMutableWorkStep.java:53)
	at org.gradle.internal.execution.steps.MutableStep.execute(MutableStep.java:26)
	at org.gradle.internal.execution.steps.legacy.MarkSnapshottingInputsStartedStep.execute(MarkSnapshottingInputsStartedStep.java:38)
	at org.gradle.internal.execution.steps.LoadPreviousExecutionStateStep.executeMutable(LoadPreviousExecutionStateStep.java:36)
	at org.gradle.internal.execution.steps.LoadPreviousExecutionStateStep.executeMutable(LoadPreviousExecutionStateStep.java:23)
	at org.gradle.internal.execution.steps.MutableStep.execute(MutableStep.java:26)
	at org.gradle.internal.execution.steps.HandleStaleOutputsStep.executeMutable(HandleStaleOutputsStep.java:77)
	at org.gradle.internal.execution.steps.HandleStaleOutputsStep.executeMutable(HandleStaleOutputsStep.java:43)
	at org.gradle.internal.execution.steps.MutableStep.execute(MutableStep.java:26)
	at org.gradle.internal.execution.steps.AssignMutableWorkspaceStep.lambda$executeMutable$0(AssignMutableWorkspaceStep.java:34)
	at org.gradle.api.internal.tasks.execution.TaskExecution$4.withWorkspace(TaskExecution.java:305)
	at org.gradle.internal.execution.steps.AssignMutableWorkspaceStep.executeMutable(AssignMutableWorkspaceStep.java:30)
	at org.gradle.internal.execution.steps.AssignMutableWorkspaceStep.executeMutable(AssignMutableWorkspaceStep.java:21)
	at org.gradle.internal.execution.steps.MutableStep.execute(MutableStep.java:26)
	at org.gradle.internal.execution.steps.ChoosePipelineStep.execute(ChoosePipelineStep.java:40)
	at org.gradle.internal.execution.steps.ChoosePipelineStep.execute(ChoosePipelineStep.java:23)
	at org.gradle.internal.execution.steps.ExecuteWorkBuildOperationFiringStep.lambda$execute$2(ExecuteWorkBuildOperationFiringStep.java:67)
	at java.base/java.util.Optional.orElseGet(Optional.java:364)
	at org.gradle.internal.execution.steps.ExecuteWorkBuildOperationFiringStep.execute(ExecuteWorkBuildOperationFiringStep.java:67)
	at org.gradle.internal.execution.steps.ExecuteWorkBuildOperationFiringStep.execute(ExecuteWorkBuildOperationFiringStep.java:39)
	at org.gradle.internal.execution.steps.IdentityCacheStep.execute(IdentityCacheStep.java:46)
	at org.gradle.internal.execution.steps.IdentityCacheStep.execute(IdentityCacheStep.java:34)
	at org.gradle.internal.execution.steps.IdentifyStep.execute(IdentifyStep.java:56)
	at org.gradle.internal.execution.steps.IdentifyStep.execute(IdentifyStep.java:38)
	at org.gradle.internal.execution.impl.DefaultExecutionEngine$1.execute(DefaultExecutionEngine.java:68)
	at org.gradle.api.internal.tasks.execution.ExecuteActionsTaskExecuter.executeIfValid(ExecuteActionsTaskExecuter.java:132)
	at org.gradle.api.internal.tasks.execution.ExecuteActionsTaskExecuter.execute(ExecuteActionsTaskExecuter.java:121)
	at org.gradle.api.internal.tasks.execution.ProblemsTaskPathTrackingTaskExecuter.execute(ProblemsTaskPathTrackingTaskExecuter.java:41)
	at org.gradle.api.internal.tasks.execution.ResolveTaskExecutionModeExecuter.execute(ResolveTaskExecutionModeExecuter.java:51)
	at org.gradle.api.internal.tasks.execution.FinalizePropertiesTaskExecuter.execute(FinalizePropertiesTaskExecuter.java:46)
	at org.gradle.api.internal.tasks.execution.SkipTaskWithNoActionsExecuter.execute(SkipTaskWithNoActionsExecuter.java:57)
	at org.gradle.api.internal.tasks.execution.SkipOnlyIfTaskExecuter.execute(SkipOnlyIfTaskExecuter.java:74)
	at org.gradle.api.internal.tasks.execution.CatchExceptionTaskExecuter.execute(CatchExceptionTaskExecuter.java:36)
	... 26 more
Caused by: org.gradle.internal.resolve.ModuleVersionResolveException: Could not resolve com.tom-roush:pdfbox-android:2.0.27.0.
Required by:
    project ':app'
Caused by: org.gradle.internal.resolve.ModuleVersionResolveException: Repository MavenRepo is disabled due to earlier error below:
Caused by: org.gradle.internal.resolve.ArtifactResolveException: Could not download org.jetbrains.kotlin.jvm.gradle.plugin-2.4.10.jar (org.jetbrains.kotlin.jvm:org.jetbrains.kotlin.jvm.gradle.plugin:2.4.10)
	at org.gradle.api.internal.artifacts.ivyservice.ivyresolve.ErrorHandlingModuleComponentRepository$ErrorHandlingModuleComponentRepositoryAccess.lambda$resolveArtifact$14(ErrorHandlingModuleComponentRepository.java:190)
	at org.gradle.api.internal.artifacts.ivyservice.ivyresolve.ErrorHandlingModuleComponentRepository$ErrorHandlingModuleComponentRepositoryAccess.tryResolveAndMaybeDisable(ErrorHandlingModuleComponentRepository.java:260)
	at org.gradle.api.internal.artifacts.ivyservice.ivyresolve.ErrorHandlingModuleComponentRepository$ErrorHandlingModuleComponentRepositoryAccess.performOperationWithRetries(ErrorHandlingModuleComponentRepository.java:204)
	at org.gradle.api.internal.artifacts.ivyservice.ivyresolve.ErrorHandlingModuleComponentRepository$ErrorHandlingModuleComponentRepositoryAccess.resolveArtifact(ErrorHandlingModuleComponentRepository.java:178)
	at org.gradle.api.internal.artifacts.ivyservice.ivyresolve.RepositoryChainArtifactResolver.resolveArtifactLater(RepositoryChainArtifactResolver.java:75)
	at org.gradle.api.internal.artifacts.ivyservice.ivyresolve.RepositoryChainArtifactResolver.lambda$resolveArtifact$0(RepositoryChainArtifactResolver.java:63)
	at org.gradle.internal.model.CalculatedValueContainerFactory$SupplierBackedCalculator.calculateValue(CalculatedValueContainerFactory.java:69)
	at org.gradle.internal.model.CalculatedValueContainer$CalculationState.lambda$attachValue$0(CalculatedValueContainer.java:227)
	at org.gradle.internal.Try.ofFailable(Try.java:46)
	at org.gradle.internal.model.CalculatedValueContainer$CalculationState.attachValue(CalculatedValueContainer.java:222)
	at org.gradle.internal.model.CalculatedValueContainer.finalizeIfNotAlready(CalculatedValueContainer.java:195)
	at org.gradle.internal.model.CalculatedValueContainer.finalizeIfNotAlready(CalculatedValueContainer.java:186)
	at org.gradle.api.internal.artifacts.DefaultResolvableArtifact.getFile(DefaultResolvableArtifact.java:140)
	at org.gradle.internal.resolve.resolver.DefaultComponentArtifactResolver.resolveArtifacts(DefaultComponentArtifactResolver.java:50)
	at org.gradle.api.internal.artifacts.ivyservice.resolveengine.artifact.ArtifactBackedResolvedVariant.getArtifacts(ArtifactBackedResolvedVariant.java:80)
	at org.gradle.api.internal.artifacts.transform.AttributeMatchingArtifactVariantSelector.doSelect(AttributeMatchingArtifactVariantSelector.java:88)
	at org.gradle.api.internal.artifacts.transform.AttributeMatchingArtifactVariantSelector.select(AttributeMatchingArtifactVariantSelector.java:70)
	at org.gradle.api.internal.artifacts.ivyservice.resolveengine.artifact.VariantResolvingArtifactSet.select(VariantResolvingArtifactSet.java:110)
	at org.gradle.api.internal.artifacts.ivyservice.resolveengine.artifact.DefaultVisitedArtifactResults.select(DefaultVisitedArtifactResults.java:43)
	at org.gradle.api.internal.artifacts.ivyservice.resolveengine.artifact.DefaultVisitedArtifactSet.select(DefaultVisitedArtifactSet.java:97)
	at org.gradle.api.internal.artifacts.resolver.DefaultResolutionOutputs$DefaultArtifactView.selectArtifacts(DefaultResolutionOutputs.java:204)
	at org.gradle.api.internal.artifacts.configurations.ResolutionResultProvider$1.getValue(ResolutionResultProvider.java:54)
	at org.gradle.api.internal.artifacts.configurations.ResolutionResultProviderBackedSelectedArtifactSet.visitArtifacts(ResolutionResultProviderBackedSelectedArtifactSet.java:50)
	at org.gradle.api.internal.artifacts.configurations.DefaultArtifactCollection.lambda$new$0(DefaultArtifactCollection.java:61)
	at org.gradle.internal.model.CalculatedValueContainerFactory$SupplierBackedCalculator.calculateValue(CalculatedValueContainerFactory.java:69)
	at org.gradle.internal.model.CalculatedValueContainer$CalculationState.lambda$attachValue$0(CalculatedValueContainer.java:227)
	at org.gradle.internal.Try.ofFailable(Try.java:46)
	at org.gradle.internal.model.CalculatedValueContainer$CalculationState.attachValue(CalculatedValueContainer.java:222)
	at org.gradle.internal.model.CalculatedValueContainer.finalizeIfNotAlready(CalculatedValueContainer.java:195)
	at org.gradle.internal.model.CalculatedValueContainer.finalizeIfNotAlready(CalculatedValueContainer.java:186)
	at org.gradle.api.internal.artifacts.configurations.DefaultArtifactCollection.ensureResolved(DefaultArtifactCollection.java:123)
	at org.gradle.api.internal.artifacts.configurations.DefaultArtifactCollection.getFailures(DefaultArtifactCollection.java:112)
	at org.gradle.plugin.use.resolve.internal.ArtifactRepositoriesPluginResolver.exists(ArtifactRepositoriesPluginResolver.java:186)
	at org.gradle.plugin.use.resolve.internal.ArtifactRepositoriesPluginResolver.resolve(ArtifactRepositoriesPluginResolver.java:65)
	at org.gradle.plugin.use.resolve.internal.CompositePluginResolver.resolve(CompositePluginResolver.java:36)
	at org.gradle.plugin.use.resolve.internal.AlreadyOnClasspathPluginResolver.resolve(AlreadyOnClasspathPluginResolver.java:64)
	at org.gradle.plugin.use.internal.DefaultPluginRequestApplicator.resolvePluginRequest(DefaultPluginRequestApplicator.java:190)
	at org.gradle.plugin.use.internal.DefaultPluginRequestApplicator.applyPlugins(DefaultPluginRequestApplicator.java:102)
	at org.gradle.kotlin.dsl.provider.PluginRequestsHandler.handle(PluginRequestsHandler.kt:45)
	at org.gradle.kotlin.dsl.provider.StandardKotlinScriptEvaluator$InterpreterHost.applyPluginsTo(KotlinScriptEvaluator.kt:246)
	at org.gradle.kotlin.dsl.execution.Interpreter$ProgramHost.applyPluginsTo(Interpreter.kt:395)
	at Program.execute(Unknown Source)
	at org.gradle.kotlin.dsl.execution.Interpreter$ProgramHost.eval(Interpreter.kt:526)
	at org.gradle.kotlin.dsl.execution.Interpreter.eval(Interpreter.kt:219)
	at org.gradle.kotlin.dsl.provider.StandardKotlinScriptEvaluator.evaluate(KotlinScriptEvaluator.kt:135)
	at org.gradle.kotlin.dsl.provider.KotlinScriptPluginFactory.create$lambda$0(KotlinScriptPluginFactory.kt:61)
	at org.gradle.kotlin.dsl.provider.KotlinScriptPlugin.apply(KotlinScriptPlugin.kt:35)
	at org.gradle.configuration.BuildOperationScriptPlugin$1.run(BuildOperationScriptPlugin.java:68)
	at org.gradle.internal.operations.DefaultBuildOperationRunner$1.execute(DefaultBuildOperationRunner.java:30)
	at org.gradle.internal.operations.DefaultBuildOperationRunner$1.execute(DefaultBuildOperationRunner.java:27)
	at org.gradle.internal.operations.DefaultBuildOperationRunner$2.execute(DefaultBuildOperationRunner.java:67)
	at org.gradle.internal.operations.DefaultBuildOperationRunner$2.execute(DefaultBuildOperationRunner.java:60)
	at org.gradle.internal.operations.DefaultBuildOperationRunner.execute(DefaultBuildOperationRunner.java:167)
	at org.gradle.internal.operations.DefaultBuildOperationRunner.execute(DefaultBuildOperationRunner.java:60)
	at org.gradle.internal.operations.DefaultBuildOperationRunner.run(DefaultBuildOperationRunner.java:48)
	at org.gradle.configuration.BuildOperationScriptPlugin.lambda$apply$0(BuildOperationScriptPlugin.java:65)
	at org.gradle.internal.code.DefaultUserCodeApplicationContext.apply(DefaultUserCodeApplicationContext.java:44)
	at org.gradle.configuration.BuildOperationScriptPlugin.apply(BuildOperationScriptPlugin.java:65)
	at org.gradle.api.internal.project.DefaultProjectStateRegistry$ProjectStateImpl.lambda$applyToMutableState$0(DefaultProjectStateRegistry.java:443)
	at org.gradle.api.internal.project.DefaultProjectStateRegistry$ProjectStateImpl.lambda$fromMutableState$1(DefaultProjectStateRegistry.java:450)
	at org.gradle.api.internal.project.DefaultProjectStateRegistry$ProjectStateImpl.runWithModelLock(DefaultProjectStateRegistry.java:466)
	at org.gradle.api.internal.project.DefaultProjectStateRegistry$ProjectStateImpl.fromMutableState(DefaultProjectStateRegistry.java:450)
	at org.gradle.api.internal.project.DefaultProjectStateRegistry$ProjectStateImpl.applyToMutableState(DefaultProjectStateRegistry.java:442)
	at org.gradle.configuration.project.BuildScriptProcessor.execute(BuildScriptProcessor.java:46)
	at org.gradle.configuration.project.BuildScriptProcessor.execute(BuildScriptProcessor.java:27)
	at org.gradle.configuration.project.ConfigureActionsProjectEvaluator.evaluate(ConfigureActionsProjectEvaluator.java:35)
	at org.gradle.configuration.project.LifecycleProjectEvaluator$EvaluateProject.lambda$run$0(LifecycleProjectEvaluator.java:109)
	at org.gradle.api.internal.project.DefaultProjectStateRegistry$ProjectStateImpl.lambda$applyToMutableState$0(DefaultProjectStateRegistry.java:443)
	at org.gradle.api.internal.project.DefaultProjectStateRegistry$ProjectStateImpl.lambda$fromMutableState$1(DefaultProjectStateRegistry.java:450)
	at org.gradle.internal.work.DefaultWorkerLeaseService.lambda$withLocksAcquired$0(DefaultWorkerLeaseService.java:275)
	at org.gradle.internal.work.ResourceLockStatistics$1.measure(ResourceLockStatistics.java:43)
	at org.gradle.internal.work.DefaultWorkerLeaseService.withLocksAcquired(DefaultWorkerLeaseService.java:273)
	at org.gradle.internal.work.DefaultWorkerLeaseService.lambda$withReplacedLocks$3(DefaultWorkerLeaseService.java:371)
	at org.gradle.internal.work.DefaultWorkerLeaseService.withoutLocks(DefaultWorkerLeaseService.java:343)
	at org.gradle.internal.work.DefaultWorkerLeaseService.withReplacedLocks(DefaultWorkerLeaseService.java:370)
	at org.gradle.api.internal.project.DefaultProjectStateRegistry$ProjectStateImpl.runWithModelLock(DefaultProjectStateRegistry.java:471)
	at org.gradle.api.internal.project.DefaultProjectStateRegistry$ProjectStateImpl.fromMutableState(DefaultProjectStateRegistry.java:450)
	at org.gradle.api.internal.project.DefaultProjectStateRegistry$ProjectStateImpl.applyToMutableState(DefaultProjectStateRegistry.java:442)
	at org.gradle.configuration.project.LifecycleProjectEvaluator$EvaluateProject.run(LifecycleProjectEvaluator.java:100)
	at org.gradle.internal.operations.DefaultBuildOperationRunner$1.execute(DefaultBuildOperationRunner.java:30)
	at org.gradle.internal.operations.DefaultBuildOperationRunner$1.execute(DefaultBuildOperationRunner.java:27)
	at org.gradle.internal.operations.DefaultBuildOperationRunner$2.execute(DefaultBuildOperationRunner.java:67)
	at org.gradle.internal.operations.DefaultBuildOperationRunner$2.execute(DefaultBuildOperationRunner.java:60)
	at org.gradle.internal.operations.DefaultBuildOperationRunner.execute(DefaultBuildOperationRunner.java:167)
	at org.gradle.internal.operations.DefaultBuildOperationRunner.execute(DefaultBuildOperationRunner.java:60)
	at org.gradle.internal.operations.DefaultBuildOperationRunner.run(DefaultBuildOperationRunner.java:48)
	at org.gradle.configuration.project.LifecycleProjectEvaluator.evaluate(LifecycleProjectEvaluator.java:72)
	at org.gradle.api.internal.project.DefaultProject.evaluateUnchecked(DefaultProject.java:796)
	at org.gradle.api.internal.project.ProjectLifecycleController.lambda$ensureSelfConfigured$2(ProjectLifecycleController.java:93)
	at org.gradle.internal.model.StateTransitionController.lambda$doTransition$15(StateTransitionController.java:293)
	at org.gradle.internal.model.StateTransitionController.doTransition(StateTransitionController.java:304)
	at org.gradle.internal.model.StateTransitionController.doTransition(StateTransitionController.java:292)
	at org.gradle.internal.model.StateTransitionController.lambda$maybeTransitionIfNotCurrentlyTransitioning$11(StateTransitionController.java:237)
	at org.gradle.internal.work.DefaultSynchronizer.withLock(DefaultSynchronizer.java:35)
	at org.gradle.internal.model.StateTransitionController.maybeTransitionIfNotCurrentlyTransitioning(StateTransitionController.java:233)
	at org.gradle.api.internal.project.ProjectLifecycleController.ensureSelfConfigured(ProjectLifecycleController.java:93)
	at org.gradle.api.internal.project.DefaultProjectStateRegistry$ProjectStateImpl.ensureConfigured(DefaultProjectStateRegistry.java:408)
	at org.gradle.execution.TaskPathProjectEvaluator.configure(TaskPathProjectEvaluator.java:71)
	at org.gradle.execution.TaskPathProjectEvaluator.configureHierarchy(TaskPathProjectEvaluator.java:85)
	at org.gradle.configuration.DefaultProjectsPreparer.prepareProjects(DefaultProjectsPreparer.java:50)
	at org.gradle.configuration.BuildTreePreparingProjectsPreparer.prepareProjects(BuildTreePreparingProjectsPreparer.java:65)
	at org.gradle.configuration.BuildOperationFiringProjectsPreparer$ConfigureBuild.run(BuildOperationFiringProjectsPreparer.java:52)
	at org.gradle.internal.operations.DefaultBuildOperationRunner$1.execute(DefaultBuildOperationRunner.java:30)
	at org.gradle.internal.operations.DefaultBuildOperationRunner$1.execute(DefaultBuildOperationRunner.java:27)
	at org.gradle.internal.operations.DefaultBuildOperationRunner$2.execute(DefaultBuildOperationRunner.java:67)
	at org.gradle.internal.operations.DefaultBuildOperationRunner$2.execute(DefaultBuildOperationRunner.java:60)
	at org.gradle.internal.operations.DefaultBuildOperationRunner.execute(DefaultBuildOperationRunner.java:167)
	at org.gradle.internal.operations.DefaultBuildOperationRunner.execute(DefaultBuildOperationRunner.java:60)
	at org.gradle.internal.operations.DefaultBuildOperationRunner.run(DefaultBuildOperationRunner.java:48)
	at org.gradle.configuration.BuildOperationFiringProjectsPreparer.prepareProjects(BuildOperationFiringProjectsPreparer.java:40)
	at org.gradle.initialization.VintageBuildModelController.lambda$prepareProjects$2(VintageBuildModelController.java:83)
	at org.gradle.internal.model.StateTransitionController.lambda$doTransition$15(StateTransitionController.java:293)
	at org.gradle.internal.model.StateTransitionController.doTransition(StateTransitionController.java:304)
	at org.gradle.internal.model.StateTransitionController.doTransition(StateTransitionController.java:292)
	at org.gradle.internal.model.StateTransitionController.lambda$transitionIfNotPreviously$12(StateTransitionController.java:251)
	at org.gradle.internal.work.DefaultSynchronizer.withLock(DefaultSynchronizer.java:35)
	at org.gradle.internal.model.StateTransitionController.transitionIfNotPreviously(StateTransitionController.java:247)
	at org.gradle.initialization.VintageBuildModelController.prepareProjects(VintageBuildModelController.java:83)
	at org.gradle.initialization.VintageBuildModelController.prepareToScheduleTasks(VintageBuildModelController.java:70)
	at org.gradle.internal.build.DefaultBuildLifecycleController.lambda$prepareToScheduleTasks$7(DefaultBuildLifecycleController.java:185)
	at org.gradle.internal.model.StateTransitionController.lambda$doTransition$15(StateTransitionController.java:293)
	at org.gradle.internal.model.StateTransitionController.doTransition(StateTransitionController.java:304)
	at org.gradle.internal.model.StateTransitionController.doTransition(StateTransitionController.java:292)
	at org.gradle.internal.model.StateTransitionController.lambda$maybeTransition$10(StateTransitionController.java:228)
	at org.gradle.internal.work.DefaultSynchronizer.withLock(DefaultSynchronizer.java:35)
	at org.gradle.internal.model.StateTransitionController.maybeTransition(StateTransitionController.java:224)
	at org.gradle.internal.build.DefaultBuildLifecycleController.prepareToScheduleTasks(DefaultBuildLifecycleController.java:183)
	at org.gradle.internal.buildtree.DefaultBuildTreeWorkPreparer.scheduleRequestedTasks(DefaultBuildTreeWorkPreparer.java:35)
	at org.gradle.internal.cc.impl.barrier.BarrierAwareBuildTreeWorkPreparer.scheduleRequestedTasks$lambda$0(BarrierAwareBuildTreeWorkPreparer.kt:34)
	at org.gradle.internal.cc.impl.barrier.VintageConfigurationTimeActionRunner.runConfigurationTimeAction(VintageConfigurationTimeActionRunner.kt:48)
	at org.gradle.internal.cc.impl.barrier.BarrierAwareBuildTreeWorkPreparer.scheduleRequestedTasks(BarrierAwareBuildTreeWorkPreparer.kt:33)
	at org.gradle.internal.cc.impl.VintageBuildTreeWorkController$scheduleAndRunRequestedTasks$1$finalizedGraph$1.call(VintageBuildTreeWorkController.kt:37)
	at org.gradle.internal.cc.impl.VintageBuildTreeWorkController$scheduleAndRunRequestedTasks$1$finalizedGraph$1.call(VintageBuildTreeWorkController.kt:37)
	at org.gradle.internal.Try.ofFailable(Try.java:46)
	at org.gradle.internal.cc.impl.VintageBuildTreeWorkController$scheduleAndRunRequestedTasks$1.apply(VintageBuildTreeWorkController.kt:37)
	at org.gradle.internal.cc.impl.VintageBuildTreeWorkController$scheduleAndRunRequestedTasks$1.apply(VintageBuildTreeWorkController.kt:36)
	at org.gradle.composite.internal.DefaultIncludedBuildTaskGraph.withNewWorkGraph(DefaultIncludedBuildTaskGraph.java:115)
	at org.gradle.internal.cc.impl.VintageBuildTreeWorkController.scheduleAndRunRequestedTasks(VintageBuildTreeWorkController.kt:36)
	at org.gradle.internal.buildtree.DefaultBuildTreeLifecycleController.lambda$scheduleAndRunTasks$1(DefaultBuildTreeLifecycleController.java:84)
	at org.gradle.internal.buildtree.DefaultBuildTreeLifecycleController.lambda$runBuild$5(DefaultBuildTreeLifecycleController.java:142)
	at org.gradle.internal.model.StateTransitionController.lambda$transition$7(StateTransitionController.java:207)
	at org.gradle.internal.model.StateTransitionController.doTransition(StateTransitionController.java:304)
	at org.gradle.internal.model.StateTransitionController.lambda$transition$8(StateTransitionController.java:207)
	at org.gradle.internal.work.DefaultSynchronizer.withLock(DefaultSynchronizer.java:45)
	at org.gradle.internal.model.StateTransitionController.transition(StateTransitionController.java:207)
	at org.gradle.internal.buildtree.DefaultBuildTreeLifecycleController.runBuild(DefaultBuildTreeLifecycleController.java:139)
	at org.gradle.internal.buildtree.DefaultBuildTreeLifecycleController.scheduleAndRunTasks(DefaultBuildTreeLifecycleController.java:84)
	at org.gradle.internal.buildtree.DefaultBuildTreeLifecycleController.scheduleAndRunTasks(DefaultBuildTreeLifecycleController.java:79)
	at org.gradle.tooling.internal.provider.ExecuteBuildActionRunner.run(ExecuteBuildActionRunner.java:31)
	at org.gradle.launcher.exec.ChainingBuildActionRunner.run(ChainingBuildActionRunner.java:35)
	at org.gradle.internal.buildtree.ProblemReportingBuildActionRunner.run(ProblemReportingBuildActionRunner.java:54)
	at org.gradle.launcher.exec.BuildOutcomeReportingBuildActionRunner.run(BuildOutcomeReportingBuildActionRunner.java:83)
	at org.gradle.tooling.internal.provider.FileSystemWatchingBuildActionRunner.run(FileSystemWatchingBuildActionRunner.java:135)
	at org.gradle.launcher.exec.BuildCompletionNotifyingBuildActionRunner.run(BuildCompletionNotifyingBuildActionRunner.java:54)
	at org.gradle.launcher.exec.RootBuildLifecycleBuildActionExecutor.lambda$execute$0(RootBuildLifecycleBuildActionExecutor.java:101)
	at org.gradle.composite.internal.DefaultRootBuildState.run(DefaultRootBuildState.java:126)
	at org.gradle.launcher.exec.RootBuildLifecycleBuildActionExecutor.execute(RootBuildLifecycleBuildActionExecutor.java:101)
	at org.gradle.launcher.exec.BuildTreeLifecycleBuildActionExecutor.runRootBuildAction(BuildTreeLifecycleBuildActionExecutor.java:104)
	at org.gradle.launcher.exec.BuildTreeLifecycleBuildActionExecutor.execute(BuildTreeLifecycleBuildActionExecutor.java:74)
	at org.gradle.launcher.exec.RunAsBuildOperationBuildActionExecutor$2.call(RunAsBuildOperationBuildActionExecutor.java:65)
	at org.gradle.launcher.exec.RunAsBuildOperationBuildActionExecutor$2.call(RunAsBuildOperationBuildActionExecutor.java:61)
	at org.gradle.internal.operations.DefaultBuildOperationRunner$CallableBuildOperationWorker.execute(DefaultBuildOperationRunner.java:210)
	at org.gradle.internal.operations.DefaultBuildOperationRunner$CallableBuildOperationWorker.execute(DefaultBuildOperationRunner.java:205)
	at org.gradle.internal.operations.DefaultBuildOperationRunner$2.execute(DefaultBuildOperationRunner.java:67)
	at org.gradle.internal.operations.DefaultBuildOperationRunner$2.execute(DefaultBuildOperationRunner.java:60)
	at org.gradle.internal.operations.DefaultBuildOperationRunner.execute(DefaultBuildOperationRunner.java:167)
	at org.gradle.internal.operations.DefaultBuildOperationRunner.execute(DefaultBuildOperationRunner.java:60)
	at org.gradle.internal.operations.DefaultBuildOperationRunner.call(DefaultBuildOperationRunner.java:54)
	at org.gradle.launcher.exec.RunAsBuildOperationBuildActionExecutor.execute(RunAsBuildOperationBuildActionExecutor.java:61)
	at org.gradle.launcher.exec.RunAsWorkerThreadBuildActionExecutor.lambda$execute$0(RunAsWorkerThreadBuildActionExecutor.java:36)
	at org.gradle.internal.work.DefaultWorkerLeaseService.lambda$withLocksAcquired$0(DefaultWorkerLeaseService.java:275)
	at org.gradle.internal.work.ResourceLockStatistics$1.measure(ResourceLockStatistics.java:43)
	at org.gradle.internal.work.DefaultWorkerLeaseService.withLocksAcquired(DefaultWorkerLeaseService.java:273)
	at org.gradle.internal.work.DefaultWorkerLeaseService.withLocks(DefaultWorkerLeaseService.java:265)
	at org.gradle.internal.work.DefaultWorkerLeaseService.runAsWorkerThread(DefaultWorkerLeaseService.java:128)
	at org.gradle.launcher.exec.RunAsWorkerThreadBuildActionExecutor.execute(RunAsWorkerThreadBuildActionExecutor.java:36)
	at org.gradle.tooling.internal.provider.continuous.ContinuousBuildActionExecutor.execute(ContinuousBuildActionExecutor.java:110)
	at org.gradle.tooling.internal.provider.SubscribableBuildActionExecutor.execute(SubscribableBuildActionExecutor.java:64)
	at org.gradle.internal.session.DefaultBuildSessionContext.execute(DefaultBuildSessionContext.java:46)
	at org.gradle.internal.buildprocess.execution.BuildSessionLifecycleBuildActionExecutor$ActionImpl.apply(BuildSessionLifecycleBuildActionExecutor.java:106)
	at org.gradle.internal.buildprocess.execution.BuildSessionLifecycleBuildActionExecutor$ActionImpl.apply(BuildSessionLifecycleBuildActionExecutor.java:94)
	at org.gradle.internal.session.BuildSessionState.run(BuildSessionState.java:73)
	at org.gradle.internal.buildprocess.execution.BuildSessionLifecycleBuildActionExecutor.execute(BuildSessionLifecycleBuildActionExecutor.java:67)
	at org.gradle.internal.buildprocess.execution.BuildSessionLifecycleBuildActionExecutor.execute(BuildSessionLifecycleBuildActionExecutor.java:45)
	at org.gradle.internal.buildprocess.execution.StartParamsValidatingActionExecutor.execute(StartParamsValidatingActionExecutor.java:57)
	at org.gradle.internal.buildprocess.execution.StartParamsValidatingActionExecutor.execute(StartParamsValidatingActionExecutor.java:32)
	at org.gradle.internal.buildprocess.execution.SessionFailureReportingActionExecutor.execute(SessionFailureReportingActionExecutor.java:51)
	at org.gradle.internal.buildprocess.execution.SessionFailureReportingActionExecutor.execute(SessionFailureReportingActionExecutor.java:39)
	at org.gradle.internal.buildprocess.execution.SetupLoggingActionExecutor.execute(SetupLoggingActionExecutor.java:47)
	at org.gradle.internal.buildprocess.execution.SetupLoggingActionExecutor.execute(SetupLoggingActionExecutor.java:31)
	at org.gradle.launcher.daemon.server.exec.ExecuteBuild.doBuild(ExecuteBuild.java:70)
	at org.gradle.launcher.daemon.server.exec.BuildCommandOnly.execute(BuildCommandOnly.java:37)
	at org.gradle.launcher.daemon.server.api.DaemonCommandExecution.proceed(DaemonCommandExecution.java:104)
	at org.gradle.launcher.daemon.server.exec.WatchForDisconnection.execute(WatchForDisconnection.java:39)
	at org.gradle.launcher.daemon.server.api.DaemonCommandExecution.proceed(DaemonCommandExecution.java:104)
	at org.gradle.launcher.daemon.server.exec.ResetDeprecationLogger.execute(ResetDeprecationLogger.java:29)
	at org.gradle.launcher.daemon.server.api.DaemonCommandExecution.proceed(DaemonCommandExecution.java:104)
	at org.gradle.launcher.daemon.server.exec.RequestStopIfSingleUsedDaemon.execute(RequestStopIfSingleUsedDaemon.java:35)
	at org.gradle.launcher.daemon.server.api.DaemonCommandExecution.proceed(DaemonCommandExecution.java:104)
	at org.gradle.launcher.daemon.server.exec.ForwardClientInput.lambda$execute$0(ForwardClientInput.java:40)
	at org.gradle.internal.daemon.clientinput.ClientInputForwarder.forwardInput(ClientInputForwarder.java:80)
	at org.gradle.launcher.daemon.server.exec.ForwardClientInput.execute(ForwardClientInput.java:37)
	at org.gradle.launcher.daemon.server.api.DaemonCommandExecution.proceed(DaemonCommandExecution.java:104)
	at org.gradle.launcher.daemon.server.exec.LogAndCheckHealth.execute(LogAndCheckHealth.java:53)
	at org.gradle.launcher.daemon.server.api.DaemonCommandExecution.proceed(DaemonCommandExecution.java:104)
	at org.gradle.launcher.daemon.server.exec.LogToClient.doBuild(LogToClient.java:63)
	at org.gradle.launcher.daemon.server.exec.BuildCommandOnly.execute(BuildCommandOnly.java:37)
	at org.gradle.launcher.daemon.server.api.DaemonCommandExecution.proceed(DaemonCommandExecution.java:104)
	at org.gradle.launcher.daemon.server.exec.EstablishBuildEnvironment.doBuild(EstablishBuildEnvironment.java:84)
	at org.gradle.launcher.daemon.server.exec.BuildCommandOnly.execute(BuildCommandOnly.java:37)
	at org.gradle.launcher.daemon.server.api.DaemonCommandExecution.proceed(DaemonCommandExecution.java:104)
	at org.gradle.launcher.daemon.server.exec.StartBuildOrRespondWithBusy$1.run(StartBuildOrRespondWithBusy.java:52)
	at org.gradle.launcher.daemon.server.DaemonStateCoordinator.lambda$runCommand$0(DaemonStateCoordinator.java:321)
	at org.gradle.internal.concurrent.ExecutorPolicy$CatchAndRecordFailures.onExecute(ExecutorPolicy.java:64)
	at org.gradle.internal.concurrent.AbstractManagedExecutor$1.run(AbstractManagedExecutor.java:47)
Caused by: org.gradle.api.resources.ResourceException: Could not get resource 'https://repo.maven.apache.org/maven2/org/jetbrains/kotlin/jvm/org.jetbrains.kotlin.jvm.gradle.plugin/2.4.10/org.jetbrains.kotlin.jvm.gradle.plugin-2.4.10.jar'.
	at org.gradle.internal.resource.ResourceExceptions.failure(ResourceExceptions.java:74)
	at org.gradle.internal.resource.ResourceExceptions.getFailed(ResourceExceptions.java:57)
	at org.gradle.api.internal.artifacts.repositories.resolver.DefaultExternalResourceArtifactResolver.staticResourceExists(DefaultExternalResourceArtifactResolver.java:83)
	at org.gradle.api.internal.artifacts.repositories.resolver.DefaultExternalResourceArtifactResolver.artifactExists(DefaultExternalResourceArtifactResolver.java:67)
	at org.gradle.api.internal.artifacts.repositories.resolver.ExternalResourceResolver$RemoteRepositoryAccess.resolveArtifact(ExternalResourceResolver.java:472)
	at org.gradle.api.internal.artifacts.ivyservice.ivyresolve.CachingModuleComponentRepository$ResolveAndCacheRepositoryAccess.resolveArtifact(CachingModuleComponentRepository.java:470)
	at org.gradle.api.internal.artifacts.ivyservice.ivyresolve.ErrorHandlingModuleComponentRepository$ErrorHandlingModuleComponentRepositoryAccess.lambda$resolveArtifact$12(ErrorHandlingModuleComponentRepository.java:180)
	at org.gradle.api.internal.artifacts.ivyservice.ivyresolve.ErrorHandlingModuleComponentRepository$ErrorHandlingModuleComponentRepositoryAccess.tryResolveAndMaybeDisable(ErrorHandlingModuleComponentRepository.java:251)
	... 213 more
Caused by: org.gradle.internal.resource.transport.http.HttpErrorStatusCodeException: Could not HEAD 'https://repo.maven.apache.org/maven2/org/jetbrains/kotlin/jvm/org.jetbrains.kotlin.jvm.gradle.plugin/2.4.10/org.jetbrains.kotlin.jvm.gradle.plugin-2.4.10.jar'. Received status code 429 from server: Too Many Requests
	at org.gradle.internal.resource.transport.http.ApacheCommonsHttpClient.processResponse(ApacheCommonsHttpClient.java:310)
	at org.gradle.internal.resource.transport.http.ApacheCommonsHttpClient.performHead(ApacheCommonsHttpClient.java:114)
	at org.gradle.internal.resource.transport.http.HttpResourceAccessor.getMetaData(HttpResourceAccessor.java:58)
	at org.gradle.internal.resource.transfer.DefaultExternalResourceConnector.getMetaData(DefaultExternalResourceConnector.java:66)
	at org.gradle.internal.resource.transfer.ProgressLoggingExternalResourceAccessor$MetadataOperation.call(ProgressLoggingExternalResourceAccessor.java:173)
	at org.gradle.internal.resource.transfer.ProgressLoggingExternalResourceAccessor$MetadataOperation.call(ProgressLoggingExternalResourceAccessor.java:161)
	at org.gradle.internal.operations.DefaultBuildOperationRunner$CallableBuildOperationWorker.execute(DefaultBuildOperationRunner.java:210)
	at org.gradle.internal.operations.DefaultBuildOperationRunner$CallableBuildOperationWorker.execute(DefaultBuildOperationRunner.java:205)
	at org.gradle.internal.operations.DefaultBuildOperationRunner$2.execute(DefaultBuildOperationRunner.java:67)
	at org.gradle.internal.operations.DefaultBuildOperationRunner$2.execute(DefaultBuildOperationRunner.java:60)
	at org.gradle.internal.operations.DefaultBuildOperationRunner.execute(DefaultBuildOperationRunner.java:167)
	at org.gradle.internal.operations.DefaultBuildOperationRunner.execute(DefaultBuildOperationRunner.java:60)
	at org.gradle.internal.operations.DefaultBuildOperationRunner.call(DefaultBuildOperationRunner.java:54)
	at org.gradle.internal.resource.transfer.ProgressLoggingExternalResourceAccessor.getMetaData(ProgressLoggingExternalResourceAccessor.java:55)
	at org.gradle.internal.resource.transfer.AccessorBackedExternalResource.getMetaData(AccessorBackedExternalResource.java:156)
	at org.gradle.api.internal.artifacts.repositories.resolver.DefaultExternalResourceArtifactResolver.staticResourceExists(DefaultExternalResourceArtifactResolver.java:79)
	... 218 more

==============================================================================

17: Task failed with an exception.
-----------
* What went wrong:
Execution failed for task ':app:mergeDebugNativeLibs'.
> Could not resolve all files for configuration ':app:debugRuntimeClasspath'.
   > Could not resolve com.tom-roush:pdfbox-android:2.0.27.0.
     Required by:
         project ':app'
      > Repository MavenRepo is disabled due to earlier error below:
         > Could not download org.jetbrains.kotlin.jvm.gradle.plugin-2.4.10.jar (org.jetbrains.kotlin.jvm:org.jetbrains.kotlin.jvm.gradle.plugin:2.4.10)
            > Could not get resource 'https://repo.maven.apache.org/maven2/org/jetbrains/kotlin/jvm/org.jetbrains.kotlin.jvm.gradle.plugin/2.4.10/org.jetbrains.kotlin.jvm.gradle.plugin-2.4.10.jar'.
               > Could not HEAD 'https://repo.maven.apache.org/maven2/org/jetbrains/kotlin/jvm/org.jetbrains.kotlin.jvm.gradle.plugin/2.4.10/org.jetbrains.kotlin.jvm.gradle.plugin-2.4.10.jar'. Received status code 429 from server: Too Many Requests

* Try:
> Run with --info or --debug option to get more log output.
> Run with --scan to get full insights from a Build Scan (powered by Develocity).
> Get more help at https://help.gradle.org.

* Exception is:
org.gradle.api.tasks.TaskExecutionException: Execution failed for task ':app:mergeDebugNativeLibs'.
	at org.gradle.api.internal.tasks.execution.CatchExceptionTaskExecuter.execute(CatchExceptionTaskExecuter.java:38)
	at org.gradle.api.internal.tasks.execution.EventFiringTaskExecuter$1.executeTask(EventFiringTaskExecuter.java:77)
	at org.gradle.api.internal.tasks.execution.EventFiringTaskExecuter$1.call(EventFiringTaskExecuter.java:55)
	at org.gradle.api.internal.tasks.execution.EventFiringTaskExecuter$1.call(EventFiringTaskExecuter.java:52)
	at org.gradle.internal.operations.DefaultBuildOperationRunner$CallableBuildOperationWorker.execute(DefaultBuildOperationRunner.java:210)
	at org.gradle.internal.operations.DefaultBuildOperationRunner$CallableBuildOperationWorker.execute(DefaultBuildOperationRunner.java:205)
	at org.gradle.internal.operations.DefaultBuildOperationRunner$2.execute(DefaultBuildOperationRunner.java:67)
	at org.gradle.internal.operations.DefaultBuildOperationRunner$2.execute(DefaultBuildOperationRunner.java:60)
	at org.gradle.internal.operations.DefaultBuildOperationRunner.execute(DefaultBuildOperationRunner.java:167)
	at org.gradle.internal.operations.DefaultBuildOperationRunner.execute(DefaultBuildOperationRunner.java:60)
	at org.gradle.internal.operations.DefaultBuildOperationRunner.call(DefaultBuildOperationRunner.java:54)
	at org.gradle.api.internal.tasks.execution.EventFiringTaskExecuter.execute(EventFiringTaskExecuter.java:52)
	at org.gradle.execution.plan.DefaultNodeExecutor.executeLocalTaskNode(DefaultNodeExecutor.java:55)
	at org.gradle.execution.plan.DefaultNodeExecutor.execute(DefaultNodeExecutor.java:34)
	at org.gradle.execution.taskgraph.DefaultTaskExecutionGraph$InvokeNodeExecutorsAction.execute(DefaultTaskExecutionGraph.java:355)
	at org.gradle.execution.taskgraph.DefaultTaskExecutionGraph$InvokeNodeExecutorsAction.execute(DefaultTaskExecutionGraph.java:343)
	at org.gradle.execution.taskgraph.DefaultTaskExecutionGraph$BuildOperationAwareExecutionAction.lambda$execute$0(DefaultTaskExecutionGraph.java:339)
	at org.gradle.internal.operations.CurrentBuildOperationRef.with(CurrentBuildOperationRef.java:84)
	at org.gradle.execution.taskgraph.DefaultTaskExecutionGraph$BuildOperationAwareExecutionAction.execute(DefaultTaskExecutionGraph.java:339)
	at org.gradle.execution.taskgraph.DefaultTaskExecutionGraph$BuildOperationAwareExecutionAction.execute(DefaultTaskExecutionGraph.java:328)
	at org.gradle.execution.plan.DefaultPlanExecutor$ExecutorWorker.execute(DefaultPlanExecutor.java:459)
	at org.gradle.execution.plan.DefaultPlanExecutor$ExecutorWorker.run(DefaultPlanExecutor.java:376)
	at org.gradle.execution.plan.DefaultPlanExecutor.process(DefaultPlanExecutor.java:111)
	at org.gradle.execution.taskgraph.DefaultTaskExecutionGraph.executeWithServices(DefaultTaskExecutionGraph.java:146)
	at org.gradle.execution.taskgraph.DefaultTaskExecutionGraph.execute(DefaultTaskExecutionGraph.java:131)
	at org.gradle.execution.SelectedTaskExecutionAction.execute(SelectedTaskExecutionAction.java:35)
	at org.gradle.execution.BuildOperationFiringBuildWorkerExecutor$ExecuteTasks.call(BuildOperationFiringBuildWorkerExecutor.java:54)
	at org.gradle.execution.BuildOperationFiringBuildWorkerExecutor$ExecuteTasks.call(BuildOperationFiringBuildWorkerExecutor.java:43)
	at org.gradle.internal.operations.DefaultBuildOperationRunner$CallableBuildOperationWorker.execute(DefaultBuildOperationRunner.java:210)
	at org.gradle.internal.operations.DefaultBuildOperationRunner$CallableBuildOperationWorker.execute(DefaultBuildOperationRunner.java:205)
	at org.gradle.internal.operations.DefaultBuildOperationRunner$2.execute(DefaultBuildOperationRunner.java:67)
	at org.gradle.internal.operations.DefaultBuildOperationRunner$2.execute(DefaultBuildOperationRunner.java:60)
	at org.gradle.internal.operations.DefaultBuildOperationRunner.execute(DefaultBuildOperationRunner.java:167)
	at org.gradle.internal.operations.DefaultBuildOperationRunner.execute(DefaultBuildOperationRunner.java:60)
	at org.gradle.internal.operations.DefaultBuildOperationRunner.call(DefaultBuildOperationRunner.java:54)
	at org.gradle.execution.BuildOperationFiringBuildWorkerExecutor.execute(BuildOperationFiringBuildWorkerExecutor.java:40)
	at org.gradle.internal.build.DefaultBuildLifecycleController.lambda$executeTasks$11(DefaultBuildLifecycleController.java:323)
	at org.gradle.internal.model.StateTransitionController.doTransition(StateTransitionController.java:304)
	at org.gradle.internal.model.StateTransitionController.lambda$tryTransition$9(StateTransitionController.java:215)
	at org.gradle.internal.work.DefaultSynchronizer.withLock(DefaultSynchronizer.java:45)
	at org.gradle.internal.model.StateTransitionController.tryTransition(StateTransitionController.java:215)
	at org.gradle.internal.build.DefaultBuildLifecycleController.executeTasks(DefaultBuildLifecycleController.java:314)
	at org.gradle.internal.build.DefaultBuildWorkGraphController$DefaultBuildWorkGraph.runWork(DefaultBuildWorkGraphController.java:220)
	at org.gradle.internal.work.DefaultWorkerLeaseService.lambda$withLocksAcquired$0(DefaultWorkerLeaseService.java:275)
	at org.gradle.internal.work.ResourceLockStatistics$1.measure(ResourceLockStatistics.java:43)
	at org.gradle.internal.work.DefaultWorkerLeaseService.withLocksAcquired(DefaultWorkerLeaseService.java:273)
	at org.gradle.internal.work.DefaultWorkerLeaseService.withLocks(DefaultWorkerLeaseService.java:265)
	at org.gradle.internal.work.DefaultWorkerLeaseService.runAsWorkerThread(DefaultWorkerLeaseService.java:128)
	at org.gradle.composite.internal.DefaultBuildController.doRun(DefaultBuildController.java:182)
	at org.gradle.composite.internal.DefaultBuildController.access$000(DefaultBuildController.java:50)
	at org.gradle.composite.internal.DefaultBuildController$BuildOpRunnable.lambda$run$0(DefaultBuildController.java:199)
	at org.gradle.internal.operations.CurrentBuildOperationRef.with(CurrentBuildOperationRef.java:84)
	at org.gradle.composite.internal.DefaultBuildController$BuildOpRunnable.run(DefaultBuildController.java:199)
	at java.base/java.util.concurrent.Executors$RunnableAdapter.call(Executors.java:572)
	at java.base/java.util.concurrent.FutureTask.run(FutureTask.java:317)
	at org.gradle.internal.concurrent.ExecutorPolicy$CatchAndRecordFailures.onExecute(ExecutorPolicy.java:64)
	at org.gradle.internal.concurrent.AbstractManagedExecutor$1.run(AbstractManagedExecutor.java:47)
	at java.base/java.util.concurrent.ThreadPoolExecutor.runWorker(ThreadPoolExecutor.java:1144)
	at java.base/java.util.concurrent.ThreadPoolExecutor$Worker.run(ThreadPoolExecutor.java:642)
	at java.base/java.lang.Thread.run(Thread.java:1583)
Caused by: org.gradle.api.internal.artifacts.ivyservice.TypedResolveException: Could not resolve all files for configuration ':app:debugRuntimeClasspath'.
	at org.gradle.api.internal.artifacts.ResolveExceptionMapper.mapFailure(ResolveExceptionMapper.java:73)
	at org.gradle.api.internal.artifacts.ResolveExceptionMapper.mapFailures(ResolveExceptionMapper.java:65)
	at org.gradle.api.internal.artifacts.configurations.DefaultConfiguration$DefaultResolutionHost.consolidateFailures(DefaultConfiguration.java:1789)
	at org.gradle.api.internal.artifacts.configurations.ResolutionHost.rethrowFailuresAndReportProblems(ResolutionHost.java:75)
	at org.gradle.api.internal.artifacts.configurations.ResolutionBackedFileCollection.maybeThrowResolutionFailures(ResolutionBackedFileCollection.java:86)
	at org.gradle.api.internal.artifacts.configurations.ResolutionBackedFileCollection.visitContents(ResolutionBackedFileCollection.java:76)
	at org.gradle.api.internal.file.AbstractFileCollection.getFiles(AbstractFileCollection.java:124)
	at org.gradle.api.internal.file.AbstractFileCollection.iterator(AbstractFileCollection.java:165)
	at org.gradle.api.internal.file.FilteredFileCollection.iterator(FilteredFileCollection.java:80)
	at com.google.common.collect.ImmutableSet.copyOf(ImmutableSet.java:224)
	at org.gradle.api.internal.file.collections.DefaultConfigurableFileCollection$2.visitCollection(DefaultConfigurableFileCollection.java:426)
	at org.gradle.api.internal.file.AbstractFileCollection.visitContents(AbstractFileCollection.java:366)
	at org.gradle.api.internal.file.AbstractFileCollection.visitStructure(AbstractFileCollection.java:361)
	at org.gradle.api.internal.file.collections.DefaultConfigurableFileCollection.lambda$calculateFinalizedValue$1(DefaultConfigurableFileCollection.java:423)
	at org.gradle.api.internal.file.collections.UnpackingVisitor.add(UnpackingVisitor.java:66)
	at org.gradle.api.internal.file.collections.DefaultConfigurableFileCollection$UnresolvedItemsCollector.visitContents(DefaultConfigurableFileCollection.java:635)
	at org.gradle.api.internal.file.collections.DefaultConfigurableFileCollection.calculateFinalizedValue(DefaultConfigurableFileCollection.java:423)
	at org.gradle.api.internal.file.collections.DefaultConfigurableFileCollection.finalizeNow(DefaultConfigurableFileCollection.java:125)
	at org.gradle.api.internal.file.collections.DefaultConfigurableFileCollection.lambda$visitChildren$2(DefaultConfigurableFileCollection.java:447)
	at org.gradle.api.internal.provider.ValueState.finalizeOnReadIfNeeded(ValueState.java:142)
	at org.gradle.api.internal.file.collections.DefaultConfigurableFileCollection.visitChildren(DefaultConfigurableFileCollection.java:447)
	at org.gradle.api.internal.file.CompositeFileCollection.visitContents(CompositeFileCollection.java:112)
	at org.gradle.api.internal.file.AbstractFileCollection.visitStructure(AbstractFileCollection.java:361)
	at org.gradle.api.internal.file.CompositeFileCollection.lambda$visitContents$0(CompositeFileCollection.java:112)
	at org.gradle.api.internal.file.collections.UnpackingVisitor.add(UnpackingVisitor.java:66)
	at org.gradle.api.internal.file.collections.UnpackingVisitor.add(UnpackingVisitor.java:91)
	at org.gradle.api.internal.file.DefaultFileCollectionFactory$ResolvingFileCollection.visitChildren(DefaultFileCollectionFactory.java:311)
	at org.gradle.api.internal.file.CompositeFileCollection.visitContents(CompositeFileCollection.java:112)
	at org.gradle.api.internal.file.AbstractFileCollection.visitStructure(AbstractFileCollection.java:361)
	at org.gradle.api.internal.file.CompositeFileCollection.lambda$visitContents$0(CompositeFileCollection.java:112)
	at org.gradle.api.internal.tasks.PropertyFileCollection.visitChildren(PropertyFileCollection.java:48)
	at org.gradle.api.internal.file.CompositeFileCollection.visitContents(CompositeFileCollection.java:112)
	at org.gradle.api.internal.file.AbstractFileCollection.visitStructure(AbstractFileCollection.java:361)
	at org.gradle.internal.fingerprint.impl.DefaultFileCollectionSnapshotter.snapshot(DefaultFileCollectionSnapshotter.java:48)
	at org.gradle.internal.execution.impl.DefaultInputFingerprinter$InputCollectingVisitor.visitInputFileProperty(DefaultInputFingerprinter.java:151)
	at org.gradle.internal.execution.steps.SkipEmptyMutableWorkStep$2.visitInputFileProperty(SkipEmptyMutableWorkStep.java:190)
	at org.gradle.api.internal.tasks.execution.TaskExecution.visitMutableInputs(TaskExecution.java:345)
	at org.gradle.internal.execution.steps.SkipEmptyMutableWorkStep.lambda$fingerprintPrimaryInputs$2(SkipEmptyMutableWorkStep.java:186)
	at org.gradle.internal.execution.impl.DefaultInputFingerprinter.fingerprintInputProperties(DefaultInputFingerprinter.java:77)
	at org.gradle.internal.execution.steps.SkipEmptyMutableWorkStep.fingerprintPrimaryInputs(SkipEmptyMutableWorkStep.java:181)
	at org.gradle.internal.execution.steps.SkipEmptyMutableWorkStep.executeMutable(SkipEmptyMutableWorkStep.java:81)
	at org.gradle.internal.execution.steps.SkipEmptyMutableWorkStep.executeMutable(SkipEmptyMutableWorkStep.java:53)
	at org.gradle.internal.execution.steps.MutableStep.execute(MutableStep.java:26)
	at org.gradle.internal.execution.steps.legacy.MarkSnapshottingInputsStartedStep.execute(MarkSnapshottingInputsStartedStep.java:38)
	at org.gradle.internal.execution.steps.LoadPreviousExecutionStateStep.executeMutable(LoadPreviousExecutionStateStep.java:36)
	at org.gradle.internal.execution.steps.LoadPreviousExecutionStateStep.executeMutable(LoadPreviousExecutionStateStep.java:23)
	at org.gradle.internal.execution.steps.MutableStep.execute(MutableStep.java:26)
	at org.gradle.internal.execution.steps.HandleStaleOutputsStep.executeMutable(HandleStaleOutputsStep.java:77)
	at org.gradle.internal.execution.steps.HandleStaleOutputsStep.executeMutable(HandleStaleOutputsStep.java:43)
	at org.gradle.internal.execution.steps.MutableStep.execute(MutableStep.java:26)
	at org.gradle.internal.execution.steps.AssignMutableWorkspaceStep.lambda$executeMutable$0(AssignMutableWorkspaceStep.java:34)
	at org.gradle.api.internal.tasks.execution.TaskExecution$4.withWorkspace(TaskExecution.java:305)
	at org.gradle.internal.execution.steps.AssignMutableWorkspaceStep.executeMutable(AssignMutableWorkspaceStep.java:30)
	at org.gradle.internal.execution.steps.AssignMutableWorkspaceStep.executeMutable(AssignMutableWorkspaceStep.java:21)
	at org.gradle.internal.execution.steps.MutableStep.execute(MutableStep.java:26)
	at org.gradle.internal.execution.steps.ChoosePipelineStep.execute(ChoosePipelineStep.java:40)
	at org.gradle.internal.execution.steps.ChoosePipelineStep.execute(ChoosePipelineStep.java:23)
	at org.gradle.internal.execution.steps.ExecuteWorkBuildOperationFiringStep.lambda$execute$2(ExecuteWorkBuildOperationFiringStep.java:67)
	at java.base/java.util.Optional.orElseGet(Optional.java:364)
	at org.gradle.internal.execution.steps.ExecuteWorkBuildOperationFiringStep.execute(ExecuteWorkBuildOperationFiringStep.java:67)
	at org.gradle.internal.execution.steps.ExecuteWorkBuildOperationFiringStep.execute(ExecuteWorkBuildOperationFiringStep.java:39)
	at org.gradle.internal.execution.steps.IdentityCacheStep.execute(IdentityCacheStep.java:46)
	at org.gradle.internal.execution.steps.IdentityCacheStep.execute(IdentityCacheStep.java:34)
	at org.gradle.internal.execution.steps.IdentifyStep.execute(IdentifyStep.java:56)
	at org.gradle.internal.execution.steps.IdentifyStep.execute(IdentifyStep.java:38)
	at org.gradle.internal.execution.impl.DefaultExecutionEngine$1.execute(DefaultExecutionEngine.java:68)
	at org.gradle.api.internal.tasks.execution.ExecuteActionsTaskExecuter.executeIfValid(ExecuteActionsTaskExecuter.java:132)
	at org.gradle.api.internal.tasks.execution.ExecuteActionsTaskExecuter.execute(ExecuteActionsTaskExecuter.java:121)
	at org.gradle.api.internal.tasks.execution.ProblemsTaskPathTrackingTaskExecuter.execute(ProblemsTaskPathTrackingTaskExecuter.java:41)
	at org.gradle.api.internal.tasks.execution.ResolveTaskExecutionModeExecuter.execute(ResolveTaskExecutionModeExecuter.java:51)
	at org.gradle.api.internal.tasks.execution.FinalizePropertiesTaskExecuter.execute(FinalizePropertiesTaskExecuter.java:46)
	at org.gradle.api.internal.tasks.execution.SkipTaskWithNoActionsExecuter.execute(SkipTaskWithNoActionsExecuter.java:57)
	at org.gradle.api.internal.tasks.execution.SkipOnlyIfTaskExecuter.execute(SkipOnlyIfTaskExecuter.java:74)
	at org.gradle.api.internal.tasks.execution.CatchExceptionTaskExecuter.execute(CatchExceptionTaskExecuter.java:36)
	... 59 more
Caused by: org.gradle.internal.resolve.ModuleVersionResolveException: Could not resolve com.tom-roush:pdfbox-android:2.0.27.0.
Required by:
    project ':app'
Caused by: org.gradle.internal.resolve.ModuleVersionResolveException: Repository MavenRepo is disabled due to earlier error below:
Caused by: org.gradle.internal.resolve.ArtifactResolveException: Could not download org.jetbrains.kotlin.jvm.gradle.plugin-2.4.10.jar (org.jetbrains.kotlin.jvm:org.jetbrains.kotlin.jvm.gradle.plugin:2.4.10)
	at org.gradle.api.internal.artifacts.ivyservice.ivyresolve.ErrorHandlingModuleComponentRepository$ErrorHandlingModuleComponentRepositoryAccess.lambda$resolveArtifact$14(ErrorHandlingModuleComponentRepository.java:190)
	at org.gradle.api.internal.artifacts.ivyservice.ivyresolve.ErrorHandlingModuleComponentRepository$ErrorHandlingModuleComponentRepositoryAccess.tryResolveAndMaybeDisable(ErrorHandlingModuleComponentRepository.java:260)
	at org.gradle.api.internal.artifacts.ivyservice.ivyresolve.ErrorHandlingModuleComponentRepository$ErrorHandlingModuleComponentRepositoryAccess.performOperationWithRetries(ErrorHandlingModuleComponentRepository.java:204)
	at org.gradle.api.internal.artifacts.ivyservice.ivyresolve.ErrorHandlingModuleComponentRepository$ErrorHandlingModuleComponentRepositoryAccess.resolveArtifact(ErrorHandlingModuleComponentRepository.java:178)
	at org.gradle.api.internal.artifacts.ivyservice.ivyresolve.RepositoryChainArtifactResolver.resolveArtifactLater(RepositoryChainArtifactResolver.java:75)
	at org.gradle.api.internal.artifacts.ivyservice.ivyresolve.RepositoryChainArtifactResolver.lambda$resolveArtifact$0(RepositoryChainArtifactResolver.java:63)
	at org.gradle.internal.model.CalculatedValueContainerFactory$SupplierBackedCalculator.calculateValue(CalculatedValueContainerFactory.java:69)
	at org.gradle.internal.model.CalculatedValueContainer$CalculationState.lambda$attachValue$0(CalculatedValueContainer.java:227)
	at org.gradle.internal.Try.ofFailable(Try.java:46)
	at org.gradle.internal.model.CalculatedValueContainer$CalculationState.attachValue(CalculatedValueContainer.java:222)
	at org.gradle.internal.model.CalculatedValueContainer.finalizeIfNotAlready(CalculatedValueContainer.java:195)
	at org.gradle.internal.model.CalculatedValueContainer.finalizeIfNotAlready(CalculatedValueContainer.java:186)
	at org.gradle.api.internal.artifacts.DefaultResolvableArtifact.getFile(DefaultResolvableArtifact.java:140)
	at org.gradle.internal.resolve.resolver.DefaultComponentArtifactResolver.resolveArtifacts(DefaultComponentArtifactResolver.java:50)
	at org.gradle.api.internal.artifacts.ivyservice.resolveengine.artifact.ArtifactBackedResolvedVariant.getArtifacts(ArtifactBackedResolvedVariant.java:80)
	at org.gradle.api.internal.artifacts.transform.AttributeMatchingArtifactVariantSelector.doSelect(AttributeMatchingArtifactVariantSelector.java:88)
	at org.gradle.api.internal.artifacts.transform.AttributeMatchingArtifactVariantSelector.select(AttributeMatchingArtifactVariantSelector.java:70)
	at org.gradle.api.internal.artifacts.ivyservice.resolveengine.artifact.VariantResolvingArtifactSet.select(VariantResolvingArtifactSet.java:110)
	at org.gradle.api.internal.artifacts.ivyservice.resolveengine.artifact.DefaultVisitedArtifactResults.select(DefaultVisitedArtifactResults.java:43)
	at org.gradle.api.internal.artifacts.ivyservice.resolveengine.artifact.DefaultVisitedArtifactSet.select(DefaultVisitedArtifactSet.java:97)
	at org.gradle.api.internal.artifacts.resolver.DefaultResolutionOutputs$DefaultArtifactView.selectArtifacts(DefaultResolutionOutputs.java:204)
	at org.gradle.api.internal.artifacts.configurations.ResolutionResultProvider$1.getValue(ResolutionResultProvider.java:54)
	at org.gradle.api.internal.artifacts.configurations.ResolutionResultProviderBackedSelectedArtifactSet.visitArtifacts(ResolutionResultProviderBackedSelectedArtifactSet.java:50)
	at org.gradle.api.internal.artifacts.configurations.DefaultArtifactCollection.lambda$new$0(DefaultArtifactCollection.java:61)
	at org.gradle.internal.model.CalculatedValueContainerFactory$SupplierBackedCalculator.calculateValue(CalculatedValueContainerFactory.java:69)
	at org.gradle.internal.model.CalculatedValueContainer$CalculationState.lambda$attachValue$0(CalculatedValueContainer.java:227)
	at org.gradle.internal.Try.ofFailable(Try.java:46)
	at org.gradle.internal.model.CalculatedValueContainer$CalculationState.attachValue(CalculatedValueContainer.java:222)
	at org.gradle.internal.model.CalculatedValueContainer.finalizeIfNotAlready(CalculatedValueContainer.java:195)
	at org.gradle.internal.model.CalculatedValueContainer.finalizeIfNotAlready(CalculatedValueContainer.java:186)
	at org.gradle.api.internal.artifacts.configurations.DefaultArtifactCollection.ensureResolved(DefaultArtifactCollection.java:123)
	at org.gradle.api.internal.artifacts.configurations.DefaultArtifactCollection.getFailures(DefaultArtifactCollection.java:112)
	at org.gradle.plugin.use.resolve.internal.ArtifactRepositoriesPluginResolver.exists(ArtifactRepositoriesPluginResolver.java:186)
	at org.gradle.plugin.use.resolve.internal.ArtifactRepositoriesPluginResolver.resolve(ArtifactRepositoriesPluginResolver.java:65)
	at org.gradle.plugin.use.resolve.internal.CompositePluginResolver.resolve(CompositePluginResolver.java:36)
	at org.gradle.plugin.use.resolve.internal.AlreadyOnClasspathPluginResolver.resolve(AlreadyOnClasspathPluginResolver.java:64)
	at org.gradle.plugin.use.internal.DefaultPluginRequestApplicator.resolvePluginRequest(DefaultPluginRequestApplicator.java:190)
	at org.gradle.plugin.use.internal.DefaultPluginRequestApplicator.applyPlugins(DefaultPluginRequestApplicator.java:102)
	at org.gradle.kotlin.dsl.provider.PluginRequestsHandler.handle(PluginRequestsHandler.kt:45)
	at org.gradle.kotlin.dsl.provider.StandardKotlinScriptEvaluator$InterpreterHost.applyPluginsTo(KotlinScriptEvaluator.kt:246)
	at org.gradle.kotlin.dsl.execution.Interpreter$ProgramHost.applyPluginsTo(Interpreter.kt:395)
	at Program.execute(Unknown Source)
	at org.gradle.kotlin.dsl.execution.Interpreter$ProgramHost.eval(Interpreter.kt:526)
	at org.gradle.kotlin.dsl.execution.Interpreter.eval(Interpreter.kt:219)
	at org.gradle.kotlin.dsl.provider.StandardKotlinScriptEvaluator.evaluate(KotlinScriptEvaluator.kt:135)
	at org.gradle.kotlin.dsl.provider.KotlinScriptPluginFactory.create$lambda$0(KotlinScriptPluginFactory.kt:61)
	at org.gradle.kotlin.dsl.provider.KotlinScriptPlugin.apply(KotlinScriptPlugin.kt:35)
	at org.gradle.configuration.BuildOperationScriptPlugin$1.run(BuildOperationScriptPlugin.java:68)
	at org.gradle.internal.operations.DefaultBuildOperationRunner$1.execute(DefaultBuildOperationRunner.java:30)
	at org.gradle.internal.operations.DefaultBuildOperationRunner$1.execute(DefaultBuildOperationRunner.java:27)
	at org.gradle.internal.operations.DefaultBuildOperationRunner$2.execute(DefaultBuildOperationRunner.java:67)
	at org.gradle.internal.operations.DefaultBuildOperationRunner$2.execute(DefaultBuildOperationRunner.java:60)
	at org.gradle.internal.operations.DefaultBuildOperationRunner.execute(DefaultBuildOperationRunner.java:167)
	at org.gradle.internal.operations.DefaultBuildOperationRunner.execute(DefaultBuildOperationRunner.java:60)
	at org.gradle.internal.operations.DefaultBuildOperationRunner.run(DefaultBuildOperationRunner.java:48)
	at org.gradle.configuration.BuildOperationScriptPlugin.lambda$apply$0(BuildOperationScriptPlugin.java:65)
	at org.gradle.internal.code.DefaultUserCodeApplicationContext.apply(DefaultUserCodeApplicationContext.java:44)
	at org.gradle.configuration.BuildOperationScriptPlugin.apply(BuildOperationScriptPlugin.java:65)
	at org.gradle.api.internal.project.DefaultProjectStateRegistry$ProjectStateImpl.lambda$applyToMutableState$0(DefaultProjectStateRegistry.java:443)
	at org.gradle.api.internal.project.DefaultProjectStateRegistry$ProjectStateImpl.lambda$fromMutableState$1(DefaultProjectStateRegistry.java:450)
	at org.gradle.api.internal.project.DefaultProjectStateRegistry$ProjectStateImpl.runWithModelLock(DefaultProjectStateRegistry.java:466)
	at org.gradle.api.internal.project.DefaultProjectStateRegistry$ProjectStateImpl.fromMutableState(DefaultProjectStateRegistry.java:450)
	at org.gradle.api.internal.project.DefaultProjectStateRegistry$ProjectStateImpl.applyToMutableState(DefaultProjectStateRegistry.java:442)
	at org.gradle.configuration.project.BuildScriptProcessor.execute(BuildScriptProcessor.java:46)
	at org.gradle.configuration.project.BuildScriptProcessor.execute(BuildScriptProcessor.java:27)
	at org.gradle.configuration.project.ConfigureActionsProjectEvaluator.evaluate(ConfigureActionsProjectEvaluator.java:35)
	at org.gradle.configuration.project.LifecycleProjectEvaluator$EvaluateProject.lambda$run$0(LifecycleProjectEvaluator.java:109)
	at org.gradle.api.internal.project.DefaultProjectStateRegistry$ProjectStateImpl.lambda$applyToMutableState$0(DefaultProjectStateRegistry.java:443)
	at org.gradle.api.internal.project.DefaultProjectStateRegistry$ProjectStateImpl.lambda$fromMutableState$1(DefaultProjectStateRegistry.java:450)
	at org.gradle.internal.work.DefaultWorkerLeaseService.lambda$withLocksAcquired$0(DefaultWorkerLeaseService.java:275)
	at org.gradle.internal.work.ResourceLockStatistics$1.measure(ResourceLockStatistics.java:43)
	at org.gradle.internal.work.DefaultWorkerLeaseService.withLocksAcquired(DefaultWorkerLeaseService.java:273)
	at org.gradle.internal.work.DefaultWorkerLeaseService.lambda$withReplacedLocks$3(DefaultWorkerLeaseService.java:371)
	at org.gradle.internal.work.DefaultWorkerLeaseService.withoutLocks(DefaultWorkerLeaseService.java:343)
	at org.gradle.internal.work.DefaultWorkerLeaseService.withReplacedLocks(DefaultWorkerLeaseService.java:370)
	at org.gradle.api.internal.project.DefaultProjectStateRegistry$ProjectStateImpl.runWithModelLock(DefaultProjectStateRegistry.java:471)
	at org.gradle.api.internal.project.DefaultProjectStateRegistry$ProjectStateImpl.fromMutableState(DefaultProjectStateRegistry.java:450)
	at org.gradle.api.internal.project.DefaultProjectStateRegistry$ProjectStateImpl.applyToMutableState(DefaultProjectStateRegistry.java:442)
	at org.gradle.configuration.project.LifecycleProjectEvaluator$EvaluateProject.run(LifecycleProjectEvaluator.java:100)
	at org.gradle.internal.operations.DefaultBuildOperationRunner$1.execute(DefaultBuildOperationRunner.java:30)
	at org.gradle.internal.operations.DefaultBuildOperationRunner$1.execute(DefaultBuildOperationRunner.java:27)
	at org.gradle.internal.operations.DefaultBuildOperationRunner$2.execute(DefaultBuildOperationRunner.java:67)
	at org.gradle.internal.operations.DefaultBuildOperationRunner$2.execute(DefaultBuildOperationRunner.java:60)
	at org.gradle.internal.operations.DefaultBuildOperationRunner.execute(DefaultBuildOperationRunner.java:167)
	at org.gradle.internal.operations.DefaultBuildOperationRunner.execute(DefaultBuildOperationRunner.java:60)
	at org.gradle.internal.operations.DefaultBuildOperationRunner.run(DefaultBuildOperationRunner.java:48)
	at org.gradle.configuration.project.LifecycleProjectEvaluator.evaluate(LifecycleProjectEvaluator.java:72)
	at org.gradle.api.internal.project.DefaultProject.evaluateUnchecked(DefaultProject.java:796)
	at org.gradle.api.internal.project.ProjectLifecycleController.lambda$ensureSelfConfigured$2(ProjectLifecycleController.java:93)
	at org.gradle.internal.model.StateTransitionController.lambda$doTransition$15(StateTransitionController.java:293)
	at org.gradle.internal.model.StateTransitionController.doTransition(StateTransitionController.java:304)
	at org.gradle.internal.model.StateTransitionController.doTransition(StateTransitionController.java:292)
	at org.gradle.internal.model.StateTransitionController.lambda$maybeTransitionIfNotCurrentlyTransitioning$11(StateTransitionController.java:237)
	at org.gradle.internal.work.DefaultSynchronizer.withLock(DefaultSynchronizer.java:35)
	at org.gradle.internal.model.StateTransitionController.maybeTransitionIfNotCurrentlyTransitioning(StateTransitionController.java:233)
	at org.gradle.api.internal.project.ProjectLifecycleController.ensureSelfConfigured(ProjectLifecycleController.java:93)
	at org.gradle.api.internal.project.DefaultProjectStateRegistry$ProjectStateImpl.ensureConfigured(DefaultProjectStateRegistry.java:408)
	at org.gradle.execution.TaskPathProjectEvaluator.configure(TaskPathProjectEvaluator.java:71)
	at org.gradle.execution.TaskPathProjectEvaluator.configureHierarchy(TaskPathProjectEvaluator.java:85)
	at org.gradle.configuration.DefaultProjectsPreparer.prepareProjects(DefaultProjectsPreparer.java:50)
	at org.gradle.configuration.BuildTreePreparingProjectsPreparer.prepareProjects(BuildTreePreparingProjectsPreparer.java:65)
	at org.gradle.configuration.BuildOperationFiringProjectsPreparer$ConfigureBuild.run(BuildOperationFiringProjectsPreparer.java:52)
	at org.gradle.internal.operations.DefaultBuildOperationRunner$1.execute(DefaultBuildOperationRunner.java:30)
	at org.gradle.internal.operations.DefaultBuildOperationRunner$1.execute(DefaultBuildOperationRunner.java:27)
	at org.gradle.internal.operations.DefaultBuildOperationRunner$2.execute(DefaultBuildOperationRunner.java:67)
	at org.gradle.internal.operations.DefaultBuildOperationRunner$2.execute(DefaultBuildOperationRunner.java:60)
	at org.gradle.internal.operations.DefaultBuildOperationRunner.execute(DefaultBuildOperationRunner.java:167)
	at org.gradle.internal.operations.DefaultBuildOperationRunner.execute(DefaultBuildOperationRunner.java:60)
	at org.gradle.internal.operations.DefaultBuildOperationRunner.run(DefaultBuildOperationRunner.java:48)
	at org.gradle.configuration.BuildOperationFiringProjectsPreparer.prepareProjects(BuildOperationFiringProjectsPreparer.java:40)
	at org.gradle.initialization.VintageBuildModelController.lambda$prepareProjects$2(VintageBuildModelController.java:83)
	at org.gradle.internal.model.StateTransitionController.lambda$doTransition$15(StateTransitionController.java:293)
	at org.gradle.internal.model.StateTransitionController.doTransition(StateTransitionController.java:304)
	at org.gradle.internal.model.StateTransitionController.doTransition(StateTransitionController.java:292)
	at org.gradle.internal.model.StateTransitionController.lambda$transitionIfNotPreviously$12(StateTransitionController.java:251)
	at org.gradle.internal.work.DefaultSynchronizer.withLock(DefaultSynchronizer.java:35)
	at org.gradle.internal.model.StateTransitionController.transitionIfNotPreviously(StateTransitionController.java:247)
	at org.gradle.initialization.VintageBuildModelController.prepareProjects(VintageBuildModelController.java:83)
	at org.gradle.initialization.VintageBuildModelController.prepareToScheduleTasks(VintageBuildModelController.java:70)
	at org.gradle.internal.build.DefaultBuildLifecycleController.lambda$prepareToScheduleTasks$7(DefaultBuildLifecycleController.java:185)
	at org.gradle.internal.model.StateTransitionController.lambda$doTransition$15(StateTransitionController.java:293)
	at org.gradle.internal.model.StateTransitionController.doTransition(StateTransitionController.java:304)
	at org.gradle.internal.model.StateTransitionController.doTransition(StateTransitionController.java:292)
	at org.gradle.internal.model.StateTransitionController.lambda$maybeTransition$10(StateTransitionController.java:228)
	at org.gradle.internal.work.DefaultSynchronizer.withLock(DefaultSynchronizer.java:35)
	at org.gradle.internal.model.StateTransitionController.maybeTransition(StateTransitionController.java:224)
	at org.gradle.internal.build.DefaultBuildLifecycleController.prepareToScheduleTasks(DefaultBuildLifecycleController.java:183)
	at org.gradle.internal.buildtree.DefaultBuildTreeWorkPreparer.scheduleRequestedTasks(DefaultBuildTreeWorkPreparer.java:35)
	at org.gradle.internal.cc.impl.barrier.BarrierAwareBuildTreeWorkPreparer.scheduleRequestedTasks$lambda$0(BarrierAwareBuildTreeWorkPreparer.kt:34)
	at org.gradle.internal.cc.impl.barrier.VintageConfigurationTimeActionRunner.runConfigurationTimeAction(VintageConfigurationTimeActionRunner.kt:48)
	at org.gradle.internal.cc.impl.barrier.BarrierAwareBuildTreeWorkPreparer.scheduleRequestedTasks(BarrierAwareBuildTreeWorkPreparer.kt:33)
	at org.gradle.internal.cc.impl.VintageBuildTreeWorkController$scheduleAndRunRequestedTasks$1$finalizedGraph$1.call(VintageBuildTreeWorkController.kt:37)
	at org.gradle.internal.cc.impl.VintageBuildTreeWorkController$scheduleAndRunRequestedTasks$1$finalizedGraph$1.call(VintageBuildTreeWorkController.kt:37)
	at org.gradle.internal.Try.ofFailable(Try.java:46)
	at org.gradle.internal.cc.impl.VintageBuildTreeWorkController$scheduleAndRunRequestedTasks$1.apply(VintageBuildTreeWorkController.kt:37)
	at org.gradle.internal.cc.impl.VintageBuildTreeWorkController$scheduleAndRunRequestedTasks$1.apply(VintageBuildTreeWorkController.kt:36)
	at org.gradle.composite.internal.DefaultIncludedBuildTaskGraph.withNewWorkGraph(DefaultIncludedBuildTaskGraph.java:115)
	at org.gradle.internal.cc.impl.VintageBuildTreeWorkController.scheduleAndRunRequestedTasks(VintageBuildTreeWorkController.kt:36)
	at org.gradle.internal.buildtree.DefaultBuildTreeLifecycleController.lambda$scheduleAndRunTasks$1(DefaultBuildTreeLifecycleController.java:84)
	at org.gradle.internal.buildtree.DefaultBuildTreeLifecycleController.lambda$runBuild$5(DefaultBuildTreeLifecycleController.java:142)
	at org.gradle.internal.model.StateTransitionController.lambda$transition$7(StateTransitionController.java:207)
	at org.gradle.internal.model.StateTransitionController.doTransition(StateTransitionController.java:304)
	at org.gradle.internal.model.StateTransitionController.lambda$transition$8(StateTransitionController.java:207)
	at org.gradle.internal.work.DefaultSynchronizer.withLock(DefaultSynchronizer.java:45)
	at org.gradle.internal.model.StateTransitionController.transition(StateTransitionController.java:207)
	at org.gradle.internal.buildtree.DefaultBuildTreeLifecycleController.runBuild(DefaultBuildTreeLifecycleController.java:139)
	at org.gradle.internal.buildtree.DefaultBuildTreeLifecycleController.scheduleAndRunTasks(DefaultBuildTreeLifecycleController.java:84)
	at org.gradle.internal.buildtree.DefaultBuildTreeLifecycleController.scheduleAndRunTasks(DefaultBuildTreeLifecycleController.java:79)
	at org.gradle.tooling.internal.provider.ExecuteBuildActionRunner.run(ExecuteBuildActionRunner.java:31)
	at org.gradle.launcher.exec.ChainingBuildActionRunner.run(ChainingBuildActionRunner.java:35)
	at org.gradle.internal.buildtree.ProblemReportingBuildActionRunner.run(ProblemReportingBuildActionRunner.java:54)
	at org.gradle.launcher.exec.BuildOutcomeReportingBuildActionRunner.run(BuildOutcomeReportingBuildActionRunner.java:83)
	at org.gradle.tooling.internal.provider.FileSystemWatchingBuildActionRunner.run(FileSystemWatchingBuildActionRunner.java:135)
	at org.gradle.launcher.exec.BuildCompletionNotifyingBuildActionRunner.run(BuildCompletionNotifyingBuildActionRunner.java:54)
	at org.gradle.launcher.exec.RootBuildLifecycleBuildActionExecutor.lambda$execute$0(RootBuildLifecycleBuildActionExecutor.java:101)
	at org.gradle.composite.internal.DefaultRootBuildState.run(DefaultRootBuildState.java:126)
	at org.gradle.launcher.exec.RootBuildLifecycleBuildActionExecutor.execute(RootBuildLifecycleBuildActionExecutor.java:101)
	at org.gradle.launcher.exec.BuildTreeLifecycleBuildActionExecutor.runRootBuildAction(BuildTreeLifecycleBuildActionExecutor.java:104)
	at org.gradle.launcher.exec.BuildTreeLifecycleBuildActionExecutor.execute(BuildTreeLifecycleBuildActionExecutor.java:74)
	at org.gradle.launcher.exec.RunAsBuildOperationBuildActionExecutor$2.call(RunAsBuildOperationBuildActionExecutor.java:65)
	at org.gradle.launcher.exec.RunAsBuildOperationBuildActionExecutor$2.call(RunAsBuildOperationBuildActionExecutor.java:61)
	at org.gradle.internal.operations.DefaultBuildOperationRunner$CallableBuildOperationWorker.execute(DefaultBuildOperationRunner.java:210)
	at org.gradle.internal.operations.DefaultBuildOperationRunner$CallableBuildOperationWorker.execute(DefaultBuildOperationRunner.java:205)
	at org.gradle.internal.operations.DefaultBuildOperationRunner$2.execute(DefaultBuildOperationRunner.java:67)
	at org.gradle.internal.operations.DefaultBuildOperationRunner$2.execute(DefaultBuildOperationRunner.java:60)
	at org.gradle.internal.operations.DefaultBuildOperationRunner.execute(DefaultBuildOperationRunner.java:167)
	at org.gradle.internal.operations.DefaultBuildOperationRunner.execute(DefaultBuildOperationRunner.java:60)
	at org.gradle.internal.operations.DefaultBuildOperationRunner.call(DefaultBuildOperationRunner.java:54)
	at org.gradle.launcher.exec.RunAsBuildOperationBuildActionExecutor.execute(RunAsBuildOperationBuildActionExecutor.java:61)
	at org.gradle.launcher.exec.RunAsWorkerThreadBuildActionExecutor.lambda$execute$0(RunAsWorkerThreadBuildActionExecutor.java:36)
	at org.gradle.internal.work.DefaultWorkerLeaseService.lambda$withLocksAcquired$0(DefaultWorkerLeaseService.java:275)
	at org.gradle.internal.work.ResourceLockStatistics$1.measure(ResourceLockStatistics.java:43)
	at org.gradle.internal.work.DefaultWorkerLeaseService.withLocksAcquired(DefaultWorkerLeaseService.java:273)
	at org.gradle.internal.work.DefaultWorkerLeaseService.withLocks(DefaultWorkerLeaseService.java:265)
	at org.gradle.internal.work.DefaultWorkerLeaseService.runAsWorkerThread(DefaultWorkerLeaseService.java:128)
	at org.gradle.launcher.exec.RunAsWorkerThreadBuildActionExecutor.execute(RunAsWorkerThreadBuildActionExecutor.java:36)
	at org.gradle.tooling.internal.provider.continuous.ContinuousBuildActionExecutor.execute(ContinuousBuildActionExecutor.java:110)
	at org.gradle.tooling.internal.provider.SubscribableBuildActionExecutor.execute(SubscribableBuildActionExecutor.java:64)
	at org.gradle.internal.session.DefaultBuildSessionContext.execute(DefaultBuildSessionContext.java:46)
	at org.gradle.internal.buildprocess.execution.BuildSessionLifecycleBuildActionExecutor$ActionImpl.apply(BuildSessionLifecycleBuildActionExecutor.java:106)
	at org.gradle.internal.buildprocess.execution.BuildSessionLifecycleBuildActionExecutor$ActionImpl.apply(BuildSessionLifecycleBuildActionExecutor.java:94)
	at org.gradle.internal.session.BuildSessionState.run(BuildSessionState.java:73)
	at org.gradle.internal.buildprocess.execution.BuildSessionLifecycleBuildActionExecutor.execute(BuildSessionLifecycleBuildActionExecutor.java:67)
	at org.gradle.internal.buildprocess.execution.BuildSessionLifecycleBuildActionExecutor.execute(BuildSessionLifecycleBuildActionExecutor.java:45)
	at org.gradle.internal.buildprocess.execution.StartParamsValidatingActionExecutor.execute(StartParamsValidatingActionExecutor.java:57)
	at org.gradle.internal.buildprocess.execution.StartParamsValidatingActionExecutor.execute(StartParamsValidatingActionExecutor.java:32)
	at org.gradle.internal.buildprocess.execution.SessionFailureReportingActionExecutor.execute(SessionFailureReportingActionExecutor.java:51)
	at org.gradle.internal.buildprocess.execution.SessionFailureReportingActionExecutor.execute(SessionFailureReportingActionExecutor.java:39)
	at org.gradle.internal.buildprocess.execution.SetupLoggingActionExecutor.execute(SetupLoggingActionExecutor.java:47)
	at org.gradle.internal.buildprocess.execution.SetupLoggingActionExecutor.execute(SetupLoggingActionExecutor.java:31)
	at org.gradle.launcher.daemon.server.exec.ExecuteBuild.doBuild(ExecuteBuild.java:70)
	at org.gradle.launcher.daemon.server.exec.BuildCommandOnly.execute(BuildCommandOnly.java:37)
	at org.gradle.launcher.daemon.server.api.DaemonCommandExecution.proceed(DaemonCommandExecution.java:104)
	at org.gradle.launcher.daemon.server.exec.WatchForDisconnection.execute(WatchForDisconnection.java:39)
	at org.gradle.launcher.daemon.server.api.DaemonCommandExecution.proceed(DaemonCommandExecution.java:104)
	at org.gradle.launcher.daemon.server.exec.ResetDeprecationLogger.execute(ResetDeprecationLogger.java:29)
	at org.gradle.launcher.daemon.server.api.DaemonCommandExecution.proceed(DaemonCommandExecution.java:104)
	at org.gradle.launcher.daemon.server.exec.RequestStopIfSingleUsedDaemon.execute(RequestStopIfSingleUsedDaemon.java:35)
	at org.gradle.launcher.daemon.server.api.DaemonCommandExecution.proceed(DaemonCommandExecution.java:104)
	at org.gradle.launcher.daemon.server.exec.ForwardClientInput.lambda$execute$0(ForwardClientInput.java:40)
	at org.gradle.internal.daemon.clientinput.ClientInputForwarder.forwardInput(ClientInputForwarder.java:80)
	at org.gradle.launcher.daemon.server.exec.ForwardClientInput.execute(ForwardClientInput.java:37)
	at org.gradle.launcher.daemon.server.api.DaemonCommandExecution.proceed(DaemonCommandExecution.java:104)
	at org.gradle.launcher.daemon.server.exec.LogAndCheckHealth.execute(LogAndCheckHealth.java:53)
	at org.gradle.launcher.daemon.server.api.DaemonCommandExecution.proceed(DaemonCommandExecution.java:104)
	at org.gradle.launcher.daemon.server.exec.LogToClient.doBuild(LogToClient.java:63)
	at org.gradle.launcher.daemon.server.exec.BuildCommandOnly.execute(BuildCommandOnly.java:37)
	at org.gradle.launcher.daemon.server.api.DaemonCommandExecution.proceed(DaemonCommandExecution.java:104)
	at org.gradle.launcher.daemon.server.exec.EstablishBuildEnvironment.doBuild(EstablishBuildEnvironment.java:84)
	at org.gradle.launcher.daemon.server.exec.BuildCommandOnly.execute(BuildCommandOnly.java:37)
	at org.gradle.launcher.daemon.server.api.DaemonCommandExecution.proceed(DaemonCommandExecution.java:104)
	at org.gradle.launcher.daemon.server.exec.StartBuildOrRespondWithBusy$1.run(StartBuildOrRespondWithBusy.java:52)
	at org.gradle.launcher.daemon.server.DaemonStateCoordinator.lambda$runCommand$0(DaemonStateCoordinator.java:321)
	at org.gradle.internal.concurrent.ExecutorPolicy$CatchAndRecordFailures.onExecute(ExecutorPolicy.java:64)
	at org.gradle.internal.concurrent.AbstractManagedExecutor$1.run(AbstractManagedExecutor.java:47)
Caused by: org.gradle.api.resources.ResourceException: Could not get resource 'https://repo.maven.apache.org/maven2/org/jetbrains/kotlin/jvm/org.jetbrains.kotlin.jvm.gradle.plugin/2.4.10/org.jetbrains.kotlin.jvm.gradle.plugin-2.4.10.jar'.
	at org.gradle.internal.resource.ResourceExceptions.failure(ResourceExceptions.java:74)
	at org.gradle.internal.resource.ResourceExceptions.getFailed(ResourceExceptions.java:57)
	at org.gradle.api.internal.artifacts.repositories.resolver.DefaultExternalResourceArtifactResolver.staticResourceExists(DefaultExternalResourceArtifactResolver.java:83)
	at org.gradle.api.internal.artifacts.repositories.resolver.DefaultExternalResourceArtifactResolver.artifactExists(DefaultExternalResourceArtifactResolver.java:67)
	at org.gradle.api.internal.artifacts.repositories.resolver.ExternalResourceResolver$RemoteRepositoryAccess.resolveArtifact(ExternalResourceResolver.java:472)
	at org.gradle.api.internal.artifacts.ivyservice.ivyresolve.CachingModuleComponentRepository$ResolveAndCacheRepositoryAccess.resolveArtifact(CachingModuleComponentRepository.java:470)
	at org.gradle.api.internal.artifacts.ivyservice.ivyresolve.ErrorHandlingModuleComponentRepository$ErrorHandlingModuleComponentRepositoryAccess.lambda$resolveArtifact$12(ErrorHandlingModuleComponentRepository.java:180)
	at org.gradle.api.internal.artifacts.ivyservice.ivyresolve.ErrorHandlingModuleComponentRepository$ErrorHandlingModuleComponentRepositoryAccess.tryResolveAndMaybeDisable(ErrorHandlingModuleComponentRepository.java:251)
	... 213 more
Caused by: org.gradle.internal.resource.transport.http.HttpErrorStatusCodeException: Could not HEAD 'https://repo.maven.apache.org/maven2/org/jetbrains/kotlin/jvm/org.jetbrains.kotlin.jvm.gradle.plugin/2.4.10/org.jetbrains.kotlin.jvm.gradle.plugin-2.4.10.jar'. Received status code 429 from server: Too Many Requests
	at org.gradle.internal.resource.transport.http.ApacheCommonsHttpClient.processResponse(ApacheCommonsHttpClient.java:310)
	at org.gradle.internal.resource.transport.http.ApacheCommonsHttpClient.performHead(ApacheCommonsHttpClient.java:114)
	at org.gradle.internal.resource.transport.http.HttpResourceAccessor.getMetaData(HttpResourceAccessor.java:58)
	at org.gradle.internal.resource.transfer.DefaultExternalResourceConnector.getMetaData(DefaultExternalResourceConnector.java:66)
	at org.gradle.internal.resource.transfer.ProgressLoggingExternalResourceAccessor$MetadataOperation.call(ProgressLoggingExternalResourceAccessor.java:173)
	at org.gradle.internal.resource.transfer.ProgressLoggingExternalResourceAccessor$MetadataOperation.call(ProgressLoggingExternalResourceAccessor.java:161)
	at org.gradle.internal.operations.DefaultBuildOperationRunner$CallableBuildOperationWorker.execute(DefaultBuildOperationRunner.java:210)
	at org.gradle.internal.operations.DefaultBuildOperationRunner$CallableBuildOperationWorker.execute(DefaultBuildOperationRunner.java:205)
	at org.gradle.internal.operations.DefaultBuildOperationRunner$2.execute(DefaultBuildOperationRunner.java:67)
	at org.gradle.internal.operations.DefaultBuildOperationRunner$2.execute(DefaultBuildOperationRunner.java:60)
	at org.gradle.internal.operations.DefaultBuildOperationRunner.execute(DefaultBuildOperationRunner.java:167)
	at org.gradle.internal.operations.DefaultBuildOperationRunner.execute(DefaultBuildOperationRunner.java:60)
	at org.gradle.internal.operations.DefaultBuildOperationRunner.call(DefaultBuildOperationRunner.java:54)
	at org.gradle.internal.resource.transfer.ProgressLoggingExternalResourceAccessor.getMetaData(ProgressLoggingExternalResourceAccessor.java:55)
	at org.gradle.internal.resource.transfer.AccessorBackedExternalResource.getMetaData(AccessorBackedExternalResource.java:156)
	at org.gradle.api.internal.artifacts.repositories.resolver.DefaultExternalResourceArtifactResolver.staticResourceExists(DefaultExternalResourceArtifactResolver.java:79)
	... 218 more

==============================================================================

18: Task failed with an exception.
-----------
* What went wrong:
Execution failed for task ':app:mergeReleaseNativeLibs'.
> Could not resolve all files for configuration ':app:releaseRuntimeClasspath'.
   > Could not resolve com.tom-roush:pdfbox-android:2.0.27.0.
     Required by:
         project ':app'
      > Repository MavenRepo is disabled due to earlier error below:
         > Could not download org.jetbrains.kotlin.jvm.gradle.plugin-2.4.10.jar (org.jetbrains.kotlin.jvm:org.jetbrains.kotlin.jvm.gradle.plugin:2.4.10)
            > Could not get resource 'https://repo.maven.apache.org/maven2/org/jetbrains/kotlin/jvm/org.jetbrains.kotlin.jvm.gradle.plugin/2.4.10/org.jetbrains.kotlin.jvm.gradle.plugin-2.4.10.jar'.
               > Could not HEAD 'https://repo.maven.apache.org/maven2/org/jetbrains/kotlin/jvm/org.jetbrains.kotlin.jvm.gradle.plugin/2.4.10/org.jetbrains.kotlin.jvm.gradle.plugin-2.4.10.jar'. Received status code 429 from server: Too Many Requests

* Try:
> Run with --info or --debug option to get more log output.
> Run with --scan to get full insights from a Build Scan (powered by Develocity).
> Get more help at https://help.gradle.org.

* Exception is:
org.gradle.api.tasks.TaskExecutionException: Execution failed for task ':app:mergeReleaseNativeLibs'.
	at org.gradle.api.internal.tasks.execution.CatchExceptionTaskExecuter.execute(CatchExceptionTaskExecuter.java:38)
	at org.gradle.api.internal.tasks.execution.EventFiringTaskExecuter$1.executeTask(EventFiringTaskExecuter.java:77)
	at org.gradle.api.internal.tasks.execution.EventFiringTaskExecuter$1.call(EventFiringTaskExecuter.java:55)
	at org.gradle.api.internal.tasks.execution.EventFiringTaskExecuter$1.call(EventFiringTaskExecuter.java:52)
	at org.gradle.internal.operations.DefaultBuildOperationRunner$CallableBuildOperationWorker.execute(DefaultBuildOperationRunner.java:210)
	at org.gradle.internal.operations.DefaultBuildOperationRunner$CallableBuildOperationWorker.execute(DefaultBuildOperationRunner.java:205)
	at org.gradle.internal.operations.DefaultBuildOperationRunner$2.execute(DefaultBuildOperationRunner.java:67)
	at org.gradle.internal.operations.DefaultBuildOperationRunner$2.execute(DefaultBuildOperationRunner.java:60)
	at org.gradle.internal.operations.DefaultBuildOperationRunner.execute(DefaultBuildOperationRunner.java:167)
	at org.gradle.internal.operations.DefaultBuildOperationRunner.execute(DefaultBuildOperationRunner.java:60)
	at org.gradle.internal.operations.DefaultBuildOperationRunner.call(DefaultBuildOperationRunner.java:54)
	at org.gradle.api.internal.tasks.execution.EventFiringTaskExecuter.execute(EventFiringTaskExecuter.java:52)
	at org.gradle.execution.plan.DefaultNodeExecutor.executeLocalTaskNode(DefaultNodeExecutor.java:55)
	at org.gradle.execution.plan.DefaultNodeExecutor.execute(DefaultNodeExecutor.java:34)
	at org.gradle.execution.taskgraph.DefaultTaskExecutionGraph$InvokeNodeExecutorsAction.execute(DefaultTaskExecutionGraph.java:355)
	at org.gradle.execution.taskgraph.DefaultTaskExecutionGraph$InvokeNodeExecutorsAction.execute(DefaultTaskExecutionGraph.java:343)
	at org.gradle.execution.taskgraph.DefaultTaskExecutionGraph$BuildOperationAwareExecutionAction.lambda$execute$0(DefaultTaskExecutionGraph.java:339)
	at org.gradle.internal.operations.CurrentBuildOperationRef.with(CurrentBuildOperationRef.java:84)
	at org.gradle.execution.taskgraph.DefaultTaskExecutionGraph$BuildOperationAwareExecutionAction.execute(DefaultTaskExecutionGraph.java:339)
	at org.gradle.execution.taskgraph.DefaultTaskExecutionGraph$BuildOperationAwareExecutionAction.execute(DefaultTaskExecutionGraph.java:328)
	at org.gradle.execution.plan.DefaultPlanExecutor$ExecutorWorker.execute(DefaultPlanExecutor.java:459)
	at org.gradle.execution.plan.DefaultPlanExecutor$ExecutorWorker.run(DefaultPlanExecutor.java:376)
	at org.gradle.execution.plan.DefaultPlanExecutor.process(DefaultPlanExecutor.java:111)
	at org.gradle.execution.taskgraph.DefaultTaskExecutionGraph.executeWithServices(DefaultTaskExecutionGraph.java:146)
	at org.gradle.execution.taskgraph.DefaultTaskExecutionGraph.execute(DefaultTaskExecutionGraph.java:131)
	at org.gradle.execution.SelectedTaskExecutionAction.execute(SelectedTaskExecutionAction.java:35)
	at org.gradle.execution.BuildOperationFiringBuildWorkerExecutor$ExecuteTasks.call(BuildOperationFiringBuildWorkerExecutor.java:54)
	at org.gradle.execution.BuildOperationFiringBuildWorkerExecutor$ExecuteTasks.call(BuildOperationFiringBuildWorkerExecutor.java:43)
	at org.gradle.internal.operations.DefaultBuildOperationRunner$CallableBuildOperationWorker.execute(DefaultBuildOperationRunner.java:210)
	at org.gradle.internal.operations.DefaultBuildOperationRunner$CallableBuildOperationWorker.execute(DefaultBuildOperationRunner.java:205)
	at org.gradle.internal.operations.DefaultBuildOperationRunner$2.execute(DefaultBuildOperationRunner.java:67)
	at org.gradle.internal.operations.DefaultBuildOperationRunner$2.execute(DefaultBuildOperationRunner.java:60)
	at org.gradle.internal.operations.DefaultBuildOperationRunner.execute(DefaultBuildOperationRunner.java:167)
	at org.gradle.internal.operations.DefaultBuildOperationRunner.execute(DefaultBuildOperationRunner.java:60)
	at org.gradle.internal.operations.DefaultBuildOperationRunner.call(DefaultBuildOperationRunner.java:54)
	at org.gradle.execution.BuildOperationFiringBuildWorkerExecutor.execute(BuildOperationFiringBuildWorkerExecutor.java:40)
	at org.gradle.internal.build.DefaultBuildLifecycleController.lambda$executeTasks$11(DefaultBuildLifecycleController.java:323)
	at org.gradle.internal.model.StateTransitionController.doTransition(StateTransitionController.java:304)
	at org.gradle.internal.model.StateTransitionController.lambda$tryTransition$9(StateTransitionController.java:215)
	at org.gradle.internal.work.DefaultSynchronizer.withLock(DefaultSynchronizer.java:45)
	at org.gradle.internal.model.StateTransitionController.tryTransition(StateTransitionController.java:215)
	at org.gradle.internal.build.DefaultBuildLifecycleController.executeTasks(DefaultBuildLifecycleController.java:314)
	at org.gradle.internal.build.DefaultBuildWorkGraphController$DefaultBuildWorkGraph.runWork(DefaultBuildWorkGraphController.java:220)
	at org.gradle.internal.work.DefaultWorkerLeaseService.lambda$withLocksAcquired$0(DefaultWorkerLeaseService.java:275)
	at org.gradle.internal.work.ResourceLockStatistics$1.measure(ResourceLockStatistics.java:43)
	at org.gradle.internal.work.DefaultWorkerLeaseService.withLocksAcquired(DefaultWorkerLeaseService.java:273)
	at org.gradle.internal.work.DefaultWorkerLeaseService.withLocks(DefaultWorkerLeaseService.java:265)
	at org.gradle.internal.work.DefaultWorkerLeaseService.runAsWorkerThread(DefaultWorkerLeaseService.java:128)
	at org.gradle.composite.internal.DefaultBuildController.doRun(DefaultBuildController.java:182)
	at org.gradle.composite.internal.DefaultBuildController.access$000(DefaultBuildController.java:50)
	at org.gradle.composite.internal.DefaultBuildController$BuildOpRunnable.lambda$run$0(DefaultBuildController.java:199)
	at org.gradle.internal.operations.CurrentBuildOperationRef.with(CurrentBuildOperationRef.java:84)
	at org.gradle.composite.internal.DefaultBuildController$BuildOpRunnable.run(DefaultBuildController.java:199)
	at java.base/java.util.concurrent.Executors$RunnableAdapter.call(Executors.java:572)
	at java.base/java.util.concurrent.FutureTask.run(FutureTask.java:317)
	at org.gradle.internal.concurrent.ExecutorPolicy$CatchAndRecordFailures.onExecute(ExecutorPolicy.java:64)
	at org.gradle.internal.concurrent.AbstractManagedExecutor$1.run(AbstractManagedExecutor.java:47)
	at java.base/java.util.concurrent.ThreadPoolExecutor.runWorker(ThreadPoolExecutor.java:1144)
	at java.base/java.util.concurrent.ThreadPoolExecutor$Worker.run(ThreadPoolExecutor.java:642)
	at java.base/java.lang.Thread.run(Thread.java:1583)
Caused by: org.gradle.api.internal.artifacts.ivyservice.TypedResolveException: Could not resolve all files for configuration ':app:releaseRuntimeClasspath'.
	at org.gradle.api.internal.artifacts.ResolveExceptionMapper.mapFailure(ResolveExceptionMapper.java:73)
	at org.gradle.api.internal.artifacts.ResolveExceptionMapper.mapFailures(ResolveExceptionMapper.java:65)
	at org.gradle.api.internal.artifacts.configurations.DefaultConfiguration$DefaultResolutionHost.consolidateFailures(DefaultConfiguration.java:1789)
	at org.gradle.api.internal.artifacts.configurations.ResolutionHost.rethrowFailuresAndReportProblems(ResolutionHost.java:75)
	at org.gradle.api.internal.artifacts.configurations.ResolutionBackedFileCollection.maybeThrowResolutionFailures(ResolutionBackedFileCollection.java:86)
	at org.gradle.api.internal.artifacts.configurations.ResolutionBackedFileCollection.visitContents(ResolutionBackedFileCollection.java:76)
	at org.gradle.api.internal.file.AbstractFileCollection.getFiles(AbstractFileCollection.java:124)
	at org.gradle.api.internal.file.AbstractFileCollection.iterator(AbstractFileCollection.java:165)
	at org.gradle.api.internal.file.FilteredFileCollection.iterator(FilteredFileCollection.java:80)
	at com.google.common.collect.ImmutableSet.copyOf(ImmutableSet.java:224)
	at org.gradle.api.internal.file.collections.DefaultConfigurableFileCollection$2.visitCollection(DefaultConfigurableFileCollection.java:426)
	at org.gradle.api.internal.file.AbstractFileCollection.visitContents(AbstractFileCollection.java:366)
	at org.gradle.api.internal.file.AbstractFileCollection.visitStructure(AbstractFileCollection.java:361)
	at org.gradle.api.internal.file.collections.DefaultConfigurableFileCollection.lambda$calculateFinalizedValue$1(DefaultConfigurableFileCollection.java:423)
	at org.gradle.api.internal.file.collections.UnpackingVisitor.add(UnpackingVisitor.java:66)
	at org.gradle.api.internal.file.collections.DefaultConfigurableFileCollection$UnresolvedItemsCollector.visitContents(DefaultConfigurableFileCollection.java:635)
	at org.gradle.api.internal.file.collections.DefaultConfigurableFileCollection.calculateFinalizedValue(DefaultConfigurableFileCollection.java:423)
	at org.gradle.api.internal.file.collections.DefaultConfigurableFileCollection.finalizeNow(DefaultConfigurableFileCollection.java:125)
	at org.gradle.api.internal.file.collections.DefaultConfigurableFileCollection.lambda$visitChildren$2(DefaultConfigurableFileCollection.java:447)
	at org.gradle.api.internal.provider.ValueState.finalizeOnReadIfNeeded(ValueState.java:142)
	at org.gradle.api.internal.file.collections.DefaultConfigurableFileCollection.visitChildren(DefaultConfigurableFileCollection.java:447)
	at org.gradle.api.internal.file.CompositeFileCollection.visitContents(CompositeFileCollection.java:112)
	at org.gradle.api.internal.file.AbstractFileCollection.visitStructure(AbstractFileCollection.java:361)
	at org.gradle.api.internal.file.CompositeFileCollection.lambda$visitContents$0(CompositeFileCollection.java:112)
	at org.gradle.api.internal.file.collections.UnpackingVisitor.add(UnpackingVisitor.java:66)
	at org.gradle.api.internal.file.collections.UnpackingVisitor.add(UnpackingVisitor.java:91)
	at org.gradle.api.internal.file.DefaultFileCollectionFactory$ResolvingFileCollection.visitChildren(DefaultFileCollectionFactory.java:311)
	at org.gradle.api.internal.file.CompositeFileCollection.visitContents(CompositeFileCollection.java:112)
	at org.gradle.api.internal.file.AbstractFileCollection.visitStructure(AbstractFileCollection.java:361)
	at org.gradle.api.internal.file.CompositeFileCollection.lambda$visitContents$0(CompositeFileCollection.java:112)
	at org.gradle.api.internal.tasks.PropertyFileCollection.visitChildren(PropertyFileCollection.java:48)
	at org.gradle.api.internal.file.CompositeFileCollection.visitContents(CompositeFileCollection.java:112)
	at org.gradle.api.internal.file.AbstractFileCollection.visitStructure(AbstractFileCollection.java:361)
	at org.gradle.internal.fingerprint.impl.DefaultFileCollectionSnapshotter.snapshot(DefaultFileCollectionSnapshotter.java:48)
	at org.gradle.internal.execution.impl.DefaultInputFingerprinter$InputCollectingVisitor.visitInputFileProperty(DefaultInputFingerprinter.java:151)
	at org.gradle.internal.execution.steps.SkipEmptyMutableWorkStep$2.visitInputFileProperty(SkipEmptyMutableWorkStep.java:190)
	at org.gradle.api.internal.tasks.execution.TaskExecution.visitMutableInputs(TaskExecution.java:345)
	at org.gradle.internal.execution.steps.SkipEmptyMutableWorkStep.lambda$fingerprintPrimaryInputs$2(SkipEmptyMutableWorkStep.java:186)
	at org.gradle.internal.execution.impl.DefaultInputFingerprinter.fingerprintInputProperties(DefaultInputFingerprinter.java:77)
	at org.gradle.internal.execution.steps.SkipEmptyMutableWorkStep.fingerprintPrimaryInputs(SkipEmptyMutableWorkStep.java:181)
	at org.gradle.internal.execution.steps.SkipEmptyMutableWorkStep.executeMutable(SkipEmptyMutableWorkStep.java:81)
	at org.gradle.internal.execution.steps.SkipEmptyMutableWorkStep.executeMutable(SkipEmptyMutableWorkStep.java:53)
	at org.gradle.internal.execution.steps.MutableStep.execute(MutableStep.java:26)
	at org.gradle.internal.execution.steps.legacy.MarkSnapshottingInputsStartedStep.execute(MarkSnapshottingInputsStartedStep.java:38)
	at org.gradle.internal.execution.steps.LoadPreviousExecutionStateStep.executeMutable(LoadPreviousExecutionStateStep.java:36)
	at org.gradle.internal.execution.steps.LoadPreviousExecutionStateStep.executeMutable(LoadPreviousExecutionStateStep.java:23)
	at org.gradle.internal.execution.steps.MutableStep.execute(MutableStep.java:26)
	at org.gradle.internal.execution.steps.HandleStaleOutputsStep.executeMutable(HandleStaleOutputsStep.java:77)
	at org.gradle.internal.execution.steps.HandleStaleOutputsStep.executeMutable(HandleStaleOutputsStep.java:43)
	at org.gradle.internal.execution.steps.MutableStep.execute(MutableStep.java:26)
	at org.gradle.internal.execution.steps.AssignMutableWorkspaceStep.lambda$executeMutable$0(AssignMutableWorkspaceStep.java:34)
	at org.gradle.api.internal.tasks.execution.TaskExecution$4.withWorkspace(TaskExecution.java:305)
	at org.gradle.internal.execution.steps.AssignMutableWorkspaceStep.executeMutable(AssignMutableWorkspaceStep.java:30)
	at org.gradle.internal.execution.steps.AssignMutableWorkspaceStep.executeMutable(AssignMutableWorkspaceStep.java:21)
	at org.gradle.internal.execution.steps.MutableStep.execute(MutableStep.java:26)
	at org.gradle.internal.execution.steps.ChoosePipelineStep.execute(ChoosePipelineStep.java:40)
	at org.gradle.internal.execution.steps.ChoosePipelineStep.execute(ChoosePipelineStep.java:23)
	at org.gradle.internal.execution.steps.ExecuteWorkBuildOperationFiringStep.lambda$execute$2(ExecuteWorkBuildOperationFiringStep.java:67)
	at java.base/java.util.Optional.orElseGet(Optional.java:364)
	at org.gradle.internal.execution.steps.ExecuteWorkBuildOperationFiringStep.execute(ExecuteWorkBuildOperationFiringStep.java:67)
	at org.gradle.internal.execution.steps.ExecuteWorkBuildOperationFiringStep.execute(ExecuteWorkBuildOperationFiringStep.java:39)
	at org.gradle.internal.execution.steps.IdentityCacheStep.execute(IdentityCacheStep.java:46)
	at org.gradle.internal.execution.steps.IdentityCacheStep.execute(IdentityCacheStep.java:34)
	at org.gradle.internal.execution.steps.IdentifyStep.execute(IdentifyStep.java:56)
	at org.gradle.internal.execution.steps.IdentifyStep.execute(IdentifyStep.java:38)
	at org.gradle.internal.execution.impl.DefaultExecutionEngine$1.execute(DefaultExecutionEngine.java:68)
	at org.gradle.api.internal.tasks.execution.ExecuteActionsTaskExecuter.executeIfValid(ExecuteActionsTaskExecuter.java:132)
	at org.gradle.api.internal.tasks.execution.ExecuteActionsTaskExecuter.execute(ExecuteActionsTaskExecuter.java:121)
	at org.gradle.api.internal.tasks.execution.ProblemsTaskPathTrackingTaskExecuter.execute(ProblemsTaskPathTrackingTaskExecuter.java:41)
	at org.gradle.api.internal.tasks.execution.ResolveTaskExecutionModeExecuter.execute(ResolveTaskExecutionModeExecuter.java:51)
	at org.gradle.api.internal.tasks.execution.FinalizePropertiesTaskExecuter.execute(FinalizePropertiesTaskExecuter.java:46)
	at org.gradle.api.internal.tasks.execution.SkipTaskWithNoActionsExecuter.execute(SkipTaskWithNoActionsExecuter.java:57)
	at org.gradle.api.internal.tasks.execution.SkipOnlyIfTaskExecuter.execute(SkipOnlyIfTaskExecuter.java:74)
	at org.gradle.api.internal.tasks.execution.CatchExceptionTaskExecuter.execute(CatchExceptionTaskExecuter.java:36)
	... 59 more
Caused by: org.gradle.internal.resolve.ModuleVersionResolveException: Could not resolve com.tom-roush:pdfbox-android:2.0.27.0.
Required by:
    project ':app'
Caused by: org.gradle.internal.resolve.ModuleVersionResolveException: Repository MavenRepo is disabled due to earlier error below:
Caused by: org.gradle.internal.resolve.ArtifactResolveException: Could not download org.jetbrains.kotlin.jvm.gradle.plugin-2.4.10.jar (org.jetbrains.kotlin.jvm:org.jetbrains.kotlin.jvm.gradle.plugin:2.4.10)
	at org.gradle.api.internal.artifacts.ivyservice.ivyresolve.ErrorHandlingModuleComponentRepository$ErrorHandlingModuleComponentRepositoryAccess.lambda$resolveArtifact$14(ErrorHandlingModuleComponentRepository.java:190)
	at org.gradle.api.internal.artifacts.ivyservice.ivyresolve.ErrorHandlingModuleComponentRepository$ErrorHandlingModuleComponentRepositoryAccess.tryResolveAndMaybeDisable(ErrorHandlingModuleComponentRepository.java:260)
	at org.gradle.api.internal.artifacts.ivyservice.ivyresolve.ErrorHandlingModuleComponentRepository$ErrorHandlingModuleComponentRepositoryAccess.performOperationWithRetries(ErrorHandlingModuleComponentRepository.java:204)
	at org.gradle.api.internal.artifacts.ivyservice.ivyresolve.ErrorHandlingModuleComponentRepository$ErrorHandlingModuleComponentRepositoryAccess.resolveArtifact(ErrorHandlingModuleComponentRepository.java:178)
	at org.gradle.api.internal.artifacts.ivyservice.ivyresolve.RepositoryChainArtifactResolver.resolveArtifactLater(RepositoryChainArtifactResolver.java:75)
	at org.gradle.api.internal.artifacts.ivyservice.ivyresolve.RepositoryChainArtifactResolver.lambda$resolveArtifact$0(RepositoryChainArtifactResolver.java:63)
	at org.gradle.internal.model.CalculatedValueContainerFactory$SupplierBackedCalculator.calculateValue(CalculatedValueContainerFactory.java:69)
	at org.gradle.internal.model.CalculatedValueContainer$CalculationState.lambda$attachValue$0(CalculatedValueContainer.java:227)
	at org.gradle.internal.Try.ofFailable(Try.java:46)
	at org.gradle.internal.model.CalculatedValueContainer$CalculationState.attachValue(CalculatedValueContainer.java:222)
	at org.gradle.internal.model.CalculatedValueContainer.finalizeIfNotAlready(CalculatedValueContainer.java:195)
	at org.gradle.internal.model.CalculatedValueContainer.finalizeIfNotAlready(CalculatedValueContainer.java:186)
	at org.gradle.api.internal.artifacts.DefaultResolvableArtifact.getFile(DefaultResolvableArtifact.java:140)
	at org.gradle.internal.resolve.resolver.DefaultComponentArtifactResolver.resolveArtifacts(DefaultComponentArtifactResolver.java:50)
	at org.gradle.api.internal.artifacts.ivyservice.resolveengine.artifact.ArtifactBackedResolvedVariant.getArtifacts(ArtifactBackedResolvedVariant.java:80)
	at org.gradle.api.internal.artifacts.transform.AttributeMatchingArtifactVariantSelector.doSelect(AttributeMatchingArtifactVariantSelector.java:88)
	at org.gradle.api.internal.artifacts.transform.AttributeMatchingArtifactVariantSelector.select(AttributeMatchingArtifactVariantSelector.java:70)
	at org.gradle.api.internal.artifacts.ivyservice.resolveengine.artifact.VariantResolvingArtifactSet.select(VariantResolvingArtifactSet.java:110)
	at org.gradle.api.internal.artifacts.ivyservice.resolveengine.artifact.DefaultVisitedArtifactResults.select(DefaultVisitedArtifactResults.java:43)
	at org.gradle.api.internal.artifacts.ivyservice.resolveengine.artifact.DefaultVisitedArtifactSet.select(DefaultVisitedArtifactSet.java:97)
	at org.gradle.api.internal.artifacts.resolver.DefaultResolutionOutputs$DefaultArtifactView.selectArtifacts(DefaultResolutionOutputs.java:204)
	at org.gradle.api.internal.artifacts.configurations.ResolutionResultProvider$1.getValue(ResolutionResultProvider.java:54)
	at org.gradle.api.internal.artifacts.configurations.ResolutionResultProviderBackedSelectedArtifactSet.visitArtifacts(ResolutionResultProviderBackedSelectedArtifactSet.java:50)
	at org.gradle.api.internal.artifacts.configurations.DefaultArtifactCollection.lambda$new$0(DefaultArtifactCollection.java:61)
	at org.gradle.internal.model.CalculatedValueContainerFactory$SupplierBackedCalculator.calculateValue(CalculatedValueContainerFactory.java:69)
	at org.gradle.internal.model.CalculatedValueContainer$CalculationState.lambda$attachValue$0(CalculatedValueContainer.java:227)
	at org.gradle.internal.Try.ofFailable(Try.java:46)
	at org.gradle.internal.model.CalculatedValueContainer$CalculationState.attachValue(CalculatedValueContainer.java:222)
	at org.gradle.internal.model.CalculatedValueContainer.finalizeIfNotAlready(CalculatedValueContainer.java:195)
	at org.gradle.internal.model.CalculatedValueContainer.finalizeIfNotAlready(CalculatedValueContainer.java:186)
	at org.gradle.api.internal.artifacts.configurations.DefaultArtifactCollection.ensureResolved(DefaultArtifactCollection.java:123)
	at org.gradle.api.internal.artifacts.configurations.DefaultArtifactCollection.getFailures(DefaultArtifactCollection.java:112)
	at org.gradle.plugin.use.resolve.internal.ArtifactRepositoriesPluginResolver.exists(ArtifactRepositoriesPluginResolver.java:186)
	at org.gradle.plugin.use.resolve.internal.ArtifactRepositoriesPluginResolver.resolve(ArtifactRepositoriesPluginResolver.java:65)
	at org.gradle.plugin.use.resolve.internal.CompositePluginResolver.resolve(CompositePluginResolver.java:36)
	at org.gradle.plugin.use.resolve.internal.AlreadyOnClasspathPluginResolver.resolve(AlreadyOnClasspathPluginResolver.java:64)
	at org.gradle.plugin.use.internal.DefaultPluginRequestApplicator.resolvePluginRequest(DefaultPluginRequestApplicator.java:190)
	at org.gradle.plugin.use.internal.DefaultPluginRequestApplicator.applyPlugins(DefaultPluginRequestApplicator.java:102)
	at org.gradle.kotlin.dsl.provider.PluginRequestsHandler.handle(PluginRequestsHandler.kt:45)
	at org.gradle.kotlin.dsl.provider.StandardKotlinScriptEvaluator$InterpreterHost.applyPluginsTo(KotlinScriptEvaluator.kt:246)
	at org.gradle.kotlin.dsl.execution.Interpreter$ProgramHost.applyPluginsTo(Interpreter.kt:395)
	at Program.execute(Unknown Source)
	at org.gradle.kotlin.dsl.execution.Interpreter$ProgramHost.eval(Interpreter.kt:526)
	at org.gradle.kotlin.dsl.execution.Interpreter.eval(Interpreter.kt:219)
	at org.gradle.kotlin.dsl.provider.StandardKotlinScriptEvaluator.evaluate(KotlinScriptEvaluator.kt:135)
	at org.gradle.kotlin.dsl.provider.KotlinScriptPluginFactory.create$lambda$0(KotlinScriptPluginFactory.kt:61)
	at org.gradle.kotlin.dsl.provider.KotlinScriptPlugin.apply(KotlinScriptPlugin.kt:35)
	at org.gradle.configuration.BuildOperationScriptPlugin$1.run(BuildOperationScriptPlugin.java:68)
	at org.gradle.internal.operations.DefaultBuildOperationRunner$1.execute(DefaultBuildOperationRunner.java:30)
	at org.gradle.internal.operations.DefaultBuildOperationRunner$1.execute(DefaultBuildOperationRunner.java:27)
	at org.gradle.internal.operations.DefaultBuildOperationRunner$2.execute(DefaultBuildOperationRunner.java:67)
	at org.gradle.internal.operations.DefaultBuildOperationRunner$2.execute(DefaultBuildOperationRunner.java:60)
	at org.gradle.internal.operations.DefaultBuildOperationRunner.execute(DefaultBuildOperationRunner.java:167)
	at org.gradle.internal.operations.DefaultBuildOperationRunner.execute(DefaultBuildOperationRunner.java:60)
	at org.gradle.internal.operations.DefaultBuildOperationRunner.run(DefaultBuildOperationRunner.java:48)
	at org.gradle.configuration.BuildOperationScriptPlugin.lambda$apply$0(BuildOperationScriptPlugin.java:65)
	at org.gradle.internal.code.DefaultUserCodeApplicationContext.apply(DefaultUserCodeApplicationContext.java:44)
	at org.gradle.configuration.BuildOperationScriptPlugin.apply(BuildOperationScriptPlugin.java:65)
	at org.gradle.api.internal.project.DefaultProjectStateRegistry$ProjectStateImpl.lambda$applyToMutableState$0(DefaultProjectStateRegistry.java:443)
	at org.gradle.api.internal.project.DefaultProjectStateRegistry$ProjectStateImpl.lambda$fromMutableState$1(DefaultProjectStateRegistry.java:450)
	at org.gradle.api.internal.project.DefaultProjectStateRegistry$ProjectStateImpl.runWithModelLock(DefaultProjectStateRegistry.java:466)
	at org.gradle.api.internal.project.DefaultProjectStateRegistry$ProjectStateImpl.fromMutableState(DefaultProjectStateRegistry.java:450)
	at org.gradle.api.internal.project.DefaultProjectStateRegistry$ProjectStateImpl.applyToMutableState(DefaultProjectStateRegistry.java:442)
	at org.gradle.configuration.project.BuildScriptProcessor.execute(BuildScriptProcessor.java:46)
	at org.gradle.configuration.project.BuildScriptProcessor.execute(BuildScriptProcessor.java:27)
	at org.gradle.configuration.project.ConfigureActionsProjectEvaluator.evaluate(ConfigureActionsProjectEvaluator.java:35)
	at org.gradle.configuration.project.LifecycleProjectEvaluator$EvaluateProject.lambda$run$0(LifecycleProjectEvaluator.java:109)
	at org.gradle.api.internal.project.DefaultProjectStateRegistry$ProjectStateImpl.lambda$applyToMutableState$0(DefaultProjectStateRegistry.java:443)
	at org.gradle.api.internal.project.DefaultProjectStateRegistry$ProjectStateImpl.lambda$fromMutableState$1(DefaultProjectStateRegistry.java:450)
	at org.gradle.internal.work.DefaultWorkerLeaseService.lambda$withLocksAcquired$0(DefaultWorkerLeaseService.java:275)
	at org.gradle.internal.work.ResourceLockStatistics$1.measure(ResourceLockStatistics.java:43)
	at org.gradle.internal.work.DefaultWorkerLeaseService.withLocksAcquired(DefaultWorkerLeaseService.java:273)
	at org.gradle.internal.work.DefaultWorkerLeaseService.lambda$withReplacedLocks$3(DefaultWorkerLeaseService.java:371)
	at org.gradle.internal.work.DefaultWorkerLeaseService.withoutLocks(DefaultWorkerLeaseService.java:343)
	at org.gradle.internal.work.DefaultWorkerLeaseService.withReplacedLocks(DefaultWorkerLeaseService.java:370)
	at org.gradle.api.internal.project.DefaultProjectStateRegistry$ProjectStateImpl.runWithModelLock(DefaultProjectStateRegistry.java:471)
	at org.gradle.api.internal.project.DefaultProjectStateRegistry$ProjectStateImpl.fromMutableState(DefaultProjectStateRegistry.java:450)
	at org.gradle.api.internal.project.DefaultProjectStateRegistry$ProjectStateImpl.applyToMutableState(DefaultProjectStateRegistry.java:442)
	at org.gradle.configuration.project.LifecycleProjectEvaluator$EvaluateProject.run(LifecycleProjectEvaluator.java:100)
	at org.gradle.internal.operations.DefaultBuildOperationRunner$1.execute(DefaultBuildOperationRunner.java:30)
	at org.gradle.internal.operations.DefaultBuildOperationRunner$1.execute(DefaultBuildOperationRunner.java:27)
	at org.gradle.internal.operations.DefaultBuildOperationRunner$2.execute(DefaultBuildOperationRunner.java:67)
	at org.gradle.internal.operations.DefaultBuildOperationRunner$2.execute(DefaultBuildOperationRunner.java:60)
	at org.gradle.internal.operations.DefaultBuildOperationRunner.execute(DefaultBuildOperationRunner.java:167)
	at org.gradle.internal.operations.DefaultBuildOperationRunner.execute(DefaultBuildOperationRunner.java:60)
	at org.gradle.internal.operations.DefaultBuildOperationRunner.run(DefaultBuildOperationRunner.java:48)
	at org.gradle.configuration.project.LifecycleProjectEvaluator.evaluate(LifecycleProjectEvaluator.java:72)
	at org.gradle.api.internal.project.DefaultProject.evaluateUnchecked(DefaultProject.java:796)
	at org.gradle.api.internal.project.ProjectLifecycleController.lambda$ensureSelfConfigured$2(ProjectLifecycleController.java:93)
	at org.gradle.internal.model.StateTransitionController.lambda$doTransition$15(StateTransitionController.java:293)
	at org.gradle.internal.model.StateTransitionController.doTransition(StateTransitionController.java:304)
	at org.gradle.internal.model.StateTransitionController.doTransition(StateTransitionController.java:292)
	at org.gradle.internal.model.StateTransitionController.lambda$maybeTransitionIfNotCurrentlyTransitioning$11(StateTransitionController.java:237)
	at org.gradle.internal.work.DefaultSynchronizer.withLock(DefaultSynchronizer.java:35)
	at org.gradle.internal.model.StateTransitionController.maybeTransitionIfNotCurrentlyTransitioning(StateTransitionController.java:233)
	at org.gradle.api.internal.project.ProjectLifecycleController.ensureSelfConfigured(ProjectLifecycleController.java:93)
	at org.gradle.api.internal.project.DefaultProjectStateRegistry$ProjectStateImpl.ensureConfigured(DefaultProjectStateRegistry.java:408)
	at org.gradle.execution.TaskPathProjectEvaluator.configure(TaskPathProjectEvaluator.java:71)
	at org.gradle.execution.TaskPathProjectEvaluator.configureHierarchy(TaskPathProjectEvaluator.java:85)
	at org.gradle.configuration.DefaultProjectsPreparer.prepareProjects(DefaultProjectsPreparer.java:50)
	at org.gradle.configuration.BuildTreePreparingProjectsPreparer.prepareProjects(BuildTreePreparingProjectsPreparer.java:65)
	at org.gradle.configuration.BuildOperationFiringProjectsPreparer$ConfigureBuild.run(BuildOperationFiringProjectsPreparer.java:52)
	at org.gradle.internal.operations.DefaultBuildOperationRunner$1.execute(DefaultBuildOperationRunner.java:30)
	at org.gradle.internal.operations.DefaultBuildOperationRunner$1.execute(DefaultBuildOperationRunner.java:27)
	at org.gradle.internal.operations.DefaultBuildOperationRunner$2.execute(DefaultBuildOperationRunner.java:67)
	at org.gradle.internal.operations.DefaultBuildOperationRunner$2.execute(DefaultBuildOperationRunner.java:60)
	at org.gradle.internal.operations.DefaultBuildOperationRunner.execute(DefaultBuildOperationRunner.java:167)
	at org.gradle.internal.operations.DefaultBuildOperationRunner.execute(DefaultBuildOperationRunner.java:60)
	at org.gradle.internal.operations.DefaultBuildOperationRunner.run(DefaultBuildOperationRunner.java:48)
	at org.gradle.configuration.BuildOperationFiringProjectsPreparer.prepareProjects(BuildOperationFiringProjectsPreparer.java:40)
	at org.gradle.initialization.VintageBuildModelController.lambda$prepareProjects$2(VintageBuildModelController.java:83)
	at org.gradle.internal.model.StateTransitionController.lambda$doTransition$15(StateTransitionController.java:293)
	at org.gradle.internal.model.StateTransitionController.doTransition(StateTransitionController.java:304)
	at org.gradle.internal.model.StateTransitionController.doTransition(StateTransitionController.java:292)
	at org.gradle.internal.model.StateTransitionController.lambda$transitionIfNotPreviously$12(StateTransitionController.java:251)
	at org.gradle.internal.work.DefaultSynchronizer.withLock(DefaultSynchronizer.java:35)
	at org.gradle.internal.model.StateTransitionController.transitionIfNotPreviously(StateTransitionController.java:247)
	at org.gradle.initialization.VintageBuildModelController.prepareProjects(VintageBuildModelController.java:83)
	at org.gradle.initialization.VintageBuildModelController.prepareToScheduleTasks(VintageBuildModelController.java:70)
	at org.gradle.internal.build.DefaultBuildLifecycleController.lambda$prepareToScheduleTasks$7(DefaultBuildLifecycleController.java:185)
	at org.gradle.internal.model.StateTransitionController.lambda$doTransition$15(StateTransitionController.java:293)
	at org.gradle.internal.model.StateTransitionController.doTransition(StateTransitionController.java:304)
	at org.gradle.internal.model.StateTransitionController.doTransition(StateTransitionController.java:292)
	at org.gradle.internal.model.StateTransitionController.lambda$maybeTransition$10(StateTransitionController.java:228)
	at org.gradle.internal.work.DefaultSynchronizer.withLock(DefaultSynchronizer.java:35)
	at org.gradle.internal.model.StateTransitionController.maybeTransition(StateTransitionController.java:224)
	at org.gradle.internal.build.DefaultBuildLifecycleController.prepareToScheduleTasks(DefaultBuildLifecycleController.java:183)
	at org.gradle.internal.buildtree.DefaultBuildTreeWorkPreparer.scheduleRequestedTasks(DefaultBuildTreeWorkPreparer.java:35)
	at org.gradle.internal.cc.impl.barrier.BarrierAwareBuildTreeWorkPreparer.scheduleRequestedTasks$lambda$0(BarrierAwareBuildTreeWorkPreparer.kt:34)
	at org.gradle.internal.cc.impl.barrier.VintageConfigurationTimeActionRunner.runConfigurationTimeAction(VintageConfigurationTimeActionRunner.kt:48)
	at org.gradle.internal.cc.impl.barrier.BarrierAwareBuildTreeWorkPreparer.scheduleRequestedTasks(BarrierAwareBuildTreeWorkPreparer.kt:33)
	at org.gradle.internal.cc.impl.VintageBuildTreeWorkController$scheduleAndRunRequestedTasks$1$finalizedGraph$1.call(VintageBuildTreeWorkController.kt:37)
	at org.gradle.internal.cc.impl.VintageBuildTreeWorkController$scheduleAndRunRequestedTasks$1$finalizedGraph$1.call(VintageBuildTreeWorkController.kt:37)
	at org.gradle.internal.Try.ofFailable(Try.java:46)
	at org.gradle.internal.cc.impl.VintageBuildTreeWorkController$scheduleAndRunRequestedTasks$1.apply(VintageBuildTreeWorkController.kt:37)
	at org.gradle.internal.cc.impl.VintageBuildTreeWorkController$scheduleAndRunRequestedTasks$1.apply(VintageBuildTreeWorkController.kt:36)
	at org.gradle.composite.internal.DefaultIncludedBuildTaskGraph.withNewWorkGraph(DefaultIncludedBuildTaskGraph.java:115)
	at org.gradle.internal.cc.impl.VintageBuildTreeWorkController.scheduleAndRunRequestedTasks(VintageBuildTreeWorkController.kt:36)
	at org.gradle.internal.buildtree.DefaultBuildTreeLifecycleController.lambda$scheduleAndRunTasks$1(DefaultBuildTreeLifecycleController.java:84)
	at org.gradle.internal.buildtree.DefaultBuildTreeLifecycleController.lambda$runBuild$5(DefaultBuildTreeLifecycleController.java:142)
	at org.gradle.internal.model.StateTransitionController.lambda$transition$7(StateTransitionController.java:207)
	at org.gradle.internal.model.StateTransitionController.doTransition(StateTransitionController.java:304)
	at org.gradle.internal.model.StateTransitionController.lambda$transition$8(StateTransitionController.java:207)
	at org.gradle.internal.work.DefaultSynchronizer.withLock(DefaultSynchronizer.java:45)
	at org.gradle.internal.model.StateTransitionController.transition(StateTransitionController.java:207)
	at org.gradle.internal.buildtree.DefaultBuildTreeLifecycleController.runBuild(DefaultBuildTreeLifecycleController.java:139)
	at org.gradle.internal.buildtree.DefaultBuildTreeLifecycleController.scheduleAndRunTasks(DefaultBuildTreeLifecycleController.java:84)
	at org.gradle.internal.buildtree.DefaultBuildTreeLifecycleController.scheduleAndRunTasks(DefaultBuildTreeLifecycleController.java:79)
	at org.gradle.tooling.internal.provider.ExecuteBuildActionRunner.run(ExecuteBuildActionRunner.java:31)
	at org.gradle.launcher.exec.ChainingBuildActionRunner.run(ChainingBuildActionRunner.java:35)
	at org.gradle.internal.buildtree.ProblemReportingBuildActionRunner.run(ProblemReportingBuildActionRunner.java:54)
	at org.gradle.launcher.exec.BuildOutcomeReportingBuildActionRunner.run(BuildOutcomeReportingBuildActionRunner.java:83)
	at org.gradle.tooling.internal.provider.FileSystemWatchingBuildActionRunner.run(FileSystemWatchingBuildActionRunner.java:135)
	at org.gradle.launcher.exec.BuildCompletionNotifyingBuildActionRunner.run(BuildCompletionNotifyingBuildActionRunner.java:54)
	at org.gradle.launcher.exec.RootBuildLifecycleBuildActionExecutor.lambda$execute$0(RootBuildLifecycleBuildActionExecutor.java:101)
	at org.gradle.composite.internal.DefaultRootBuildState.run(DefaultRootBuildState.java:126)
	at org.gradle.launcher.exec.RootBuildLifecycleBuildActionExecutor.execute(RootBuildLifecycleBuildActionExecutor.java:101)
	at org.gradle.launcher.exec.BuildTreeLifecycleBuildActionExecutor.runRootBuildAction(BuildTreeLifecycleBuildActionExecutor.java:104)
	at org.gradle.launcher.exec.BuildTreeLifecycleBuildActionExecutor.execute(BuildTreeLifecycleBuildActionExecutor.java:74)
	at org.gradle.launcher.exec.RunAsBuildOperationBuildActionExecutor$2.call(RunAsBuildOperationBuildActionExecutor.java:65)
	at org.gradle.launcher.exec.RunAsBuildOperationBuildActionExecutor$2.call(RunAsBuildOperationBuildActionExecutor.java:61)
	at org.gradle.internal.operations.DefaultBuildOperationRunner$CallableBuildOperationWorker.execute(DefaultBuildOperationRunner.java:210)
	at org.gradle.internal.operations.DefaultBuildOperationRunner$CallableBuildOperationWorker.execute(DefaultBuildOperationRunner.java:205)
	at org.gradle.internal.operations.DefaultBuildOperationRunner$2.execute(DefaultBuildOperationRunner.java:67)
	at org.gradle.internal.operations.DefaultBuildOperationRunner$2.execute(DefaultBuildOperationRunner.java:60)
	at org.gradle.internal.operations.DefaultBuildOperationRunner.execute(DefaultBuildOperationRunner.java:167)
	at org.gradle.internal.operations.DefaultBuildOperationRunner.execute(DefaultBuildOperationRunner.java:60)
	at org.gradle.internal.operations.DefaultBuildOperationRunner.call(DefaultBuildOperationRunner.java:54)
	at org.gradle.launcher.exec.RunAsBuildOperationBuildActionExecutor.execute(RunAsBuildOperationBuildActionExecutor.java:61)
	at org.gradle.launcher.exec.RunAsWorkerThreadBuildActionExecutor.lambda$execute$0(RunAsWorkerThreadBuildActionExecutor.java:36)
	at org.gradle.internal.work.DefaultWorkerLeaseService.lambda$withLocksAcquired$0(DefaultWorkerLeaseService.java:275)
	at org.gradle.internal.work.ResourceLockStatistics$1.measure(ResourceLockStatistics.java:43)
	at org.gradle.internal.work.DefaultWorkerLeaseService.withLocksAcquired(DefaultWorkerLeaseService.java:273)
	at org.gradle.internal.work.DefaultWorkerLeaseService.withLocks(DefaultWorkerLeaseService.java:265)
	at org.gradle.internal.work.DefaultWorkerLeaseService.runAsWorkerThread(DefaultWorkerLeaseService.java:128)
	at org.gradle.launcher.exec.RunAsWorkerThreadBuildActionExecutor.execute(RunAsWorkerThreadBuildActionExecutor.java:36)
	at org.gradle.tooling.internal.provider.continuous.ContinuousBuildActionExecutor.execute(ContinuousBuildActionExecutor.java:110)
	at org.gradle.tooling.internal.provider.SubscribableBuildActionExecutor.execute(SubscribableBuildActionExecutor.java:64)
	at org.gradle.internal.session.DefaultBuildSessionContext.execute(DefaultBuildSessionContext.java:46)
	at org.gradle.internal.buildprocess.execution.BuildSessionLifecycleBuildActionExecutor$ActionImpl.apply(BuildSessionLifecycleBuildActionExecutor.java:106)
	at org.gradle.internal.buildprocess.execution.BuildSessionLifecycleBuildActionExecutor$ActionImpl.apply(BuildSessionLifecycleBuildActionExecutor.java:94)
	at org.gradle.internal.session.BuildSessionState.run(BuildSessionState.java:73)
	at org.gradle.internal.buildprocess.execution.BuildSessionLifecycleBuildActionExecutor.execute(BuildSessionLifecycleBuildActionExecutor.java:67)
	at org.gradle.internal.buildprocess.execution.BuildSessionLifecycleBuildActionExecutor.execute(BuildSessionLifecycleBuildActionExecutor.java:45)
	at org.gradle.internal.buildprocess.execution.StartParamsValidatingActionExecutor.execute(StartParamsValidatingActionExecutor.java:57)
	at org.gradle.internal.buildprocess.execution.StartParamsValidatingActionExecutor.execute(StartParamsValidatingActionExecutor.java:32)
	at org.gradle.internal.buildprocess.execution.SessionFailureReportingActionExecutor.execute(SessionFailureReportingActionExecutor.java:51)
	at org.gradle.internal.buildprocess.execution.SessionFailureReportingActionExecutor.execute(SessionFailureReportingActionExecutor.java:39)
	at org.gradle.internal.buildprocess.execution.SetupLoggingActionExecutor.execute(SetupLoggingActionExecutor.java:47)
	at org.gradle.internal.buildprocess.execution.SetupLoggingActionExecutor.execute(SetupLoggingActionExecutor.java:31)
	at org.gradle.launcher.daemon.server.exec.ExecuteBuild.doBuild(ExecuteBuild.java:70)
	at org.gradle.launcher.daemon.server.exec.BuildCommandOnly.execute(BuildCommandOnly.java:37)
	at org.gradle.launcher.daemon.server.api.DaemonCommandExecution.proceed(DaemonCommandExecution.java:104)
	at org.gradle.launcher.daemon.server.exec.WatchForDisconnection.execute(WatchForDisconnection.java:39)
	at org.gradle.launcher.daemon.server.api.DaemonCommandExecution.proceed(DaemonCommandExecution.java:104)
	at org.gradle.launcher.daemon.server.exec.ResetDeprecationLogger.execute(ResetDeprecationLogger.java:29)
	at org.gradle.launcher.daemon.server.api.DaemonCommandExecution.proceed(DaemonCommandExecution.java:104)
	at org.gradle.launcher.daemon.server.exec.RequestStopIfSingleUsedDaemon.execute(RequestStopIfSingleUsedDaemon.java:35)
	at org.gradle.launcher.daemon.server.api.DaemonCommandExecution.proceed(DaemonCommandExecution.java:104)
	at org.gradle.launcher.daemon.server.exec.ForwardClientInput.lambda$execute$0(ForwardClientInput.java:40)
	at org.gradle.internal.daemon.clientinput.ClientInputForwarder.forwardInput(ClientInputForwarder.java:80)
	at org.gradle.launcher.daemon.server.exec.ForwardClientInput.execute(ForwardClientInput.java:37)
	at org.gradle.launcher.daemon.server.api.DaemonCommandExecution.proceed(DaemonCommandExecution.java:104)
	at org.gradle.launcher.daemon.server.exec.LogAndCheckHealth.execute(LogAndCheckHealth.java:53)
	at org.gradle.launcher.daemon.server.api.DaemonCommandExecution.proceed(DaemonCommandExecution.java:104)
	at org.gradle.launcher.daemon.server.exec.LogToClient.doBuild(LogToClient.java:63)
	at org.gradle.launcher.daemon.server.exec.BuildCommandOnly.execute(BuildCommandOnly.java:37)
	at org.gradle.launcher.daemon.server.api.DaemonCommandExecution.proceed(DaemonCommandExecution.java:104)
	at org.gradle.launcher.daemon.server.exec.EstablishBuildEnvironment.doBuild(EstablishBuildEnvironment.java:84)
	at org.gradle.launcher.daemon.server.exec.BuildCommandOnly.execute(BuildCommandOnly.java:37)
	at org.gradle.launcher.daemon.server.api.DaemonCommandExecution.proceed(DaemonCommandExecution.java:104)
	at org.gradle.launcher.daemon.server.exec.StartBuildOrRespondWithBusy$1.run(StartBuildOrRespondWithBusy.java:52)
	at org.gradle.launcher.daemon.server.DaemonStateCoordinator.lambda$runCommand$0(DaemonStateCoordinator.java:321)
	at org.gradle.internal.concurrent.ExecutorPolicy$CatchAndRecordFailures.onExecute(ExecutorPolicy.java:64)
	at org.gradle.internal.concurrent.AbstractManagedExecutor$1.run(AbstractManagedExecutor.java:47)
Caused by: org.gradle.api.resources.ResourceException: Could not get resource 'https://repo.maven.apache.org/maven2/org/jetbrains/kotlin/jvm/org.jetbrains.kotlin.jvm.gradle.plugin/2.4.10/org.jetbrains.kotlin.jvm.gradle.plugin-2.4.10.jar'.
	at org.gradle.internal.resource.ResourceExceptions.failure(ResourceExceptions.java:74)
	at org.gradle.internal.resource.ResourceExceptions.getFailed(ResourceExceptions.java:57)
	at org.gradle.api.internal.artifacts.repositories.resolver.DefaultExternalResourceArtifactResolver.staticResourceExists(DefaultExternalResourceArtifactResolver.java:83)
	at org.gradle.api.internal.artifacts.repositories.resolver.DefaultExternalResourceArtifactResolver.artifactExists(DefaultExternalResourceArtifactResolver.java:67)
	at org.gradle.api.internal.artifacts.repositories.resolver.ExternalResourceResolver$RemoteRepositoryAccess.resolveArtifact(ExternalResourceResolver.java:472)
	at org.gradle.api.internal.artifacts.ivyservice.ivyresolve.CachingModuleComponentRepository$ResolveAndCacheRepositoryAccess.resolveArtifact(CachingModuleComponentRepository.java:470)
	at org.gradle.api.internal.artifacts.ivyservice.ivyresolve.ErrorHandlingModuleComponentRepository$ErrorHandlingModuleComponentRepositoryAccess.lambda$resolveArtifact$12(ErrorHandlingModuleComponentRepository.java:180)
	at org.gradle.api.internal.artifacts.ivyservice.ivyresolve.ErrorHandlingModuleComponentRepository$ErrorHandlingModuleComponentRepositoryAccess.tryResolveAndMaybeDisable(ErrorHandlingModuleComponentRepository.java:251)
	... 213 more
Caused by: org.gradle.internal.resource.transport.http.HttpErrorStatusCodeException: Could not HEAD 'https://repo.maven.apache.org/maven2/org/jetbrains/kotlin/jvm/org.jetbrains.kotlin.jvm.gradle.plugin/2.4.10/org.jetbrains.kotlin.jvm.gradle.plugin-2.4.10.jar'. Received status code 429 from server: Too Many Requests
	at org.gradle.internal.resource.transport.http.ApacheCommonsHttpClient.processResponse(ApacheCommonsHttpClient.java:310)
	at org.gradle.internal.resource.transport.http.ApacheCommonsHttpClient.performHead(ApacheCommonsHttpClient.java:114)
	at org.gradle.internal.resource.transport.http.HttpResourceAccessor.getMetaData(HttpResourceAccessor.java:58)
	at org.gradle.internal.resource.transfer.DefaultExternalResourceConnector.getMetaData(DefaultExternalResourceConnector.java:66)
	at org.gradle.internal.resource.transfer.ProgressLoggingExternalResourceAccessor$MetadataOperation.call(ProgressLoggingExternalResourceAccessor.java:173)
	at org.gradle.internal.resource.transfer.ProgressLoggingExternalResourceAccessor$MetadataOperation.call(ProgressLoggingExternalResourceAccessor.java:161)
	at org.gradle.internal.operations.DefaultBuildOperationRunner$CallableBuildOperationWorker.execute(DefaultBuildOperationRunner.java:210)
	at org.gradle.internal.operations.DefaultBuildOperationRunner$CallableBuildOperationWorker.execute(DefaultBuildOperationRunner.java:205)
	at org.gradle.internal.operations.DefaultBuildOperationRunner$2.execute(DefaultBuildOperationRunner.java:67)
	at org.gradle.internal.operations.DefaultBuildOperationRunner$2.execute(DefaultBuildOperationRunner.java:60)
	at org.gradle.internal.operations.DefaultBuildOperationRunner.execute(DefaultBuildOperationRunner.java:167)
	at org.gradle.internal.operations.DefaultBuildOperationRunner.execute(DefaultBuildOperationRunner.java:60)
	at org.gradle.internal.operations.DefaultBuildOperationRunner.call(DefaultBuildOperationRunner.java:54)
	at org.gradle.internal.resource.transfer.ProgressLoggingExternalResourceAccessor.getMetaData(ProgressLoggingExternalResourceAccessor.java:55)
	at org.gradle.internal.resource.transfer.AccessorBackedExternalResource.getMetaData(AccessorBackedExternalResource.java:156)
	at org.gradle.api.internal.artifacts.repositories.resolver.DefaultExternalResourceArtifactResolver.staticResourceExists(DefaultExternalResourceArtifactResolver.java:79)
	... 218 more

==============================================================================

19: Task failed with an exception.
-----------
* What went wrong:
Execution failed for task ':domain:compileTestKotlin'.
> A failure occurred while executing org.jetbrains.kotlin.compilerRunner.btapi.BuildToolsApiCompilationWork
   > Compilation error. See log for more details

* Try:
> Run with --info or --debug option to get more log output.
> Run with --scan to get full insights from a Build Scan (powered by Develocity).
> Get more help at https://help.gradle.org.

* Exception is:
org.gradle.api.tasks.TaskExecutionException: Execution failed for task ':domain:compileTestKotlin'.
	at org.gradle.api.internal.tasks.execution.ExecuteActionsTaskExecuter.lambda$executeIfValid$1(ExecuteActionsTaskExecuter.java:135)
	at org.gradle.internal.Try$Failure.ifSuccessfulOrElse(Try.java:288)
	at org.gradle.api.internal.tasks.execution.ExecuteActionsTaskExecuter.executeIfValid(ExecuteActionsTaskExecuter.java:133)
	at org.gradle.api.internal.tasks.execution.ExecuteActionsTaskExecuter.execute(ExecuteActionsTaskExecuter.java:121)
	at org.gradle.api.internal.tasks.execution.ProblemsTaskPathTrackingTaskExecuter.execute(ProblemsTaskPathTrackingTaskExecuter.java:41)
	at org.gradle.api.internal.tasks.execution.ResolveTaskExecutionModeExecuter.execute(ResolveTaskExecutionModeExecuter.java:51)
	at org.gradle.api.internal.tasks.execution.FinalizePropertiesTaskExecuter.execute(FinalizePropertiesTaskExecuter.java:46)
	at org.gradle.api.internal.tasks.execution.SkipTaskWithNoActionsExecuter.execute(SkipTaskWithNoActionsExecuter.java:57)
	at org.gradle.api.internal.tasks.execution.SkipOnlyIfTaskExecuter.execute(SkipOnlyIfTaskExecuter.java:74)
	at org.gradle.api.internal.tasks.execution.CatchExceptionTaskExecuter.execute(CatchExceptionTaskExecuter.java:36)
	at org.gradle.api.internal.tasks.execution.EventFiringTaskExecuter$1.executeTask(EventFiringTaskExecuter.java:77)
	at org.gradle.api.internal.tasks.execution.EventFiringTaskExecuter$1.call(EventFiringTaskExecuter.java:55)
	at org.gradle.api.internal.tasks.execution.EventFiringTaskExecuter$1.call(EventFiringTaskExecuter.java:52)
	at org.gradle.internal.operations.DefaultBuildOperationRunner$CallableBuildOperationWorker.execute(DefaultBuildOperationRunner.java:210)
	at org.gradle.internal.operations.DefaultBuildOperationRunner$CallableBuildOperationWorker.execute(DefaultBuildOperationRunner.java:205)
	at org.gradle.internal.operations.DefaultBuildOperationRunner$2.execute(DefaultBuildOperationRunner.java:67)
	at org.gradle.internal.operations.DefaultBuildOperationRunner$2.execute(DefaultBuildOperationRunner.java:60)
	at org.gradle.internal.operations.DefaultBuildOperationRunner.execute(DefaultBuildOperationRunner.java:167)
	at org.gradle.internal.operations.DefaultBuildOperationRunner.execute(DefaultBuildOperationRunner.java:60)
	at org.gradle.internal.operations.DefaultBuildOperationRunner.call(DefaultBuildOperationRunner.java:54)
	at org.gradle.api.internal.tasks.execution.EventFiringTaskExecuter.execute(EventFiringTaskExecuter.java:52)
	at org.gradle.execution.plan.DefaultNodeExecutor.executeLocalTaskNode(DefaultNodeExecutor.java:55)
	at org.gradle.execution.plan.DefaultNodeExecutor.execute(DefaultNodeExecutor.java:34)
	at org.gradle.execution.taskgraph.DefaultTaskExecutionGraph$InvokeNodeExecutorsAction.execute(DefaultTaskExecutionGraph.java:355)
	at org.gradle.execution.taskgraph.DefaultTaskExecutionGraph$InvokeNodeExecutorsAction.execute(DefaultTaskExecutionGraph.java:343)
	at org.gradle.execution.taskgraph.DefaultTaskExecutionGraph$BuildOperationAwareExecutionAction.lambda$execute$0(DefaultTaskExecutionGraph.java:339)
	at org.gradle.internal.operations.CurrentBuildOperationRef.with(CurrentBuildOperationRef.java:84)
	at org.gradle.execution.taskgraph.DefaultTaskExecutionGraph$BuildOperationAwareExecutionAction.execute(DefaultTaskExecutionGraph.java:339)
	at org.gradle.execution.taskgraph.DefaultTaskExecutionGraph$BuildOperationAwareExecutionAction.execute(DefaultTaskExecutionGraph.java:328)
	at org.gradle.execution.plan.DefaultPlanExecutor$ExecutorWorker.execute(DefaultPlanExecutor.java:459)
	at org.gradle.execution.plan.DefaultPlanExecutor$ExecutorWorker.run(DefaultPlanExecutor.java:376)
	at org.gradle.execution.plan.DefaultPlanExecutor.process(DefaultPlanExecutor.java:111)
	at org.gradle.execution.taskgraph.DefaultTaskExecutionGraph.executeWithServices(DefaultTaskExecutionGraph.java:146)
	at org.gradle.execution.taskgraph.DefaultTaskExecutionGraph.execute(DefaultTaskExecutionGraph.java:131)
	at org.gradle.execution.SelectedTaskExecutionAction.execute(SelectedTaskExecutionAction.java:35)
	at org.gradle.execution.BuildOperationFiringBuildWorkerExecutor$ExecuteTasks.call(BuildOperationFiringBuildWorkerExecutor.java:54)
	at org.gradle.execution.BuildOperationFiringBuildWorkerExecutor$ExecuteTasks.call(BuildOperationFiringBuildWorkerExecutor.java:43)
	at org.gradle.internal.operations.DefaultBuildOperationRunner$CallableBuildOperationWorker.execute(DefaultBuildOperationRunner.java:210)
	at org.gradle.internal.operations.DefaultBuildOperationRunner$CallableBuildOperationWorker.execute(DefaultBuildOperationRunner.java:205)
	at org.gradle.internal.operations.DefaultBuildOperationRunner$2.execute(DefaultBuildOperationRunner.java:67)
	at org.gradle.internal.operations.DefaultBuildOperationRunner$2.execute(DefaultBuildOperationRunner.java:60)
	at org.gradle.internal.operations.DefaultBuildOperationRunner.execute(DefaultBuildOperationRunner.java:167)
	at org.gradle.internal.operations.DefaultBuildOperationRunner.execute(DefaultBuildOperationRunner.java:60)
	at org.gradle.internal.operations.DefaultBuildOperationRunner.call(DefaultBuildOperationRunner.java:54)
	at org.gradle.execution.BuildOperationFiringBuildWorkerExecutor.execute(BuildOperationFiringBuildWorkerExecutor.java:40)
	at org.gradle.internal.build.DefaultBuildLifecycleController.lambda$executeTasks$11(DefaultBuildLifecycleController.java:323)
	at org.gradle.internal.model.StateTransitionController.doTransition(StateTransitionController.java:304)
	at org.gradle.internal.model.StateTransitionController.lambda$tryTransition$9(StateTransitionController.java:215)
	at org.gradle.internal.work.DefaultSynchronizer.withLock(DefaultSynchronizer.java:45)
	at org.gradle.internal.model.StateTransitionController.tryTransition(StateTransitionController.java:215)
	at org.gradle.internal.build.DefaultBuildLifecycleController.executeTasks(DefaultBuildLifecycleController.java:314)
	at org.gradle.internal.build.DefaultBuildWorkGraphController$DefaultBuildWorkGraph.runWork(DefaultBuildWorkGraphController.java:220)
	at org.gradle.internal.work.DefaultWorkerLeaseService.lambda$withLocksAcquired$0(DefaultWorkerLeaseService.java:275)
	at org.gradle.internal.work.ResourceLockStatistics$1.measure(ResourceLockStatistics.java:43)
	at org.gradle.internal.work.DefaultWorkerLeaseService.withLocksAcquired(DefaultWorkerLeaseService.java:273)
	at org.gradle.internal.work.DefaultWorkerLeaseService.withLocks(DefaultWorkerLeaseService.java:265)
	at org.gradle.internal.work.DefaultWorkerLeaseService.runAsWorkerThread(DefaultWorkerLeaseService.java:128)
	at org.gradle.composite.internal.DefaultBuildController.doRun(DefaultBuildController.java:182)
	at org.gradle.composite.internal.DefaultBuildController.access$000(DefaultBuildController.java:50)
	at org.gradle.composite.internal.DefaultBuildController$BuildOpRunnable.lambda$run$0(DefaultBuildController.java:199)
	at org.gradle.internal.operations.CurrentBuildOperationRef.with(CurrentBuildOperationRef.java:84)
	at org.gradle.composite.internal.DefaultBuildController$BuildOpRunnable.run(DefaultBuildController.java:199)
	at java.base/java.util.concurrent.Executors$RunnableAdapter.call(Executors.java:572)
	at java.base/java.util.concurrent.FutureTask.run(FutureTask.java:317)
	at org.gradle.internal.concurrent.ExecutorPolicy$CatchAndRecordFailures.onExecute(ExecutorPolicy.java:64)
	at org.gradle.internal.concurrent.AbstractManagedExecutor$1.run(AbstractManagedExecutor.java:47)
	at java.base/java.util.concurrent.ThreadPoolExecutor.runWorker(ThreadPoolExecutor.java:1144)
	at java.base/java.util.concurrent.ThreadPoolExecutor$Worker.run(ThreadPoolExecutor.java:642)
	at java.base/java.lang.Thread.run(Thread.java:1583)
Caused by: org.gradle.workers.internal.DefaultWorkerExecutor$WorkExecutionException: A failure occurred while executing org.jetbrains.kotlin.compilerRunner.btapi.BuildToolsApiCompilationWork
	at org.gradle.workers.internal.DefaultWorkerExecutor$WorkItemExecution.waitForCompletion(DefaultWorkerExecutor.java:289)
	at org.gradle.internal.work.DefaultAsyncWorkTracker.lambda$waitForItemsAndGatherFailures$2(DefaultAsyncWorkTracker.java:130)
	at org.gradle.internal.Factories$1.create(Factories.java:30)
	at org.gradle.internal.work.DefaultWorkerLeaseService.lambda$withoutLocks$2(DefaultWorkerLeaseService.java:350)
	at org.gradle.internal.work.ResourceLockStatistics$1.measure(ResourceLockStatistics.java:43)
	at org.gradle.internal.work.DefaultWorkerLeaseService.withoutLocks(DefaultWorkerLeaseService.java:348)
	at org.gradle.internal.work.DefaultWorkerLeaseService.withoutLocks(DefaultWorkerLeaseService.java:332)
	at org.gradle.internal.work.DefaultWorkerLeaseService.withoutLock(DefaultWorkerLeaseService.java:337)
	at org.gradle.internal.work.DefaultAsyncWorkTracker.waitForItemsAndGatherFailures(DefaultAsyncWorkTracker.java:126)
	at org.gradle.internal.work.DefaultAsyncWorkTracker.waitForItemsAndGatherFailures(DefaultAsyncWorkTracker.java:92)
	at org.gradle.internal.work.DefaultAsyncWorkTracker.waitForAll(DefaultAsyncWorkTracker.java:78)
	at org.gradle.internal.work.DefaultAsyncWorkTracker.waitForCompletion(DefaultAsyncWorkTracker.java:66)
	at org.gradle.api.internal.tasks.execution.TaskExecution$3.run(TaskExecution.java:267)
	at org.gradle.internal.operations.DefaultBuildOperationRunner$1.execute(DefaultBuildOperationRunner.java:30)
	at org.gradle.internal.operations.DefaultBuildOperationRunner$1.execute(DefaultBuildOperationRunner.java:27)
	at org.gradle.internal.operations.DefaultBuildOperationRunner$2.execute(DefaultBuildOperationRunner.java:67)
	at org.gradle.internal.operations.DefaultBuildOperationRunner$2.execute(DefaultBuildOperationRunner.java:60)
	at org.gradle.internal.operations.DefaultBuildOperationRunner.execute(DefaultBuildOperationRunner.java:167)
	at org.gradle.internal.operations.DefaultBuildOperationRunner.execute(DefaultBuildOperationRunner.java:60)
	at org.gradle.internal.operations.DefaultBuildOperationRunner.run(DefaultBuildOperationRunner.java:48)
	at org.gradle.api.internal.tasks.execution.TaskExecution.executeAction(TaskExecution.java:244)
	at org.gradle.api.internal.tasks.execution.TaskExecution.executeActions(TaskExecution.java:227)
	at org.gradle.api.internal.tasks.execution.TaskExecution.executeWithPreviousOutputFiles(TaskExecution.java:210)
	at org.gradle.api.internal.tasks.execution.TaskExecution.execute(TaskExecution.java:176)
	at org.gradle.internal.execution.steps.ExecuteStep.executeInternal(ExecuteStep.java:167)
	at org.gradle.internal.execution.steps.ExecuteStep.access$000(ExecuteStep.java:47)
	at org.gradle.internal.execution.steps.ExecuteStep$1.call(ExecuteStep.java:137)
	at org.gradle.internal.execution.steps.ExecuteStep$1.call(ExecuteStep.java:134)
	at org.gradle.internal.operations.DefaultBuildOperationRunner$CallableBuildOperationWorker.execute(DefaultBuildOperationRunner.java:210)
	at org.gradle.internal.operations.DefaultBuildOperationRunner$CallableBuildOperationWorker.execute(DefaultBuildOperationRunner.java:205)
	at org.gradle.internal.operations.DefaultBuildOperationRunner$2.execute(DefaultBuildOperationRunner.java:67)
	at org.gradle.internal.operations.DefaultBuildOperationRunner$2.execute(DefaultBuildOperationRunner.java:60)
	at org.gradle.internal.operations.DefaultBuildOperationRunner.execute(DefaultBuildOperationRunner.java:167)
	at org.gradle.internal.operations.DefaultBuildOperationRunner.execute(DefaultBuildOperationRunner.java:60)
	at org.gradle.internal.operations.DefaultBuildOperationRunner.call(DefaultBuildOperationRunner.java:54)
	at org.gradle.internal.execution.steps.ExecuteStep.execute(ExecuteStep.java:134)
	at org.gradle.internal.execution.steps.ExecuteStep$Mutable.execute(ExecuteStep.java:80)
	at org.gradle.internal.execution.steps.CancelExecutionStep.execute(CancelExecutionStep.java:42)
	at org.gradle.internal.execution.steps.TimeoutStep.executeWithoutTimeout(TimeoutStep.java:75)
	at org.gradle.internal.execution.steps.TimeoutStep.execute(TimeoutStep.java:55)
	at org.gradle.internal.execution.steps.PreCreateOutputParentsStep.execute(PreCreateOutputParentsStep.java:51)
	at org.gradle.internal.execution.steps.PreCreateOutputParentsStep.execute(PreCreateOutputParentsStep.java:29)
	at org.gradle.internal.execution.steps.RemovePreviousOutputsStep.executeMutable(RemovePreviousOutputsStep.java:67)
	at org.gradle.internal.execution.steps.RemovePreviousOutputsStep.executeMutable(RemovePreviousOutputsStep.java:39)
	at org.gradle.internal.execution.steps.MutableStep.execute(MutableStep.java:26)
	at org.gradle.internal.execution.steps.BroadcastChangingOutputsStep.execute(BroadcastChangingOutputsStep.java:42)
	at org.gradle.internal.execution.steps.BroadcastChangingOutputsStep.execute(BroadcastChangingOutputsStep.java:24)
	at org.gradle.internal.execution.steps.CaptureOutputsAfterExecutionStep.execute(CaptureOutputsAfterExecutionStep.java:69)
	at org.gradle.internal.execution.steps.CaptureOutputsAfterExecutionStep.execute(CaptureOutputsAfterExecutionStep.java:46)
	at org.gradle.internal.execution.steps.ResolveInputChangesStep.executeMutable(ResolveInputChangesStep.java:39)
	at org.gradle.internal.execution.steps.ResolveInputChangesStep.executeMutable(ResolveInputChangesStep.java:28)
	at org.gradle.internal.execution.steps.MutableStep.execute(MutableStep.java:26)
	at org.gradle.internal.execution.steps.BuildCacheStep.executeWithoutCache(BuildCacheStep.java:189)
	at org.gradle.internal.execution.steps.BuildCacheStep.executeAndStoreInCache(BuildCacheStep.java:145)
	at org.gradle.internal.execution.steps.BuildCacheStep.lambda$executeWithCache$4(BuildCacheStep.java:104)
	at java.base/java.util.Optional.orElseGet(Optional.java:364)
	at org.gradle.internal.execution.steps.BuildCacheStep.lambda$executeWithCache$5(BuildCacheStep.java:104)
	at org.gradle.internal.Try$Success.map(Try.java:170)
	at org.gradle.internal.execution.steps.BuildCacheStep.executeWithCache(BuildCacheStep.java:88)
	at org.gradle.internal.execution.steps.BuildCacheStep.lambda$execute$0(BuildCacheStep.java:75)
	at org.gradle.internal.Either$Left.fold(Either.java:116)
	at org.gradle.internal.execution.caching.CachingState.fold(CachingState.java:62)
	at org.gradle.internal.execution.steps.BuildCacheStep.execute(BuildCacheStep.java:74)
	at org.gradle.internal.execution.steps.BuildCacheStep.execute(BuildCacheStep.java:49)
	at org.gradle.internal.execution.steps.StoreExecutionStateStep.executeMutable(StoreExecutionStateStep.java:46)
	at org.gradle.internal.execution.steps.StoreExecutionStateStep.executeMutable(StoreExecutionStateStep.java:35)
	at org.gradle.internal.execution.steps.MutableStep.execute(MutableStep.java:26)
	at org.gradle.internal.execution.steps.SkipUpToDateStep.executeBecause(SkipUpToDateStep.java:75)
	at org.gradle.internal.execution.steps.SkipUpToDateStep.lambda$execute$2(SkipUpToDateStep.java:53)
	at java.base/java.util.Optional.orElseGet(Optional.java:364)
	at org.gradle.internal.execution.steps.SkipUpToDateStep.execute(SkipUpToDateStep.java:53)
	at org.gradle.internal.execution.steps.SkipUpToDateStep.execute(SkipUpToDateStep.java:35)
	at org.gradle.internal.execution.steps.legacy.MarkSnapshottingInputsFinishedStep.execute(MarkSnapshottingInputsFinishedStep.java:37)
	at org.gradle.internal.execution.steps.legacy.MarkSnapshottingInputsFinishedStep.execute(MarkSnapshottingInputsFinishedStep.java:27)
	at org.gradle.internal.execution.steps.ResolveMutableCachingStateStep.executeDelegate(ResolveMutableCachingStateStep.java:70)
	at org.gradle.internal.execution.steps.ResolveMutableCachingStateStep.executeDelegate(ResolveMutableCachingStateStep.java:32)
	at org.gradle.internal.execution.steps.AbstractResolveCachingStateStep.execute(AbstractResolveCachingStateStep.java:69)
	at org.gradle.internal.execution.steps.AbstractResolveCachingStateStep.execute(AbstractResolveCachingStateStep.java:37)
	at org.gradle.internal.execution.steps.ResolveChangesStep.executeMutable(ResolveChangesStep.java:63)
	at org.gradle.internal.execution.steps.ResolveChangesStep.executeMutable(ResolveChangesStep.java:34)
	at org.gradle.internal.execution.steps.MutableStep.execute(MutableStep.java:26)
	at org.gradle.internal.execution.steps.ValidateStep$Mutable.executeDelegate(ValidateStep.java:79)
	at org.gradle.internal.execution.steps.ValidateStep$Mutable.executeDelegate(ValidateStep.java:65)
	at org.gradle.internal.execution.steps.ValidateStep.execute(ValidateStep.java:99)
	at org.gradle.internal.execution.steps.ValidateStep$Mutable.execute(ValidateStep.java:65)
	at org.gradle.internal.execution.steps.CaptureMutableStateBeforeExecutionStep.executeMutable(CaptureMutableStateBeforeExecutionStep.java:86)
	at org.gradle.internal.execution.steps.CaptureMutableStateBeforeExecutionStep.execute(CaptureMutableStateBeforeExecutionStep.java:65)
	at org.gradle.internal.execution.steps.CaptureMutableStateBeforeExecutionStep.execute(CaptureMutableStateBeforeExecutionStep.java:45)
	at org.gradle.internal.execution.steps.SkipEmptyMutableWorkStep.executeWithNonEmptySources(SkipEmptyMutableWorkStep.java:210)
	at org.gradle.internal.execution.steps.SkipEmptyMutableWorkStep.executeMutable(SkipEmptyMutableWorkStep.java:90)
	at org.gradle.internal.execution.steps.SkipEmptyMutableWorkStep.executeMutable(SkipEmptyMutableWorkStep.java:53)
	at org.gradle.internal.execution.steps.MutableStep.execute(MutableStep.java:26)
	at org.gradle.internal.execution.steps.legacy.MarkSnapshottingInputsStartedStep.execute(MarkSnapshottingInputsStartedStep.java:38)
	at org.gradle.internal.execution.steps.LoadPreviousExecutionStateStep.executeMutable(LoadPreviousExecutionStateStep.java:36)
	at org.gradle.internal.execution.steps.LoadPreviousExecutionStateStep.executeMutable(LoadPreviousExecutionStateStep.java:23)
	at org.gradle.internal.execution.steps.MutableStep.execute(MutableStep.java:26)
	at org.gradle.internal.execution.steps.HandleStaleOutputsStep.executeMutable(HandleStaleOutputsStep.java:77)
	at org.gradle.internal.execution.steps.HandleStaleOutputsStep.executeMutable(HandleStaleOutputsStep.java:43)
	at org.gradle.internal.execution.steps.MutableStep.execute(MutableStep.java:26)
	at org.gradle.internal.execution.steps.AssignMutableWorkspaceStep.lambda$executeMutable$0(AssignMutableWorkspaceStep.java:34)
	at org.gradle.api.internal.tasks.execution.TaskExecution$4.withWorkspace(TaskExecution.java:305)
	at org.gradle.internal.execution.steps.AssignMutableWorkspaceStep.executeMutable(AssignMutableWorkspaceStep.java:30)
	at org.gradle.internal.execution.steps.AssignMutableWorkspaceStep.executeMutable(AssignMutableWorkspaceStep.java:21)
	at org.gradle.internal.execution.steps.MutableStep.execute(MutableStep.java:26)
	at org.gradle.internal.execution.steps.ChoosePipelineStep.execute(ChoosePipelineStep.java:40)
	at org.gradle.internal.execution.steps.ChoosePipelineStep.execute(ChoosePipelineStep.java:23)
	at org.gradle.internal.execution.steps.ExecuteWorkBuildOperationFiringStep.lambda$execute$2(ExecuteWorkBuildOperationFiringStep.java:67)
	at java.base/java.util.Optional.orElseGet(Optional.java:364)
	at org.gradle.internal.execution.steps.ExecuteWorkBuildOperationFiringStep.execute(ExecuteWorkBuildOperationFiringStep.java:67)
	at org.gradle.internal.execution.steps.ExecuteWorkBuildOperationFiringStep.execute(ExecuteWorkBuildOperationFiringStep.java:39)
	at org.gradle.internal.execution.steps.IdentityCacheStep.execute(IdentityCacheStep.java:46)
	at org.gradle.internal.execution.steps.IdentityCacheStep.execute(IdentityCacheStep.java:34)
	at org.gradle.internal.execution.steps.IdentifyStep.execute(IdentifyStep.java:56)
	at org.gradle.internal.execution.steps.IdentifyStep.execute(IdentifyStep.java:38)
	at org.gradle.internal.execution.impl.DefaultExecutionEngine$1.execute(DefaultExecutionEngine.java:68)
	at org.gradle.api.internal.tasks.execution.ExecuteActionsTaskExecuter.executeIfValid(ExecuteActionsTaskExecuter.java:132)
	... 66 more
Caused by: org.jetbrains.kotlin.gradle.tasks.CompilationErrorException: Compilation error. See log for more details
	at org.jetbrains.kotlin.gradle.tasks.TasksUtilsKt.throwExceptionIfCompilationFailed(tasksUtils.kt:21)
	at org.jetbrains.kotlin.compilerRunner.btapi.BuildToolsApiCompilationWork.execute(BuildToolsApiCompilationWork.kt:320)
	at org.gradle.workers.internal.DefaultWorkerServer.execute(DefaultWorkerServer.java:68)
	at org.gradle.workers.internal.NoIsolationWorkerFactory$1$1.create(NoIsolationWorkerFactory.java:64)
	at org.gradle.workers.internal.NoIsolationWorkerFactory$1$1.create(NoIsolationWorkerFactory.java:61)
	at org.gradle.internal.classloader.ClassLoaderUtils.executeInClassloader(ClassLoaderUtils.java:102)
	at org.gradle.workers.internal.NoIsolationWorkerFactory$1.lambda$execute$0(NoIsolationWorkerFactory.java:61)
	at org.gradle.workers.internal.AbstractWorker$1.call(AbstractWorker.java:44)
	at org.gradle.workers.internal.AbstractWorker$1.call(AbstractWorker.java:41)
	at org.gradle.internal.operations.DefaultBuildOperationRunner$CallableBuildOperationWorker.execute(DefaultBuildOperationRunner.java:210)
	at org.gradle.internal.operations.DefaultBuildOperationRunner$CallableBuildOperationWorker.execute(DefaultBuildOperationRunner.java:205)
	at org.gradle.internal.operations.DefaultBuildOperationRunner$2.execute(DefaultBuildOperationRunner.java:67)
	at org.gradle.internal.operations.DefaultBuildOperationRunner$2.execute(DefaultBuildOperationRunner.java:60)
	at org.gradle.internal.operations.DefaultBuildOperationRunner.execute(DefaultBuildOperationRunner.java:167)
	at org.gradle.internal.operations.DefaultBuildOperationRunner.execute(DefaultBuildOperationRunner.java:60)
	at org.gradle.internal.operations.DefaultBuildOperationRunner.call(DefaultBuildOperationRunner.java:54)
	at org.gradle.workers.internal.AbstractWorker.executeWrappedInBuildOperation(AbstractWorker.java:41)
	at org.gradle.workers.internal.NoIsolationWorkerFactory$1.execute(NoIsolationWorkerFactory.java:58)
	at org.gradle.workers.internal.DefaultWorkerExecutor.lambda$submitWork$0(DefaultWorkerExecutor.java:176)
	at java.base/java.util.concurrent.FutureTask.run(FutureTask.java:317)
	at org.gradle.internal.work.DefaultConditionalExecutionQueue$ExecutionRunner.runExecution(DefaultConditionalExecutionQueue.java:194)
	at org.gradle.internal.work.DefaultConditionalExecutionQueue$ExecutionRunner.access$700(DefaultConditionalExecutionQueue.java:127)
	at org.gradle.internal.work.DefaultConditionalExecutionQueue$ExecutionRunner$1.run(DefaultConditionalExecutionQueue.java:169)
	at org.gradle.internal.Factories$1.create(Factories.java:30)
	at org.gradle.internal.work.DefaultWorkerLeaseService.lambda$withLocksAcquired$0(DefaultWorkerLeaseService.java:275)
	at org.gradle.internal.work.ResourceLockStatistics$1.measure(ResourceLockStatistics.java:43)
	at org.gradle.internal.work.DefaultWorkerLeaseService.withLocksAcquired(DefaultWorkerLeaseService.java:273)
	at org.gradle.internal.work.DefaultWorkerLeaseService.withLocks(DefaultWorkerLeaseService.java:265)
	at org.gradle.internal.work.DefaultWorkerLeaseService.runAsWorkerThread(DefaultWorkerLeaseService.java:128)
	at org.gradle.internal.work.DefaultWorkerLeaseService.runAsWorkerThread(DefaultWorkerLeaseService.java:133)
	at org.gradle.internal.work.DefaultConditionalExecutionQueue$ExecutionRunner.runBatch(DefaultConditionalExecutionQueue.java:164)
	at org.gradle.internal.work.DefaultConditionalExecutionQueue$ExecutionRunner.run(DefaultConditionalExecutionQueue.java:133)
	... 7 more

==============================================================================

BUILD FAILED in 2m 32s
137 actionable tasks: 122 executed, 15 from cache
[lint] apps/android/data/build/reports/lint-results-debug.xml: 0 error(s)
