⚙️  Generating plists...
⚙️  Generating project...
⚙️  Writing project...
Created project at /Users/runner/work/pocketcare-app/pocketcare-app/apps/ios/Sanvya.xcodeproj
Building for debugging...
[0/7] /Users/runner/work/pocketcare-app/pocketcare-app/apps/ios/Domain/.build/arm64-apple-macosx/debug/DomainPackageTests.derived/runner.swift
[1/7] Write sources
[4/7] Write swift-version-7974D3F7F03D5E95.txt
error: emit-module command failed with exit code 1 (use -v to see invocation)
[6/27] Emitting module Domain
/Users/runner/work/pocketcare-app/pocketcare-app/apps/ios/Domain/Sources/Domain/Budget.swift:176:14: error: invalid redeclaration of 'floorDiv'
174 | // ---------------- Credit-card billing cycle ----------------
175 | 
176 | private func floorDiv(_ a: Int, _ b: Int) -> Int {
    |              `- error: invalid redeclaration of 'floorDiv'
177 |     let q = a / b
178 |     let r = a % b

/Users/runner/work/pocketcare-app/pocketcare-app/apps/ios/Domain/Sources/Domain/Budget.swift:182:14: error: invalid redeclaration of 'floorMod'
180 | }
181 | 
182 | private func floorMod(_ a: Int, _ b: Int) -> Int {
    |              `- error: invalid redeclaration of 'floorMod'
183 |     let r = a % b
184 |     return (r != 0 && (r < 0) != (b < 0)) ? r + b : r
[7/27] Compiling Domain Mindfulness.swift
[8/27] Compiling Domain Money.swift
[9/27] Compiling Domain MoneyFormat.swift
[10/27] Compiling Domain Placeholder.swift
[11/27] Compiling Domain PocketCareSchema.swift
[12/27] Compiling Domain Push.swift
[13/27] Compiling Domain ReceiptsAllocate.swift
[14/27] Compiling Domain ReceiptsFixtures.swift
[15/27] Compiling Domain ReceiptsMoneyText.swift
[16/27] Compiling Domain Budget.swift
/Users/runner/work/pocketcare-app/pocketcare-app/apps/ios/Domain/Sources/Domain/Budget.swift:176:14: error: invalid redeclaration of 'floorDiv'
174 | // ---------------- Credit-card billing cycle ----------------
175 | 
176 | private func floorDiv(_ a: Int, _ b: Int) -> Int {
    |              `- error: invalid redeclaration of 'floorDiv'
177 |     let q = a / b
178 |     let r = a % b

/Users/runner/work/pocketcare-app/pocketcare-app/apps/ios/Domain/Sources/Domain/Budget.swift:182:14: error: invalid redeclaration of 'floorMod'
180 | }
181 | 
182 | private func floorMod(_ a: Int, _ b: Int) -> Int {
    |              `- error: invalid redeclaration of 'floorMod'
183 |     let r = a % b
184 |     return (r != 0 && (r < 0) != (b < 0)) ? r + b : r
[17/27] Compiling Domain Diagnostics.swift
/Users/runner/work/pocketcare-app/pocketcare-app/apps/ios/Domain/Sources/Domain/Budget.swift:176:14: error: invalid redeclaration of 'floorDiv'
174 | // ---------------- Credit-card billing cycle ----------------
175 | 
176 | private func floorDiv(_ a: Int, _ b: Int) -> Int {
    |              `- error: invalid redeclaration of 'floorDiv'
177 |     let q = a / b
178 |     let r = a % b

/Users/runner/work/pocketcare-app/pocketcare-app/apps/ios/Domain/Sources/Domain/Budget.swift:182:14: error: invalid redeclaration of 'floorMod'
180 | }
181 | 
182 | private func floorMod(_ a: Int, _ b: Int) -> Int {
    |              `- error: invalid redeclaration of 'floorMod'
183 |     let r = a % b
184 |     return (r != 0 && (r < 0) != (b < 0)) ? r + b : r
[18/27] Compiling Domain Dividends.swift
/Users/runner/work/pocketcare-app/pocketcare-app/apps/ios/Domain/Sources/Domain/Budget.swift:176:14: error: invalid redeclaration of 'floorDiv'
174 | // ---------------- Credit-card billing cycle ----------------
175 | 
176 | private func floorDiv(_ a: Int, _ b: Int) -> Int {
    |              `- error: invalid redeclaration of 'floorDiv'
177 |     let q = a / b
178 |     let r = a % b

/Users/runner/work/pocketcare-app/pocketcare-app/apps/ios/Domain/Sources/Domain/Budget.swift:182:14: error: invalid redeclaration of 'floorMod'
180 | }
181 | 
182 | private func floorMod(_ a: Int, _ b: Int) -> Int {
    |              `- error: invalid redeclaration of 'floorMod'
183 |     let r = a % b
184 |     return (r != 0 && (r < 0) != (b < 0)) ? r + b : r
[19/27] Compiling Domain EmiText.swift
/Users/runner/work/pocketcare-app/pocketcare-app/apps/ios/Domain/Sources/Domain/Budget.swift:176:14: error: invalid redeclaration of 'floorDiv'
174 | // ---------------- Credit-card billing cycle ----------------
175 | 
176 | private func floorDiv(_ a: Int, _ b: Int) -> Int {
    |              `- error: invalid redeclaration of 'floorDiv'
177 |     let q = a / b
178 |     let r = a % b

/Users/runner/work/pocketcare-app/pocketcare-app/apps/ios/Domain/Sources/Domain/Budget.swift:182:14: error: invalid redeclaration of 'floorMod'
180 | }
181 | 
182 | private func floorMod(_ a: Int, _ b: Int) -> Int {
    |              `- error: invalid redeclaration of 'floorMod'
183 |     let r = a % b
184 |     return (r != 0 && (r < 0) != (b < 0)) ? r + b : r
[20/27] Compiling Domain Entitlements.swift
/Users/runner/work/pocketcare-app/pocketcare-app/apps/ios/Domain/Sources/Domain/Budget.swift:176:14: error: invalid redeclaration of 'floorDiv'
174 | // ---------------- Credit-card billing cycle ----------------
175 | 
176 | private func floorDiv(_ a: Int, _ b: Int) -> Int {
    |              `- error: invalid redeclaration of 'floorDiv'
177 |     let q = a / b
178 |     let r = a % b

/Users/runner/work/pocketcare-app/pocketcare-app/apps/ios/Domain/Sources/Domain/Budget.swift:182:14: error: invalid redeclaration of 'floorMod'
180 | }
181 | 
182 | private func floorMod(_ a: Int, _ b: Int) -> Int {
    |              `- error: invalid redeclaration of 'floorMod'
183 |     let r = a % b
184 |     return (r != 0 && (r < 0) != (b < 0)) ? r + b : r
[21/27] Compiling Domain Finance.swift
/Users/runner/work/pocketcare-app/pocketcare-app/apps/ios/Domain/Sources/Domain/Budget.swift:176:14: error: invalid redeclaration of 'floorDiv'
174 | // ---------------- Credit-card billing cycle ----------------
175 | 
176 | private func floorDiv(_ a: Int, _ b: Int) -> Int {
    |              `- error: invalid redeclaration of 'floorDiv'
177 |     let q = a / b
178 |     let r = a % b

/Users/runner/work/pocketcare-app/pocketcare-app/apps/ios/Domain/Sources/Domain/Budget.swift:182:14: error: invalid redeclaration of 'floorMod'
180 | }
181 | 
182 | private func floorMod(_ a: Int, _ b: Int) -> Int {
    |              `- error: invalid redeclaration of 'floorMod'
183 |     let r = a % b
184 |     return (r != 0 && (r < 0) != (b < 0)) ? r + b : r
[22/27] Compiling Domain Guardrail.swift
/Users/runner/work/pocketcare-app/pocketcare-app/apps/ios/Domain/Sources/Domain/Budget.swift:176:14: error: invalid redeclaration of 'floorDiv'
174 | // ---------------- Credit-card billing cycle ----------------
175 | 
176 | private func floorDiv(_ a: Int, _ b: Int) -> Int {
    |              `- error: invalid redeclaration of 'floorDiv'
177 |     let q = a / b
178 |     let r = a % b

/Users/runner/work/pocketcare-app/pocketcare-app/apps/ios/Domain/Sources/Domain/Budget.swift:182:14: error: invalid redeclaration of 'floorMod'
180 | }
181 | 
182 | private func floorMod(_ a: Int, _ b: Int) -> Int {
    |              `- error: invalid redeclaration of 'floorMod'
183 |     let r = a % b
184 |     return (r != 0 && (r < 0) != (b < 0)) ? r + b : r
[23/27] Compiling Domain Insights.swift
/Users/runner/work/pocketcare-app/pocketcare-app/apps/ios/Domain/Sources/Domain/Budget.swift:176:14: error: invalid redeclaration of 'floorDiv'
174 | // ---------------- Credit-card billing cycle ----------------
175 | 
176 | private func floorDiv(_ a: Int, _ b: Int) -> Int {
    |              `- error: invalid redeclaration of 'floorDiv'
177 |     let q = a / b
178 |     let r = a % b

/Users/runner/work/pocketcare-app/pocketcare-app/apps/ios/Domain/Sources/Domain/Budget.swift:182:14: error: invalid redeclaration of 'floorMod'
180 | }
181 | 
182 | private func floorMod(_ a: Int, _ b: Int) -> Int {
    |              `- error: invalid redeclaration of 'floorMod'
183 |     let r = a % b
184 |     return (r != 0 && (r < 0) != (b < 0)) ? r + b : r
[24/27] Compiling Domain InvestmentsModel.swift
/Users/runner/work/pocketcare-app/pocketcare-app/apps/ios/Domain/Sources/Domain/Budget.swift:176:14: error: invalid redeclaration of 'floorDiv'
174 | // ---------------- Credit-card billing cycle ----------------
175 | 
176 | private func floorDiv(_ a: Int, _ b: Int) -> Int {
    |              `- error: invalid redeclaration of 'floorDiv'
177 |     let q = a / b
178 |     let r = a % b

/Users/runner/work/pocketcare-app/pocketcare-app/apps/ios/Domain/Sources/Domain/Budget.swift:182:14: error: invalid redeclaration of 'floorMod'
180 | }
181 | 
182 | private func floorMod(_ a: Int, _ b: Int) -> Int {
    |              `- error: invalid redeclaration of 'floorMod'
183 |     let r = a % b
184 |     return (r != 0 && (r < 0) != (b < 0)) ? r + b : r
[25/27] Compiling Domain Ledger.swift
/Users/runner/work/pocketcare-app/pocketcare-app/apps/ios/Domain/Sources/Domain/Budget.swift:176:14: error: invalid redeclaration of 'floorDiv'
174 | // ---------------- Credit-card billing cycle ----------------
175 | 
176 | private func floorDiv(_ a: Int, _ b: Int) -> Int {
    |              `- error: invalid redeclaration of 'floorDiv'
177 |     let q = a / b
178 |     let r = a % b

/Users/runner/work/pocketcare-app/pocketcare-app/apps/ios/Domain/Sources/Domain/Budget.swift:182:14: error: invalid redeclaration of 'floorMod'
180 | }
181 | 
182 | private func floorMod(_ a: Int, _ b: Int) -> Int {
    |              `- error: invalid redeclaration of 'floorMod'
183 |     let r = a % b
184 |     return (r != 0 && (r < 0) != (b < 0)) ? r + b : r
[26/36] Compiling Domain ReceiptsParse.swift
[27/36] Compiling Domain ReceiptsReconcile.swift
[28/36] Compiling Domain ReceiptsTypes.swift
[29/36] Compiling Domain Reconcile.swift
[30/36] Compiling Domain Recurring.swift
[31/36] Compiling Domain SplitsInsights.swift
[32/36] Compiling Domain SplitsMath.swift
[33/36] Compiling Domain SyncPolicy.swift
[34/36] Compiling Domain Upi.swift
error: fatalError
Fetching https://github.com/powersync-ja/powersync-swift
Fetching https://github.com/apple/swift-asn1.git
[1/6549] Fetching powersync-swift
[6550/8488] Fetching powersync-swift, swift-asn1
Fetched https://github.com/powersync-ja/powersync-swift from cache (3.32s)
Fetched https://github.com/apple/swift-asn1.git from cache (3.32s)
Fetching https://github.com/apple/swift-async-algorithms.git
Fetching https://github.com/groue/GRDB.swift.git
[1/113869] Fetching grdb.swift
[12527/120539] Fetching grdb.swift, swift-async-algorithms
Fetched https://github.com/apple/swift-async-algorithms.git from cache (8.82s)
Fetched https://github.com/groue/GRDB.swift.git from cache (8.82s)
Fetching https://github.com/apple/swift-crypto.git
Fetching https://github.com/supabase/supabase-swift.git
[1/18332] Fetching swift-crypto
[2751/49093] Fetching swift-crypto, supabase-swift
Fetched https://github.com/apple/swift-crypto.git from cache (2.02s)
Fetched https://github.com/supabase/supabase-swift.git from cache (2.02s)
Fetching https://github.com/pointfreeco/xctest-dynamic-overlay
Fetching https://github.com/apple/swift-collections.git
[1/2707] Fetching xctest-dynamic-overlay
[353/29507] Fetching xctest-dynamic-overlay, swift-collections
Fetched https://github.com/apple/swift-collections.git from cache (1.87s)
Fetched https://github.com/pointfreeco/xctest-dynamic-overlay from cache (1.87s)
Fetching https://github.com/pointfreeco/swift-clocks
Fetching https://github.com/powersync-ja/powersync-sqlite-core-swift.git
[1/132] Fetching powersync-sqlite-core-swift
[133/1566] Fetching powersync-sqlite-core-swift, swift-clocks
Fetched https://github.com/pointfreeco/swift-clocks from cache (0.99s)
Fetched https://github.com/powersync-ja/powersync-sqlite-core-swift.git from cache (0.99s)
Fetching https://github.com/powersync-ja/CSQLite.git
Fetching https://github.com/pointfreeco/swift-concurrency-extras
[1/1058] Fetching swift-concurrency-extras
[308/1143] Fetching swift-concurrency-extras, csqlite
Fetched https://github.com/powersync-ja/CSQLite.git from cache (1.37s)
Fetched https://github.com/pointfreeco/swift-concurrency-extras from cache (1.37s)
Fetching https://github.com/apple/swift-http-types.git
Fetching https://github.com/hmlongco/Factory
[1/1582] Fetching swift-http-types
[539/25433] Fetching swift-http-types, factory
Fetched https://github.com/apple/swift-http-types.git from cache (1.00s)
[239/23851] Fetching factory
Fetched https://github.com/hmlongco/Factory from cache (1.66s)
Computing version for https://github.com/hmlongco/Factory
Computed https://github.com/hmlongco/Factory at 2.5.3 (20.73s)
Computing version for https://github.com/supabase/supabase-swift.git
Computed https://github.com/supabase/supabase-swift.git at 2.54.1 (3.01s)
Computing version for https://github.com/powersync-ja/powersync-swift
Computed https://github.com/powersync-ja/powersync-swift at 1.15.1 (0.35s)
Computing version for https://github.com/pointfreeco/xctest-dynamic-overlay
Computed https://github.com/pointfreeco/xctest-dynamic-overlay at 1.11.0 (0.44s)
Computing version for https://github.com/pointfreeco/swift-concurrency-extras
Computed https://github.com/pointfreeco/swift-concurrency-extras at 1.4.1 (0.35s)
Computing version for https://github.com/pointfreeco/swift-clocks
Computed https://github.com/pointfreeco/swift-clocks at 1.1.0 (0.31s)
Computing version for https://github.com/apple/swift-http-types.git
Computed https://github.com/apple/swift-http-types.git at 1.6.0 (0.37s)
Computing version for https://github.com/apple/swift-crypto.git
Computed https://github.com/apple/swift-crypto.git at 4.5.1 (0.66s)
Computing version for https://github.com/apple/swift-collections.git
Computed https://github.com/apple/swift-collections.git at 1.6.0 (0.50s)
Computing version for https://github.com/apple/swift-async-algorithms.git
Computed https://github.com/apple/swift-async-algorithms.git at 1.1.5 (0.40s)
Computing version for https://github.com/powersync-ja/CSQLite.git
Computed https://github.com/powersync-ja/CSQLite.git at 3.51.2 (0.31s)
Computing version for https://github.com/groue/GRDB.swift.git
Computed https://github.com/groue/GRDB.swift.git at 7.11.1 (0.59s)
Computing version for https://github.com/powersync-ja/powersync-sqlite-core-swift.git
Computed https://github.com/powersync-ja/powersync-sqlite-core-swift.git at 0.4.13 (2.55s)
Computing version for https://github.com/apple/swift-asn1.git
Computed https://github.com/apple/swift-asn1.git at 1.7.1 (0.62s)
Creating working copy for https://github.com/groue/GRDB.swift.git
Working copy of https://github.com/groue/GRDB.swift.git resolved at 7.11.1
Creating working copy for https://github.com/powersync-ja/powersync-sqlite-core-swift.git
Working copy of https://github.com/powersync-ja/powersync-sqlite-core-swift.git resolved at 0.4.13
Creating working copy for https://github.com/powersync-ja/powersync-swift
Working copy of https://github.com/powersync-ja/powersync-swift resolved at 1.15.1
Creating working copy for https://github.com/pointfreeco/swift-concurrency-extras
Working copy of https://github.com/pointfreeco/swift-concurrency-extras resolved at 1.4.1
Creating working copy for https://github.com/apple/swift-crypto.git
Working copy of https://github.com/apple/swift-crypto.git resolved at 4.5.1
Creating working copy for https://github.com/supabase/supabase-swift.git
Working copy of https://github.com/supabase/supabase-swift.git resolved at 2.54.1
Creating working copy for https://github.com/powersync-ja/CSQLite.git
Working copy of https://github.com/powersync-ja/CSQLite.git resolved at 3.51.2
Creating working copy for https://github.com/apple/swift-collections.git
Working copy of https://github.com/apple/swift-collections.git resolved at 1.6.0
Creating working copy for https://github.com/pointfreeco/swift-clocks
Working copy of https://github.com/pointfreeco/swift-clocks resolved at 1.1.0
Creating working copy for https://github.com/pointfreeco/xctest-dynamic-overlay
Working copy of https://github.com/pointfreeco/xctest-dynamic-overlay resolved at 1.11.0
Creating working copy for https://github.com/apple/swift-asn1.git
Working copy of https://github.com/apple/swift-asn1.git resolved at 1.7.1
Creating working copy for https://github.com/hmlongco/Factory
Working copy of https://github.com/hmlongco/Factory resolved at 2.5.3
Creating working copy for https://github.com/apple/swift-async-algorithms.git
Working copy of https://github.com/apple/swift-async-algorithms.git resolved at 1.1.5
Creating working copy for https://github.com/apple/swift-http-types.git
Working copy of https://github.com/apple/swift-http-types.git resolved at 1.6.0
Downloading binary artifact https://github.com/powersync-ja/powersync-sqlite-core/releases/download/v0.4.13/powersync-sqlite-core.xcframework.zip
[6881/35643408] Downloading https://github.com/powersync-ja/powersync-sqlite-core/releases/download/v0.4.13/powersync-sqlite-core.xcframework.zip
Downloaded https://github.com/powersync-ja/powersync-sqlite-core/releases/download/v0.4.13/powersync-sqlite-core.xcframework.zip (2.78s)
warning: 'powersync-swift': found 1 file(s) which are unhandled; explicitly declare them as resources or exclude from the target
    /Users/runner/work/pocketcare-app/pocketcare-app/apps/ios/Data/.build/checkouts/powersync-swift/Sources/PowerSync/attachments/README.md
Building for debugging...
[0/30] Write sources
[0/30] Copying PrivacyInfo.xcprivacy
[3/30] Write sources
[8/30] Copying powersync-sqlite-core.framework
[9/30] Write sources
[14/30] Copying PrivacyInfo.xcprivacy
[16/30] Write sources
[24/30] Compiling PowerSyncCoreShim empty.c
[25/30] Write sources
[28/30] Write swift-version-7974D3F7F03D5E95.txt
[30/60] Emitting module InternalCollectionsUtilities
[31/66] Compiling InternalCollectionsUtilities Debugging.swift
[32/66] Compiling InternalCollectionsUtilities Descriptions.swift
[33/66] Compiling InternalCollectionsUtilities FixedWidthInteger+roundUpToPowerOfTwo.swift
[34/66] Compiling InternalCollectionsUtilities Integer rank.swift
[35/66] Compiling InternalCollectionsUtilities UInt+first and last set bit.swift
[36/66] Compiling InternalCollectionsUtilities UInt+reversed.swift
[37/66] Compiling InternalCollectionsUtilities LifetimeOverride.swift
[38/66] Compiling InternalCollectionsUtilities RandomAccessCollection+Offsets.swift
[39/66] Compiling InternalCollectionsUtilities Span+Extras.swift
[40/66] Compiling InternalCollectionsUtilities String+Padding.swift
[41/66] Compiling InternalCollectionsUtilities _UnsafeBitSet+Index.swift
[42/66] Compiling InternalCollectionsUtilities _UnsafeBitSet+_Word.swift
[43/66] Compiling InternalCollectionsUtilities _UnsafeBitSet.swift
[44/66] Compiling InternalCollectionsUtilities UnsafeBufferPointer+Extras.swift
[45/66] Compiling InternalCollectionsUtilities UnsafeMutableBufferPointer+Extras.swift
[46/66] Compiling InternalCollectionsUtilities UnsafeMutableRawBufferPointer+Extras.swift
[47/66] Compiling InternalCollectionsUtilities UnsafeRawBufferPointer+Extras.swift
[48/66] Compiling InternalCollectionsUtilities _SortedCollection.swift
[49/66] Compiling InternalCollectionsUtilities _UniqueCollection.swift
[49/73] Compiling CSQLite sqlite3_entry.c
[51/116] Compiling OrderedCollections _HashTable+Bucket.swift
[52/116] Compiling OrderedCollections _HashTable+BucketIterator.swift
[53/116] Compiling OrderedCollections _HashTable+Constants.swift
[54/116] Compiling OrderedCollections _HashTable+CustomStringConvertible.swift
[55/116] Compiling OrderedCollections _HashTable+Testing.swift
[56/116] Compiling OrderedCollections _HashTable+UnsafeHandle.swift
[57/116] Compiling OrderedCollections _HashTable.swift
[58/116] Compiling OrderedCollections _Hashtable+Header.swift
[59/116] Compiling OrderedCollections OrderedDictionary+Codable.swift
[60/116] Compiling OrderedCollections OrderedDictionary+CustomReflectable.swift
[61/116] Compiling OrderedCollections OrderedDictionary+Deprecations.swift
[62/116] Compiling OrderedCollections OrderedDictionary+Descriptions.swift
[63/116] Compiling OrderedCollections OrderedDictionary+Elements.SubSequence.swift
[64/116] Compiling OrderedCollections OrderedDictionary+Elements.swift
[65/116] Compiling OrderedCollections OrderedDictionary+Equatable.swift
[66/116] Emitting module IssueReporting
[67/123] Compiling IssueReporting IssueSeverity.swift
[68/123] Compiling IssueReporting ReportIssue.swift
[69/123] Compiling IssueReporting _Test.swift
[70/123] Compiling IssueReporting TestContext.swift
[71/123] Compiling IssueReporting Unimplemented.swift
[72/123] Compiling IssueReporting WithExpectedIssue.swift
[73/123] Compiling IssueReporting WithIssueContext.swift
[77/123] Emitting module HTTPTypes
[82/137] Compiling OrderedCollections OrderedDictionary+Sendable.swift
[83/137] Compiling OrderedCollections OrderedDictionary+Sequence.swift
[84/137] Compiling OrderedCollections OrderedDictionary+Values.swift
[85/137] Compiling OrderedCollections OrderedDictionary.swift
[86/137] Compiling OrderedCollections OrderedSet+Codable.swift
[87/137] Compiling OrderedCollections OrderedSet+CustomReflectable.swift
[88/137] Compiling OrderedCollections OrderedSet+Descriptions.swift
[89/137] Compiling OrderedCollections OrderedSet+Diffing.swift
[90/137] Compiling OrderedCollections OrderedSet+Equatable.swift
[91/137] Compiling OrderedCollections OrderedSet+ExpressibleByArrayLiteral.swift
[92/137] Compiling OrderedCollections OrderedSet+Hashable.swift
[93/137] Compiling OrderedCollections OrderedSet+Initializers.swift
[94/137] Compiling OrderedCollections OrderedSet+Insertions.swift
[95/137] Compiling OrderedCollections OrderedSet+Invariants.swift
[96/137] Compiling OrderedCollections OrderedSet+Move.swift
[97/137] Compiling OrderedCollections OrderedSet+Partial MutableCollection.swift
[98/137] Compiling OrderedCollections OrderedSet+Partial RangeReplaceableCollection.swift
[99/137] Compiling OrderedCollections OrderedSet+Partial SetAlgebra formIntersection.swift
[100/137] Compiling OrderedCollections OrderedSet+Partial SetAlgebra formSymmetricDifference.swift
[101/137] Compiling OrderedCollections OrderedSet+Partial SetAlgebra formUnion.swift
[102/137] Emitting module OrderedCollections
[103/158] Compiling Factory Aliases.swift
[104/158] Compiling Factory Containers.swift
[105/158] Compiling Factory Contexts.swift
[106/158] Compiling Factory Factory.swift
[107/158] Compiling Factory Globals.swift
[108/158] Compiling Factory Injections.swift
[109/158] Compiling HTTPTypes HTTPResponse.swift
[110/158] Compiling HTTPTypes ISOLatin1String.swift
[111/158] Compiling HTTPTypes NIOLock.swift
[112/158] Compiling Factory Registrations.swift
[127/161] Compiling XCTestDynamicOverlay Exports.swift
[128/161] Emitting module XCTestDynamicOverlay
[129/161] Compiling XCTestDynamicOverlay Deprecations.swift
[130/161] Compiling OrderedCollections OrderedSet+Partial SetAlgebra intersection.swift
[131/161] Compiling OrderedCollections OrderedSet+Partial SetAlgebra isDisjoint.swift
[132/161] Compiling OrderedCollections OrderedSet+Partial SetAlgebra isEqualSet.swift
[133/161] Compiling OrderedCollections OrderedSet+Partial SetAlgebra isStrictSubset.swift
[134/161] Compiling OrderedCollections OrderedSet+Partial SetAlgebra isStrictSuperset.swift
[135/161] Compiling OrderedCollections OrderedSet+Partial SetAlgebra isSubset.swift
[136/161] Compiling OrderedCollections OrderedSet+Partial SetAlgebra isSuperset.swift
[137/161] Compiling OrderedCollections OrderedSet+Partial SetAlgebra subtract.swift
[138/161] Compiling OrderedCollections OrderedSet+Partial SetAlgebra subtracting.swift
[139/161] Compiling OrderedCollections OrderedSet+Partial SetAlgebra symmetricDifference.swift
[140/161] Compiling OrderedCollections OrderedSet+Partial SetAlgebra union.swift
[141/161] Compiling OrderedCollections OrderedSet+Partial SetAlgebra+Basics.swift
[142/161] Compiling OrderedCollections OrderedSet+RandomAccessCollection.swift
[143/161] Compiling OrderedCollections OrderedSet+ReserveCapacity.swift
[144/161] Compiling OrderedCollections OrderedSet+Sendable.swift
[145/161] Compiling OrderedCollections OrderedSet+SubSequence.swift
[146/161] Compiling OrderedCollections OrderedSet+Testing.swift
[147/161] Compiling OrderedCollections OrderedSet+UnorderedView.swift
[148/161] Compiling OrderedCollections OrderedSet+UnstableInternals.swift
[149/161] Compiling OrderedCollections OrderedSet.swift
[150/161] Compiling OrderedCollections _UnsafeBitset.swift
[151/230] Compiling Crypto AES-GCM.swift
[152/230] Compiling Crypto AES-GCM_boring.swift
[153/230] Compiling Crypto ChaChaPoly_boring.swift
[154/230] Compiling Crypto ChaChaPoly.swift
[155/230] Compiling Crypto Cipher.swift
[156/230] Compiling Crypto Nonces.swift
[157/230] Compiling Crypto ASN1.swift
[158/230] Compiling Crypto ASN1Any.swift
[159/230] Compiling Crypto ASN1BitString.swift
[160/230] Compiling Crypto ASN1Boolean.swift
[161/230] Compiling Crypto ASN1Identifier.swift
[162/230] Compiling Crypto ASN1Integer.swift
[163/230] Compiling Crypto ASN1Null.swift
[164/230] Compiling Crypto ASN1OctetString.swift
[165/230] Compiling Crypto ASN1Strings.swift
[166/230] Compiling Crypto ArraySliceBigint.swift
[167/230] Compiling Crypto GeneralizedTime.swift
[168/230] Compiling Crypto ObjectIdentifier.swift
[169/230] Compiling Crypto ECDSASignature.swift
[170/230] Compiling Crypto PEMDocument.swift
[171/230] Compiling Crypto PKCS8PrivateKey.swift
[172/230] Compiling Crypto SEC1PrivateKey.swift
[173/230] Compiling Crypto SubjectPublicKeyInfo.swift
[174/230] Compiling Crypto CryptoError_boring.swift
[175/230] Emitting module Crypto
[176/230] Compiling Crypto CryptoKitErrors.swift
[177/230] Compiling Crypto Digest_boring.swift
[178/230] Compiling Crypto Digest.swift
[179/230] Compiling Crypto Digests.swift
[180/230] Compiling Crypto HashFunctions.swift
[181/230] Compiling Crypto HashFunctions_SHA2.swift
[182/230] Compiling Crypto HashFunctions_SHA3.swift
[183/230] Compiling Crypto Digest_xkcp.swift
[184/230] Compiling Crypto HPKE-AEAD.swift
[185/230] Compiling Crypto HPKE-Ciphersuite.swift
[186/230] Compiling Crypto HPKE-KDF.swift
[187/230] Compiling Crypto HPKE-KexKeyDerivation.swift
[188/230] Compiling Crypto HPKE-LabeledExtract.swift
[189/230] Compiling Crypto HPKE-Utils.swift
[190/230] Compiling Crypto DHKEM.swift
[191/230] Compiling Crypto HPKE-KEM-Curve25519.swift
[192/230] Compiling Crypto HPKE-NIST-EC-KEMs.swift
[193/230] Compiling Crypto HPKE-KEM.swift
[194/230] Compiling Crypto HPKE-Errors.swift
[195/230] Compiling Crypto HPKE.swift
[196/230] Compiling Crypto HPKE-Context.swift
[197/230] Compiling Crypto HPKE-KeySchedule.swift
[198/230] Compiling Crypto HPKE-Modes.swift
[199/230] Compiling Crypto Insecure.swift
[200/277] Compiling Crypto Insecure_HashFunctions.swift
[201/277] Compiling Crypto MLKEM_boring.swift
[202/277] Compiling Crypto MLKEM_wrapper.swift
[203/277] Compiling Crypto XWing_boring.swift
[204/277] Compiling Crypto KEM-Errors.swift
[205/277] Compiling Crypto KEM.swift
[206/277] Compiling Crypto MLKEM.swift
[207/277] Compiling Crypto XWing.swift
[208/277] Compiling Crypto ECDH_boring.swift
[209/277] Compiling Crypto DH.swift
[210/277] Compiling Crypto ECDH.swift
[211/277] Compiling Crypto ANSIx963.swift
[212/277] Compiling Crypto HKDF.swift
[213/277] Compiling Crypto AESWrap.swift
[214/277] Compiling Crypto AESWrap_boring.swift
[215/277] Compiling Crypto Ed25519_boring.swift
[216/277] Compiling Crypto NISTCurvesKeys_boring.swift
[217/277] Compiling Crypto X25519Keys_boring.swift
[218/277] Compiling Crypto Curve25519.swift
[219/277] Compiling Crypto Ed25519Keys.swift
[220/277] Compiling Crypto NISTCurvesKeys.swift
[221/277] Compiling Crypto X25519Keys.swift
[222/277] Compiling Crypto SymmetricKeys.swift
[223/277] Compiling Crypto HMAC.swift
[224/277] Compiling Crypto MACFunctions.swift
[225/277] Compiling Crypto MessageAuthenticationCode.swift
[226/277] Compiling Crypto AES.swift
[227/277] Compiling Crypto ECDSASignature_boring.swift
[228/277] Compiling Crypto ECDSA_boring.swift
[229/277] Compiling Crypto EdDSA_boring.swift
[230/277] Compiling Crypto MLDSA_boring.swift
[231/277] Compiling Crypto MLDSA_wrapper.swift
[232/277] Compiling Crypto ECDSA.swift
[233/277] Compiling Crypto Ed25519.swift
[234/277] Compiling Crypto MLDSA.swift
[235/277] Compiling Crypto Signature.swift
[236/277] Compiling Crypto CryptoKitErrors_boring.swift
[237/277] Compiling Crypto Optional+withUnsafeBytes_boring.swift
[238/277] Compiling Crypto RNG_boring.swift
[239/277] Compiling Crypto SafeCompare_boring.swift
[240/277] Compiling Crypto Zeroization_boring.swift
[241/277] Compiling Crypto _CryptoModuleAnchor.swift
[242/277] Compiling Crypto PrettyBytes.swift
[243/277] Compiling Crypto SafeCompare.swift
[244/277] Compiling Crypto SecureBytes.swift
[245/277] Compiling Crypto Zeroization.swift
[246/277] Compiling Crypto resource_bundle_accessor.swift
[247/304] Compiling ContainersPreview BidirectionalContainer.swift
[248/304] Compiling ContainersPreview Container+Filter.swift
[249/304] Compiling ContainersPreview Container+SpanwiseZip.swift
[250/304] Compiling ContainersPreview Container.swift
[251/304] Compiling ContainersPreview ContainerIterator.swift
[252/304] Compiling ContainersPreview DynamicContainer.swift
[253/304] Compiling ContainersPreview MutableContainer.swift
[254/304] Compiling ContainersPreview PermutableContainer.swift
[255/304] Compiling ContainersPreview RandomAccessContainer.swift
[256/304] Compiling ContainersPreview RangeExpression2.swift
[257/304] Compiling ContainersPreview RangeReplaceableContainer.swift
[258/304] Compiling ContainersPreview Strideable+Limits.swift
[259/304] Compiling ContainersPreview Drain+Map.swift
[260/317] Emitting module ContainersPreview
[261/317] Compiling ContainersPreview OutputSpan+Extras.swift
[262/317] Compiling ContainersPreview TemporaryAllocation.swift
[263/317] Compiling ContainersPreview BorrowingIteratorProtocol+Copy.swift
[264/317] Compiling ContainersPreview BorrowingIteratorProtocol+ElementsEqual.swift
[265/317] Compiling ContainersPreview BorrowingIteratorProtocol+Filter.swift
[266/317] Compiling ContainersPreview BorrowingIteratorProtocol+Map.swift
[267/317] Compiling ContainersPreview BorrowingIteratorProtocol+Reduce.swift
[268/317] Compiling ContainersPreview BorrowingIteratorProtocol+SpanwiseZip.swift
[269/317] Compiling ContainersPreview BorrowingIteratorProtocol.swift
[270/317] Compiling ContainersPreview BorrowingSequence+Algorithms.swift
[271/317] Compiling ContainersPreview BorrowingSequence+Standard Conformances.swift
[272/317] Compiling ContainersPreview BorrowingSequence+Utilities.swift
[273/317] Compiling ContainersPreview BorrowingSequence.swift
[274/317] Compiling ContainersPreview Drain+Reduce.swift
[275/317] Compiling ContainersPreview Drain.swift
[276/317] Compiling ContainersPreview Producer+Collect.swift
[277/317] Compiling ContainersPreview Producer+Filter.swift
[278/317] Compiling ContainersPreview Producer+Map.swift
[279/317] Compiling ContainersPreview Producer+Reduce.swift
[280/317] Compiling ContainersPreview Producer.swift
[281/317] Compiling ContainersPreview InputSpan.swift
[282/317] Compiling ContainersPreview MutableRef.swift
[283/317] Compiling ContainersPreview Ref.swift
[284/317] Compiling ContainersPreview Shared.swift
[285/317] Compiling ContainersPreview SpanIterator.swift
[286/317] Compiling ContainersPreview UniqueBox.swift
[287/326] Compiling ConcurrencyExtras Locking.swift
[288/326] Compiling ConcurrencyExtras UncheckedBox.swift
[289/326] Compiling ConcurrencyExtras LockIsolated.swift
[290/326] Compiling ConcurrencyExtras MainSerialExecutor.swift
[291/329] Emitting module ConcurrencyExtras
[292/329] Compiling ConcurrencyExtras ActorIsolated.swift
[293/329] Compiling ConcurrencyExtras AnyHashableSendable.swift
[294/329] Compiling ConcurrencyExtras AsyncStream.swift
[295/329] Compiling ConcurrencyExtras AsyncThrowingStream.swift
[296/329] Compiling ConcurrencyExtras Result.swift
[297/329] Compiling ConcurrencyExtras Task.swift
[298/329] Compiling ConcurrencyExtras UncheckedSendable.swift
[299/360] Compiling DequeModule RigidDeque+Consumption.swift
[300/360] Compiling DequeModule RigidDeque+Container.swift
[301/360] Compiling DequeModule RigidDeque+Descriptions.swift
[302/360] Compiling DequeModule RigidDeque+Equatable.swift
[303/360] Compiling DequeModule RigidDeque+Experimental.swift
[304/360] Compiling DequeModule RigidDeque+Hashable.swift
[305/360] Compiling DequeModule RigidDeque+Initializers.swift
[306/360] Compiling DequeModule RigidDeque+Insertions.swift
[307/360] Compiling DequeModule RigidDeque+Prepend.swift
[308/360] Compiling DequeModule RigidDeque+Removals.swift
[309/360] Compiling DequeModule RigidDeque+Replacements.swift
[310/360] Compiling DequeModule RigidDeque+Testing.swift
[311/360] Compiling DequeModule RigidDeque.swift
[312/360] Compiling DequeModule UniqueDeque+Append.swift
[313/360] Compiling DequeModule UniqueDeque+Consumption.swift
[314/375] Compiling DequeModule Deque+Codable.swift
[315/375] Compiling DequeModule Deque+Collection.swift
[316/375] Compiling DequeModule Deque+CustomReflectable.swift
[317/375] Compiling DequeModule Deque+Descriptions.swift
[318/375] Compiling DequeModule Deque+Equatable.swift
[319/375] Compiling DequeModule Deque+ExpressibleByArrayLiteral.swift
[320/375] Compiling DequeModule Deque+Extras.swift
[321/375] Compiling DequeModule Deque+Hashable.swift
[322/375] Compiling DequeModule Deque+Testing.swift
[323/375] Compiling DequeModule Deque._Storage.swift
[324/375] Compiling DequeModule Deque._UnsafeHandle.swift
[325/375] Compiling DequeModule Deque.swift
[326/375] Compiling DequeModule _DequeBuffer.swift
[327/375] Compiling DequeModule _DequeBufferHeader.swift
[328/375] Compiling DequeModule RigidDeque+Append.swift
[329/375] Emitting module DequeModule
[335/375] Emitting module Factory
[341/379] Compiling DequeModule UniqueDeque+Container.swift
[342/379] Compiling DequeModule UniqueDeque+Deprecated.swift
[343/379] Compiling DequeModule UniqueDeque+Descriptions.swift
[344/379] Compiling DequeModule UniqueDeque+Equatable.swift
[345/379] Compiling DequeModule UniqueDeque+Experimental.swift
[346/379] Compiling DequeModule UniqueDeque+Hashable.swift
[347/379] Compiling DequeModule UniqueDeque+Initializers.swift
[348/379] Compiling DequeModule UniqueDeque+Insertions.swift
[349/379] Compiling DequeModule UniqueDeque+Prepend.swift
[350/379] Compiling DequeModule UniqueDeque+Removals.swift
[351/379] Compiling DequeModule UniqueDeque+Replacements.swift
[352/379] Compiling DequeModule UniqueDeque.swift
[353/379] Compiling DequeModule _DequeSlot.swift
[354/379] Compiling DequeModule _UnsafeDequeHandle.swift
[355/379] Compiling DequeModule _UnsafeDequeSegments.swift
[356/386] Compiling Factory Resolutions.swift
[357/386] Compiling Factory Resolver.swift
[358/386] Compiling Factory Scopes.swift
[359/386] Compiling Factory resource_bundle_accessor.swift
[360/386] Compiling Clocks AnyClock.swift
[361/386] Compiling Clocks ImmediateClock.swift
[362/386] Compiling Clocks Lock.swift
[363/386] Emitting module Clocks
[364/386] Compiling Clocks _AsyncTimerSequence.swift
[365/386] Compiling Clocks SwiftUI.swift
[366/386] Compiling Clocks TestClock.swift
[367/433] Compiling BasicContainers RigidDictionary+Hashable.swift
[368/433] Compiling BasicContainers RigidDictionary+Index.swift
[369/474] Compiling AsyncAlgorithms AsyncAdjacentPairsSequence.swift
[370/474] Compiling AsyncAlgorithms AsyncBufferedByteIterator.swift
[371/474] Compiling AsyncAlgorithms AsyncChain2Sequence.swift
[372/474] Compiling AsyncAlgorithms AsyncChain3Sequence.swift
[373/474] Compiling AsyncAlgorithms AsyncChunkedByGroupSequence.swift
[374/474] Compiling AsyncAlgorithms AsyncChunkedOnProjectionSequence.swift
[375/474] Compiling AsyncAlgorithms AsyncChunksOfCountOrSignalSequence.swift
[376/474] Compiling AsyncAlgorithms AsyncChunksOfCountSequence.swift
[377/474] Compiling AsyncAlgorithms AsyncCompactedSequence.swift
[378/474] Compiling AsyncAlgorithms AsyncExclusiveReductionsSequence.swift
[379/474] Compiling AsyncAlgorithms AsyncInclusiveReductionsSequence.swift
[380/474] Compiling AsyncAlgorithms AsyncJoinedBySeparatorSequence.swift
[381/474] Compiling AsyncAlgorithms AsyncJoinedSequence.swift
[382/474] Compiling AsyncAlgorithms AsyncMapErrorSequence.swift
[383/474] Compiling AsyncAlgorithms AsyncRemoveDuplicatesSequence.swift
[384/474] Compiling AsyncAlgorithms AsyncShareSequence.swift
[385/474] Compiling AsyncAlgorithms AsyncSyncSequence.swift
[386/474] Compiling AsyncAlgorithms AsyncThrottleSequence.swift
[387/474] Compiling AsyncAlgorithms AsyncThrowingExclusiveReductionsSequence.swift
[388/474] Compiling AsyncAlgorithms AsyncThrowingInclusiveReductionsSequence.swift
[389/474] Compiling AsyncAlgorithms AsyncTimerSequence.swift
[390/474] Compiling AsyncAlgorithms AsyncBufferSequence.swift
[391/474] Compiling AsyncAlgorithms BoundedBufferStateMachine.swift
[392/474] Compiling AsyncAlgorithms BoundedBufferStorage.swift
[393/474] Compiling AsyncAlgorithms UnboundedBufferStateMachine.swift
[394/474] Compiling AsyncAlgorithms UnboundedBufferStorage.swift
[395/474] Compiling AsyncAlgorithms AsyncChannel.swift
[396/474] Compiling AsyncAlgorithms AsyncThrowingChannel.swift
[397/474] Compiling AsyncAlgorithms ChannelStateMachine.swift
[398/474] Compiling AsyncAlgorithms ChannelStorage.swift
[399/474] Compiling AsyncAlgorithms AsyncCombineLatest2Sequence.swift
[400/474] Compiling AsyncAlgorithms AsyncCombineLatest3Sequence.swift
[401/474] Compiling AsyncAlgorithms CombineLatestStateMachine.swift
[402/474] Compiling AsyncAlgorithms CombineLatestStorage.swift
[403/474] Compiling AsyncAlgorithms AsyncDebounceSequence.swift
[404/474] Compiling AsyncAlgorithms DebounceStateMachine.swift
[405/474] Compiling AsyncAlgorithms DebounceStorage.swift
[406/474] Compiling AsyncAlgorithms Dictionary.swift
[407/474] Compiling AsyncAlgorithms AsyncFlatMapLatestSequence.swift
[408/474] Compiling AsyncAlgorithms FlatMapLatestStateMachine.swift
[409/474] Compiling BasicContainers RigidArray+Formatter.swift
[410/474] Compiling BasicContainers RigidArray+Hashable.swift
[411/474] Compiling BasicContainers RigidArray+Initializers.swift
[412/474] Compiling BasicContainers RigidArray+Insertions.swift
[413/474] Emitting module BasicContainers
[414/518] Compiling BasicContainers UniqueDictionary+Hashable.swift
[415/518] Compiling BasicContainers UniqueDictionary+Index.swift
[416/518] Compiling BasicContainers UniqueDictionary+Indices.swift
[417/518] Compiling BasicContainers UniqueDictionary+Initializers.swift
[418/518] Compiling BasicContainers UniqueDictionary+Insertions.swift
[419/518] Compiling BasicContainers UniqueDictionary+Keys.swift
[420/518] Compiling BasicContainers UniqueDictionary+Lookup.swift
[421/518] Compiling BasicContainers UniqueDictionary+Removals.swift
[422/518] Compiling BasicContainers UniqueDictionary+Resizing.swift
[423/518] Compiling BasicContainers UniqueDictionary.swift
[424/518] Compiling BasicContainers UniqueSet+BorrowingSequence.swift
[425/518] Compiling BasicContainers UniqueSet+Consumption.swift
[426/518] Compiling BasicContainers UniqueSet+Debugging.swift
[427/518] Compiling BasicContainers UniqueSet+Equatable.swift
[428/518] Compiling BasicContainers UniqueSet+Hashable.swift
[429/518] Compiling BasicContainers UniqueSet+Index.swift
[430/518] Compiling BasicContainers UniqueSet+Initializers.swift
[431/518] Compiling BasicContainers UniqueSet+Insertions.swift
[432/518] Compiling BasicContainers UniqueSet+Lookup.swift
[433/518] Compiling BasicContainers UniqueSet+Removals.swift
[434/518] Compiling BasicContainers UniqueSet+Resizing.swift
[435/518] Compiling BasicContainers UniqueSet.swift
[436/518] Compiling BasicContainers RigidSet+Initializers.swift
[437/518] Compiling BasicContainers RigidSet+Insertions.swift
[438/518] Compiling BasicContainers RigidSet+Lookup.swift
[439/518] Compiling BasicContainers RigidSet+Removals.swift
[440/518] Compiling BasicContainers RigidSet+Resizing.swift
[441/518] Compiling BasicContainers RigidSet.swift
[442/518] Compiling BasicContainers UniqueArray+Append.swift
[443/518] Compiling BasicContainers UniqueArray+Consumption.swift
[444/518] Compiling BasicContainers UniqueArray+Container.swift
[445/518] Compiling BasicContainers UniqueArray+Deprecated.swift
[446/518] Compiling BasicContainers UniqueArray+Descriptions.swift
[447/518] Compiling BasicContainers UniqueArray+Equatable.swift
[448/518] Compiling BasicContainers UniqueArray+Experimental.swift
[449/518] Compiling BasicContainers UniqueArray+Hashable.swift
[450/518] Compiling BasicContainers UniqueArray+Initializers.swift
[451/518] Compiling BasicContainers UniqueArray+Insertions.swift
[452/518] Compiling BasicContainers UniqueArray+Removals.swift
[453/518] Compiling BasicContainers UniqueArray+Replacements.swift
[454/518] Compiling BasicContainers UniqueArray.swift
[455/518] Compiling BasicContainers UniqueDictionary+Consumption.swift
[456/518] Compiling BasicContainers UniqueDictionary+Debugging.swift
[457/518] Compiling BasicContainers UniqueDictionary+Equatable.swift
[458/535] Compiling Helpers APIKeyFormat.swift
[459/535] Compiling Helpers AnyJSON+Codable.swift
[460/535] Compiling Helpers AnyJSON.swift
[461/535] Compiling Helpers Base64URL.swift
[462/535] Compiling Helpers Codable.swift
[463/535] Compiling Helpers DateFormatter.swift
[464/535] Compiling Helpers EventEmitter.swift
[465/535] Compiling Helpers FoundationExtensions.swift
[466/535] Emitting module Helpers
[467/535] Compiling Helpers HTTPClient.swift
[468/535] Compiling Helpers HTTPFields.swift
[469/535] Compiling Helpers HTTPRequest.swift
[470/535] Compiling Helpers HTTPResponse.swift
[471/535] Compiling Helpers LoggerInterceptor.swift
[472/535] Compiling Helpers RetryRequestInterceptor.swift
[473/535] Compiling Helpers JWT.swift
[474/535] Compiling Helpers OSLogSupabaseLogger.swift
error: emit-module command failed with exit code 1 (use -v to see invocation)
/Users/runner/work/pocketcare-app/pocketcare-app/apps/ios/Domain/Sources/Domain/Budget.swift:176:14: error: invalid redeclaration of 'floorDiv'
174 | // ---------------- Credit-card billing cycle ----------------
175 | 
176 | private func floorDiv(_ a: Int, _ b: Int) -> Int {
    |              `- error: invalid redeclaration of 'floorDiv'
177 |     let q = a / b
178 |     let r = a % b

/Users/runner/work/pocketcare-app/pocketcare-app/apps/ios/Domain/Sources/Domain/Budget.swift:182:14: error: invalid redeclaration of 'floorMod'
180 | }
181 | 
182 | private func floorMod(_ a: Int, _ b: Int) -> Int {
    |              `- error: invalid redeclaration of 'floorMod'
183 |     let r = a % b
184 |     return (r != 0 && (r < 0) != (b < 0)) ? r + b : r
/Users/runner/work/pocketcare-app/pocketcare-app/apps/ios/Domain/Sources/Domain/Budget.swift:176:14: error: invalid redeclaration of 'floorDiv'
174 | // ---------------- Credit-card billing cycle ----------------
175 | 
176 | private func floorDiv(_ a: Int, _ b: Int) -> Int {
    |              `- error: invalid redeclaration of 'floorDiv'
177 |     let q = a / b
178 |     let r = a % b

/Users/runner/work/pocketcare-app/pocketcare-app/apps/ios/Domain/Sources/Domain/Budget.swift:182:14: error: invalid redeclaration of 'floorMod'
180 | }
181 | 
182 | private func floorMod(_ a: Int, _ b: Int) -> Int {
    |              `- error: invalid redeclaration of 'floorMod'
183 |     let r = a % b
184 |     return (r != 0 && (r < 0) != (b < 0)) ? r + b : r
/Users/runner/work/pocketcare-app/pocketcare-app/apps/ios/Domain/Sources/Domain/Budget.swift:176:14: error: invalid redeclaration of 'floorDiv'
174 | // ---------------- Credit-card billing cycle ----------------
175 | 
176 | private func floorDiv(_ a: Int, _ b: Int) -> Int {
    |              `- error: invalid redeclaration of 'floorDiv'
177 |     let q = a / b
178 |     let r = a % b

/Users/runner/work/pocketcare-app/pocketcare-app/apps/ios/Domain/Sources/Domain/Budget.swift:182:14: error: invalid redeclaration of 'floorMod'
180 | }
181 | 
182 | private func floorMod(_ a: Int, _ b: Int) -> Int {
    |              `- error: invalid redeclaration of 'floorMod'
183 |     let r = a % b
184 |     return (r != 0 && (r < 0) != (b < 0)) ? r + b : r
/Users/runner/work/pocketcare-app/pocketcare-app/apps/ios/Domain/Sources/Domain/Budget.swift:176:14: error: invalid redeclaration of 'floorDiv'
174 | // ---------------- Credit-card billing cycle ----------------
175 | 
176 | private func floorDiv(_ a: Int, _ b: Int) -> Int {
    |              `- error: invalid redeclaration of 'floorDiv'
177 |     let q = a / b
178 |     let r = a % b

/Users/runner/work/pocketcare-app/pocketcare-app/apps/ios/Domain/Sources/Domain/Budget.swift:182:14: error: invalid redeclaration of 'floorMod'
180 | }
181 | 
182 | private func floorMod(_ a: Int, _ b: Int) -> Int {
    |              `- error: invalid redeclaration of 'floorMod'
183 |     let r = a % b
184 |     return (r != 0 && (r < 0) != (b < 0)) ? r + b : r
/Users/runner/work/pocketcare-app/pocketcare-app/apps/ios/Domain/Sources/Domain/Budget.swift:176:14: error: invalid redeclaration of 'floorDiv'
174 | // ---------------- Credit-card billing cycle ----------------
175 | 
176 | private func floorDiv(_ a: Int, _ b: Int) -> Int {
    |              `- error: invalid redeclaration of 'floorDiv'
177 |     let q = a / b
178 |     let r = a % b

/Users/runner/work/pocketcare-app/pocketcare-app/apps/ios/Domain/Sources/Domain/Budget.swift:182:14: error: invalid redeclaration of 'floorMod'
180 | }
181 | 
182 | private func floorMod(_ a: Int, _ b: Int) -> Int {
    |              `- error: invalid redeclaration of 'floorMod'
183 |     let r = a % b
184 |     return (r != 0 && (r < 0) != (b < 0)) ? r + b : r
/Users/runner/work/pocketcare-app/pocketcare-app/apps/ios/Domain/Sources/Domain/Budget.swift:176:14: error: invalid redeclaration of 'floorDiv'
174 | // ---------------- Credit-card billing cycle ----------------
175 | 
176 | private func floorDiv(_ a: Int, _ b: Int) -> Int {
    |              `- error: invalid redeclaration of 'floorDiv'
177 |     let q = a / b
178 |     let r = a % b

/Users/runner/work/pocketcare-app/pocketcare-app/apps/ios/Domain/Sources/Domain/Budget.swift:182:14: error: invalid redeclaration of 'floorMod'
180 | }
181 | 
182 | private func floorMod(_ a: Int, _ b: Int) -> Int {
    |              `- error: invalid redeclaration of 'floorMod'
183 |     let r = a % b
184 |     return (r != 0 && (r < 0) != (b < 0)) ? r + b : r
/Users/runner/work/pocketcare-app/pocketcare-app/apps/ios/Domain/Sources/Domain/Budget.swift:176:14: error: invalid redeclaration of 'floorDiv'
174 | // ---------------- Credit-card billing cycle ----------------
175 | 
176 | private func floorDiv(_ a: Int, _ b: Int) -> Int {
    |              `- error: invalid redeclaration of 'floorDiv'
177 |     let q = a / b
178 |     let r = a % b

/Users/runner/work/pocketcare-app/pocketcare-app/apps/ios/Domain/Sources/Domain/Budget.swift:182:14: error: invalid redeclaration of 'floorMod'
180 | }
181 | 
182 | private func floorMod(_ a: Int, _ b: Int) -> Int {
    |              `- error: invalid redeclaration of 'floorMod'
183 |     let r = a % b
184 |     return (r != 0 && (r < 0) != (b < 0)) ? r + b : r
/Users/runner/work/pocketcare-app/pocketcare-app/apps/ios/Domain/Sources/Domain/Budget.swift:176:14: error: invalid redeclaration of 'floorDiv'
174 | // ---------------- Credit-card billing cycle ----------------
175 | 
176 | private func floorDiv(_ a: Int, _ b: Int) -> Int {
    |              `- error: invalid redeclaration of 'floorDiv'
177 |     let q = a / b
178 |     let r = a % b

/Users/runner/work/pocketcare-app/pocketcare-app/apps/ios/Domain/Sources/Domain/Budget.swift:182:14: error: invalid redeclaration of 'floorMod'
180 | }
181 | 
182 | private func floorMod(_ a: Int, _ b: Int) -> Int {
    |              `- error: invalid redeclaration of 'floorMod'
183 |     let r = a % b
184 |     return (r != 0 && (r < 0) != (b < 0)) ? r + b : r
/Users/runner/work/pocketcare-app/pocketcare-app/apps/ios/Domain/Sources/Domain/Budget.swift:176:14: error: invalid redeclaration of 'floorDiv'
174 | // ---------------- Credit-card billing cycle ----------------
175 | 
176 | private func floorDiv(_ a: Int, _ b: Int) -> Int {
    |              `- error: invalid redeclaration of 'floorDiv'
177 |     let q = a / b
178 |     let r = a % b

/Users/runner/work/pocketcare-app/pocketcare-app/apps/ios/Domain/Sources/Domain/Budget.swift:182:14: error: invalid redeclaration of 'floorMod'
180 | }
181 | 
182 | private func floorMod(_ a: Int, _ b: Int) -> Int {
    |              `- error: invalid redeclaration of 'floorMod'
183 |     let r = a % b
184 |     return (r != 0 && (r < 0) != (b < 0)) ? r + b : r
/Users/runner/work/pocketcare-app/pocketcare-app/apps/ios/Domain/Sources/Domain/Budget.swift:176:14: error: invalid redeclaration of 'floorDiv'
174 | // ---------------- Credit-card billing cycle ----------------
175 | 
176 | private func floorDiv(_ a: Int, _ b: Int) -> Int {
    |              `- error: invalid redeclaration of 'floorDiv'
177 |     let q = a / b
178 |     let r = a % b

/Users/runner/work/pocketcare-app/pocketcare-app/apps/ios/Domain/Sources/Domain/Budget.swift:182:14: error: invalid redeclaration of 'floorMod'
180 | }
181 | 
182 | private func floorMod(_ a: Int, _ b: Int) -> Int {
    |              `- error: invalid redeclaration of 'floorMod'
183 |     let r = a % b
184 |     return (r != 0 && (r < 0) != (b < 0)) ? r + b : r
[485/542] Emitting module Domain
/Users/runner/work/pocketcare-app/pocketcare-app/apps/ios/Domain/Sources/Domain/Budget.swift:176:14: error: invalid redeclaration of 'floorDiv'
174 | // ---------------- Credit-card billing cycle ----------------
175 | 
176 | private func floorDiv(_ a: Int, _ b: Int) -> Int {
    |              `- error: invalid redeclaration of 'floorDiv'
177 |     let q = a / b
178 |     let r = a % b

/Users/runner/work/pocketcare-app/pocketcare-app/apps/ios/Domain/Sources/Domain/Budget.swift:182:14: error: invalid redeclaration of 'floorMod'
180 | }
181 | 
182 | private func floorMod(_ a: Int, _ b: Int) -> Int {
    |              `- error: invalid redeclaration of 'floorMod'
183 |     let r = a % b
184 |     return (r != 0 && (r < 0) != (b < 0)) ? r + b : r
[492/542] Compiling Helpers SupabaseLogger.swift
[493/542] Compiling Helpers PostgRESTFilterValue.swift
[494/542] Compiling Helpers HTTPError.swift
[514/551] Compiling Domain ReceiptsParse.swift
[515/551] Compiling Domain ReceiptsReconcile.swift
[516/551] Compiling Domain ReceiptsTypes.swift
[517/551] Compiling Domain Reconcile.swift
[518/551] Compiling Domain Recurring.swift
[519/551] Compiling Domain SplitsInsights.swift
[520/551] Compiling Domain SplitsMath.swift
[521/551] Compiling Domain SyncPolicy.swift
[522/551] Compiling Domain Upi.swift
[535/551] Emitting module AsyncAlgorithms
[543/579] Compiling Storage Codable.swift
[544/579] Compiling Storage Deprecated.swift
[545/579] Compiling Storage Exports.swift
[546/579] Compiling Storage Helpers.swift
[547/579] Emitting module Storage
[548/579] Compiling Storage MultipartFormData.swift
[549/579] Compiling Storage StorageApi.swift
[550/579] Compiling Storage StorageBucketApi.swift
[551/579] Compiling Storage StorageError.swift
Using simulator 2A6DC5A9-CE8C-4BC5-959D-F98D5F4BD9AA
Command line invocation:
    /Applications/Xcode_26.6.app/Contents/Developer/usr/bin/xcodebuild test -project Sanvya.xcodeproj -scheme Sanvya -destination id=2A6DC5A9-CE8C-4BC5-959D-F98D5F4BD9AA CODE_SIGNING_ALLOWED=NO

Build settings from command line:
    CODE_SIGNING_ALLOWED = NO

Resolve Package Graph

Fetching from https://github.com/pointfreeco/swift-clocks (cached)

Fetching from https://github.com/pointfreeco/swift-concurrency-extras (cached)

Fetching from https://github.com/apple/swift-collections.git (cached)

Fetching from https://github.com/apple/swift-http-types.git (cached)

Fetching from https://github.com/powersync-ja/powersync-sqlite-core-swift.git (cached)

Fetching from https://github.com/apple/swift-async-algorithms.git (cached)

Fetching from https://github.com/apple/swift-asn1.git (cached)

Fetching from https://github.com/pointfreeco/xctest-dynamic-overlay (cached)

Fetching from https://github.com/apple/swift-crypto.git (cached)

Fetching from https://github.com/powersync-ja/powersync-swift (cached)

Fetching from https://github.com/hmlongco/Factory (cached)

Fetching from https://github.com/powersync-ja/CSQLite.git (cached)

Fetching from https://github.com/supabase/supabase-swift.git (cached)

Fetching from https://github.com/groue/GRDB.swift.git (cached)

Creating working copy of package ‘swift-clocks’

Checking out 1.1.0 of package ‘swift-clocks’

Creating working copy of package ‘xctest-dynamic-overlay’

Checking out 1.11.0 of package ‘xctest-dynamic-overlay’

Creating working copy of package ‘supabase-swift’

Checking out 2.54.1 of package ‘supabase-swift’

Creating working copy of package ‘swift-crypto’

Checking out 4.5.1 of package ‘swift-crypto’

Creating working copy of package ‘swift-http-types’

Checking out 1.6.0 of package ‘swift-http-types’

Creating working copy of package ‘powersync-sqlite-core-swift’

Checking out 0.4.13 of package ‘powersync-sqlite-core-swift’

Creating working copy of package ‘powersync-swift’

Checking out 1.15.1 of package ‘powersync-swift’

Creating working copy of package ‘Factory’

Checking out 2.5.3 of package ‘Factory’

Creating working copy of package ‘swift-concurrency-extras’

Checking out 1.4.1 of package ‘swift-concurrency-extras’

Creating working copy of package ‘GRDB.swift’

Checking out 7.11.1 of package ‘GRDB.swift’

Creating working copy of package ‘swift-asn1’

Checking out 1.7.1 of package ‘swift-asn1’

Creating working copy of package ‘swift-async-algorithms’

Checking out 1.1.5 of package ‘swift-async-algorithms’

Creating working copy of package ‘CSQLite’

Checking out 3.51.2 of package ‘CSQLite’

Creating working copy of package ‘swift-collections’

Checking out 1.6.0 of package ‘swift-collections’


Resolved source packages:
  swift-asn1: https://github.com/apple/swift-asn1.git @ 1.7.1
  PowerSync: https://github.com/powersync-ja/powersync-swift @ 1.15.1
  PowerSyncSQLiteCore: https://github.com/powersync-ja/powersync-sqlite-core-swift.git @ 0.4.13
  Supabase: https://github.com/supabase/supabase-swift.git @ 2.54.1
  swift-http-types: https://github.com/apple/swift-http-types.git @ 1.6.0
  swift-clocks: https://github.com/pointfreeco/swift-clocks @ 1.1.0
  Domain: /Users/runner/work/pocketcare-app/pocketcare-app/apps/ios/Domain
  swift-concurrency-extras: https://github.com/pointfreeco/swift-concurrency-extras @ 1.4.1
  Data: /Users/runner/work/pocketcare-app/pocketcare-app/apps/ios/Data
  xctest-dynamic-overlay: https://github.com/pointfreeco/xctest-dynamic-overlay @ 1.11.0
  swift-collections: https://github.com/apple/swift-collections.git @ 1.6.0
  swift-crypto: https://github.com/apple/swift-crypto.git @ 4.5.1
  swift-async-algorithms: https://github.com/apple/swift-async-algorithms.git @ 1.1.5
  CSQLite: https://github.com/powersync-ja/CSQLite.git @ 3.51.2
  Factory: https://github.com/hmlongco/Factory @ 2.5.3
  GRDB: https://github.com/groue/GRDB.swift.git @ 7.11.1

--- xcodebuild: WARNING: Using the first of multiple matching destinations:
{ platform:iOS Simulator, arch:arm64, id:2A6DC5A9-CE8C-4BC5-959D-F98D5F4BD9AA, OS:26.4.1, name:iPhone 17 Pro }
{ platform:iOS Simulator, arch:x86_64, id:2A6DC5A9-CE8C-4BC5-959D-F98D5F4BD9AA, OS:26.4.1, name:iPhone 17 Pro }
ComputePackagePrebuildTargetDependencyGraph

Prepare packages

CreateBuildRequest

SendProjectDescription

CreateBuildOperation

ComputeTargetDependencyGraph
note: Building targets in dependency order
note: Target dependency graph (47 targets)
    Target 'SanvyaTests' in project 'Sanvya'
        ➜ Explicit dependency on target 'Sanvya' in project 'Sanvya'
        ➜ Explicit dependency on target 'Domain' in project 'Domain'
    Target 'Sanvya' in project 'Sanvya'
        ➜ Explicit dependency on target 'Domain' in project 'Domain'
        ➜ Explicit dependency on target 'Data' in project 'Data'
        ➜ Explicit dependency on target 'Factory' in project 'Factory'
    Target 'Data' in project 'Data'
        ➜ Explicit dependency on target 'Data' in project 'Data'
        ➜ Explicit dependency on target 'Domain' in project 'Domain'
        ➜ Explicit dependency on target 'PowerSync' in project 'PowerSync'
        ➜ Explicit dependency on target 'Supabase' in project 'Supabase'
        ➜ Explicit dependency on target 'Factory' in project 'Factory'
    Target 'Data' in project 'Data'
        ➜ Explicit dependency on target 'Domain' in project 'Domain'
        ➜ Explicit dependency on target 'PowerSync' in project 'PowerSync'
        ➜ Explicit dependency on target 'Supabase' in project 'Supabase'
        ➜ Explicit dependency on target 'Factory' in project 'Factory'
    Target 'Factory' in project 'Factory'
        ➜ Explicit dependency on target 'Factory' in project 'Factory'
        ➜ Explicit dependency on target 'Factory_Factory' in project 'Factory'
    Target 'Factory' in project 'Factory'
        ➜ Explicit dependency on target 'Factory_Factory' in project 'Factory'
    Target 'Factory_Factory' in project 'Factory' (no dependencies)
    Target 'Supabase' in project 'Supabase'
        ➜ Explicit dependency on target 'Supabase' in project 'Supabase'
        ➜ Explicit dependency on target 'Helpers' in project 'Supabase'
        ➜ Explicit dependency on target 'Auth' in project 'Supabase'
        ➜ Explicit dependency on target 'Functions' in project 'Supabase'
        ➜ Explicit dependency on target 'PostgREST' in project 'Supabase'
        ➜ Explicit dependency on target 'RealtimeV2' in project 'Supabase'
        ➜ Explicit dependency on target 'Realtime' in project 'Supabase'
        ➜ Explicit dependency on target 'Storage' in project 'Supabase'
        ➜ Explicit dependency on target 'ConcurrencyExtras' in project 'swift-concurrency-extras'
        ➜ Explicit dependency on target 'HTTPTypes' in project 'swift-http-types'
        ➜ Explicit dependency on target 'Clocks' in project 'swift-clocks'
        ➜ Explicit dependency on target 'XCTestDynamicOverlay' in project 'xctest-dynamic-overlay'
        ➜ Explicit dependency on target 'IssueReporting' in project 'xctest-dynamic-overlay'
        ➜ Explicit dependency on target 'Crypto' in project 'swift-crypto'
    Target 'Supabase' in project 'Supabase'
        ➜ Explicit dependency on target 'Helpers' in project 'Supabase'
        ➜ Explicit dependency on target 'Auth' in project 'Supabase'
        ➜ Explicit dependency on target 'Functions' in project 'Supabase'
        ➜ Explicit dependency on target 'PostgREST' in project 'Supabase'
        ➜ Explicit dependency on target 'RealtimeV2' in project 'Supabase'
        ➜ Explicit dependency on target 'Realtime' in project 'Supabase'
        ➜ Explicit dependency on target 'Storage' in project 'Supabase'
        ➜ Explicit dependency on target 'ConcurrencyExtras' in project 'swift-concurrency-extras'
        ➜ Explicit dependency on target 'HTTPTypes' in project 'swift-http-types'
        ➜ Explicit dependency on target 'Clocks' in project 'swift-clocks'
        ➜ Explicit dependency on target 'XCTestDynamicOverlay' in project 'xctest-dynamic-overlay'
        ➜ Explicit dependency on target 'IssueReporting' in project 'xctest-dynamic-overlay'
        ➜ Explicit dependency on target 'Crypto' in project 'swift-crypto'
    Target 'Storage' in project 'Supabase'
        ➜ Explicit dependency on target 'Helpers' in project 'Supabase'
        ➜ Explicit dependency on target 'ConcurrencyExtras' in project 'swift-concurrency-extras'
        ➜ Explicit dependency on target 'HTTPTypes' in project 'swift-http-types'
        ➜ Explicit dependency on target 'Clocks' in project 'swift-clocks'
        ➜ Explicit dependency on target 'XCTestDynamicOverlay' in project 'xctest-dynamic-overlay'
        ➜ Explicit dependency on target 'IssueReporting' in project 'xctest-dynamic-overlay'
    Target 'Realtime' in project 'Supabase'
        ➜ Explicit dependency on target 'Helpers' in project 'Supabase'
        ➜ Explicit dependency on target 'RealtimeV2' in project 'Supabase'
        ➜ Explicit dependency on target 'ConcurrencyExtras' in project 'swift-concurrency-extras'
        ➜ Explicit dependency on target 'HTTPTypes' in project 'swift-http-types'
        ➜ Explicit dependency on target 'Clocks' in project 'swift-clocks'
        ➜ Explicit dependency on target 'XCTestDynamicOverlay' in project 'xctest-dynamic-overlay'
        ➜ Explicit dependency on target 'IssueReporting' in project 'xctest-dynamic-overlay'
    Target 'RealtimeV2' in project 'Supabase'
        ➜ Explicit dependency on target 'Helpers' in project 'Supabase'
        ➜ Explicit dependency on target 'ConcurrencyExtras' in project 'swift-concurrency-extras'
        ➜ Explicit dependency on target 'HTTPTypes' in project 'swift-http-types'
        ➜ Explicit dependency on target 'Clocks' in project 'swift-clocks'
        ➜ Explicit dependency on target 'XCTestDynamicOverlay' in project 'xctest-dynamic-overlay'
        ➜ Explicit dependency on target 'IssueReporting' in project 'xctest-dynamic-overlay'
    Target 'PostgREST' in project 'Supabase'
        ➜ Explicit dependency on target 'Helpers' in project 'Supabase'
        ➜ Explicit dependency on target 'ConcurrencyExtras' in project 'swift-concurrency-extras'
        ➜ Explicit dependency on target 'HTTPTypes' in project 'swift-http-types'
        ➜ Explicit dependency on target 'Clocks' in project 'swift-clocks'
        ➜ Explicit dependency on target 'XCTestDynamicOverlay' in project 'xctest-dynamic-overlay'
        ➜ Explicit dependency on target 'IssueReporting' in project 'xctest-dynamic-overlay'
    Target 'Functions' in project 'Supabase'
        ➜ Explicit dependency on target 'Helpers' in project 'Supabase'
        ➜ Explicit dependency on target 'ConcurrencyExtras' in project 'swift-concurrency-extras'
        ➜ Explicit dependency on target 'HTTPTypes' in project 'swift-http-types'
        ➜ Explicit dependency on target 'Clocks' in project 'swift-clocks'
        ➜ Explicit dependency on target 'XCTestDynamicOverlay' in project 'xctest-dynamic-overlay'
        ➜ Explicit dependency on target 'IssueReporting' in project 'xctest-dynamic-overlay'
    Target 'Auth' in project 'Supabase'
        ➜ Explicit dependency on target 'Helpers' in project 'Supabase'
        ➜ Explicit dependency on target 'ConcurrencyExtras' in project 'swift-concurrency-extras'
        ➜ Explicit dependency on target 'HTTPTypes' in project 'swift-http-types'
        ➜ Explicit dependency on target 'Clocks' in project 'swift-clocks'
        ➜ Explicit dependency on target 'XCTestDynamicOverlay' in project 'xctest-dynamic-overlay'
        ➜ Explicit dependency on target 'IssueReporting' in project 'xctest-dynamic-overlay'
        ➜ Explicit dependency on target 'Crypto' in project 'swift-crypto'
    Target 'Crypto' in project 'swift-crypto'
        ➜ Explicit dependency on target 'Crypto' in project 'swift-crypto'
        ➜ Explicit dependency on target 'swift-crypto_Crypto' in project 'swift-crypto'
    Target 'Crypto' in project 'swift-crypto'
        ➜ Explicit dependency on target 'swift-crypto_Crypto' in project 'swift-crypto'
    Target 'swift-crypto_Crypto' in project 'swift-crypto' (no dependencies)
    Target 'Helpers' in project 'Supabase'
        ➜ Explicit dependency on target 'ConcurrencyExtras' in project 'swift-concurrency-extras'
        ➜ Explicit dependency on target 'HTTPTypes' in project 'swift-http-types'
        ➜ Explicit dependency on target 'Clocks' in project 'swift-clocks'
        ➜ Explicit dependency on target 'XCTestDynamicOverlay' in project 'xctest-dynamic-overlay'
        ➜ Explicit dependency on target 'IssueReporting' in project 'xctest-dynamic-overlay'
    Target 'XCTestDynamicOverlay' in project 'xctest-dynamic-overlay'
        ➜ Explicit dependency on target 'XCTestDynamicOverlay' in project 'xctest-dynamic-overlay'
        ➜ Explicit dependency on target 'IssueReporting' in project 'xctest-dynamic-overlay'
    Target 'XCTestDynamicOverlay' in project 'xctest-dynamic-overlay'
        ➜ Explicit dependency on target 'IssueReporting' in project 'xctest-dynamic-overlay'
    Target 'Clocks' in project 'swift-clocks'
        ➜ Explicit dependency on target 'Clocks' in project 'swift-clocks'
        ➜ Explicit dependency on target 'ConcurrencyExtras' in project 'swift-concurrency-extras'
        ➜ Explicit dependency on target 'IssueReporting' in project 'xctest-dynamic-overlay'
    Target 'Clocks' in project 'swift-clocks'
        ➜ Explicit dependency on target 'ConcurrencyExtras' in project 'swift-concurrency-extras'
        ➜ Explicit dependency on target 'IssueReporting' in project 'xctest-dynamic-overlay'
    Target 'IssueReporting' in project 'xctest-dynamic-overlay'
        ➜ Explicit dependency on target 'IssueReporting' in project 'xctest-dynamic-overlay'
    Target 'IssueReporting' in project 'xctest-dynamic-overlay' (no dependencies)
    Target 'HTTPTypes' in project 'swift-http-types'
        ➜ Explicit dependency on target 'HTTPTypes' in project 'swift-http-types'
    Target 'HTTPTypes' in project 'swift-http-types' (no dependencies)
    Target 'ConcurrencyExtras' in project 'swift-concurrency-extras'
        ➜ Explicit dependency on target 'ConcurrencyExtras' in project 'swift-concurrency-extras'
    Target 'ConcurrencyExtras' in project 'swift-concurrency-extras' (no dependencies)
    Target 'PowerSync' in project 'PowerSync'
        ➜ Explicit dependency on target 'PowerSync' in project 'PowerSync'
        ➜ Explicit dependency on target 'PowerSyncCoreShim' in project 'PowerSync'
        ➜ Explicit dependency on target 'PowerSyncSQLiteCore' in project 'PowerSyncSQLiteCore'
        ➜ Explicit dependency on target 'CSQLite' in project 'CSQLite'
        ➜ Explicit dependency on target 'AsyncAlgorithms' in project 'swift-async-algorithms'
        ➜ Explicit dependency on target 'BasicContainers' in project 'swift-collections'
        ➜ Explicit dependency on target 'DequeModule' in project 'swift-collections'
    Target 'PowerSync' in project 'PowerSync'
        ➜ Explicit dependency on target 'PowerSyncCoreShim' in project 'PowerSync'
        ➜ Explicit dependency on target 'PowerSyncSQLiteCore' in project 'PowerSyncSQLiteCore'
        ➜ Explicit dependency on target 'CSQLite' in project 'CSQLite'
        ➜ Explicit dependency on target 'AsyncAlgorithms' in project 'swift-async-algorithms'
        ➜ Explicit dependency on target 'BasicContainers' in project 'swift-collections'
        ➜ Explicit dependency on target 'DequeModule' in project 'swift-collections'
    Target 'BasicContainers' in project 'swift-collections'
        ➜ Explicit dependency on target 'BasicContainers' in project 'swift-collections'
        ➜ Explicit dependency on target 'InternalCollectionsUtilities' in project 'swift-collections'
        ➜ Explicit dependency on target 'ContainersPreview' in project 'swift-collections'
    Target 'BasicContainers' in project 'swift-collections'
        ➜ Explicit dependency on target 'InternalCollectionsUtilities' in project 'swift-collections'
        ➜ Explicit dependency on target 'ContainersPreview' in project 'swift-collections'
    Target 'AsyncAlgorithms' in project 'swift-async-algorithms'
        ➜ Explicit dependency on target 'AsyncAlgorithms' in project 'swift-async-algorithms'
        ➜ Explicit dependency on target 'OrderedCollections' in project 'swift-collections'
        ➜ Explicit dependency on target 'DequeModule' in project 'swift-collections'
    Target 'AsyncAlgorithms' in project 'swift-async-algorithms'
        ➜ Explicit dependency on target 'OrderedCollections' in project 'swift-collections'
        ➜ Explicit dependency on target 'DequeModule' in project 'swift-collections'
    Target 'DequeModule' in project 'swift-collections'
        ➜ Explicit dependency on target 'DequeModule' in project 'swift-collections'
        ➜ Explicit dependency on target 'InternalCollectionsUtilities' in project 'swift-collections'
        ➜ Explicit dependency on target 'ContainersPreview' in project 'swift-collections'
    Target 'DequeModule' in project 'swift-collections'
        ➜ Explicit dependency on target 'InternalCollectionsUtilities' in project 'swift-collections'
        ➜ Explicit dependency on target 'ContainersPreview' in project 'swift-collections'
    Target 'ContainersPreview' in project 'swift-collections'
        ➜ Explicit dependency on target 'InternalCollectionsUtilities' in project 'swift-collections'
    Target 'OrderedCollections' in project 'swift-collections'
        ➜ Explicit dependency on target 'OrderedCollections' in project 'swift-collections'
        ➜ Explicit dependency on target 'InternalCollectionsUtilities' in project 'swift-collections'
    Target 'OrderedCollections' in project 'swift-collections'
        ➜ Explicit dependency on target 'InternalCollectionsUtilities' in project 'swift-collections'
    Target 'InternalCollectionsUtilities' in project 'swift-collections' (no dependencies)
    Target 'CSQLite' in project 'CSQLite'
        ➜ Explicit dependency on target 'CSQLite' in project 'CSQLite'
    Target 'CSQLite' in project 'CSQLite' (no dependencies)
    Target 'PowerSyncCoreShim' in project 'PowerSync'
        ➜ Explicit dependency on target 'PowerSyncSQLiteCore' in project 'PowerSyncSQLiteCore'
    Target 'PowerSyncSQLiteCore' in project 'PowerSyncSQLiteCore' (no dependencies)
    Target 'Domain' in project 'Domain'
        ➜ Explicit dependency on target 'Domain' in project 'Domain'
    Target 'Domain' in project 'Domain' (no dependencies)

GatherProvisioningInputs

CreateBuildDescription

ExecuteExternalTool /Applications/Xcode_26.6.app/Contents/Developer/Toolchains/XcodeDefault.xctoolchain/usr/bin/swiftc --version

ExecuteExternalTool /Applications/Xcode_26.6.app/Contents/Developer/Toolchains/XcodeDefault.xctoolchain/usr/bin/clang -v -E -dM -arch arm64 -isysroot /Applications/Xcode_26.6.app/Contents/Developer/Platforms/iPhoneSimulator.platform/Developer/SDKs/iPhoneSimulator26.5.sdk -x c -c /dev/null

ExecuteExternalTool /Applications/Xcode_26.6.app/Contents/Developer/Toolchains/XcodeDefault.xctoolchain/usr/bin/clang -v -E -dM -isysroot /Applications/Xcode_26.6.app/Contents/Developer/Platforms/iPhoneSimulator.platform/Developer/SDKs/iPhoneSimulator26.5.sdk -x c -c /dev/null

ExecuteExternalTool /Applications/Xcode_26.6.app/Contents/Developer/usr/bin/xcstringstool compile --dry-run --output-directory /Users/runner/Library/Developer/Xcode/DerivedData/Sanvya-bwihhsrkmjvgkfalnfskjfhhbvju/Build/Intermediates.noindex/Sanvya.build/Debug-iphonesimulator/Sanvya.build /Users/runner/work/pocketcare-app/pocketcare-app/apps/ios/App/Resources/Localizable.xcstrings

ExecuteExternalTool /Applications/Xcode_26.6.app/Contents/Developer/usr/bin/actool --print-asset-tag-combinations --output-format xml1 /Users/runner/work/pocketcare-app/pocketcare-app/apps/ios/App/Assets.xcassets

ExecuteExternalTool /Applications/Xcode_26.6.app/Contents/Developer/Toolchains/XcodeDefault.xctoolchain/usr/bin/ld -version_details

ReadFileContents /Applications/Xcode_26.6.app/Contents/Developer/Toolchains/XcodeDefault.xctoolchain/usr/share/docc/features.json

ExecuteExternalTool /Applications/Xcode_26.6.app/Contents/Developer/usr/bin/actool --version --output-format xml1

Build description signature: 767c3b65228fae1240054437d4dacc34
Build description path: /Users/runner/Library/Developer/Xcode/DerivedData/Sanvya-bwihhsrkmjvgkfalnfskjfhhbvju/Build/Intermediates.noindex/XCBuildData/767c3b65228fae1240054437d4dacc34.xcbuilddata
ClangStatCache /Applications/Xcode_26.6.app/Contents/Developer/Toolchains/XcodeDefault.xctoolchain/usr/bin/clang-stat-cache /Applications/Xcode_26.6.app/Contents/Developer/Platforms/iPhoneSimulator.platform/Developer/SDKs/iPhoneSimulator26.5.sdk /Users/runner/Library/Developer/Xcode/DerivedData/SDKStatCaches.noindex/iphonesimulator26.5-23F81a-688ef53f1462e2c8f657fdc38a81448ff45c64a1807a658693f2a61704f17a36.sdkstatcache
    cd /Users/runner/work/pocketcare-app/pocketcare-app/apps/ios/Sanvya.xcodeproj
    /Applications/Xcode_26.6.app/Contents/Developer/Toolchains/XcodeDefault.xctoolchain/usr/bin/clang-stat-cache /Applications/Xcode_26.6.app/Contents/Developer/Platforms/iPhoneSimulator.platform/Developer/SDKs/iPhoneSimulator26.5.sdk -o /Users/runner/Library/Developer/Xcode/DerivedData/SDKStatCaches.noindex/iphonesimulator26.5-23F81a-688ef53f1462e2c8f657fdc38a81448ff45c64a1807a658693f2a61704f17a36.sdkstatcache

CreateBuildDirectory /Users/runner/Library/Developer/Xcode/DerivedData/Sanvya-bwihhsrkmjvgkfalnfskjfhhbvju/Build/Intermediates.noindex
    cd /Users/runner/work/pocketcare-app/pocketcare-app/apps/ios/Sanvya.xcodeproj
    builtin-create-build-directory /Users/runner/Library/Developer/Xcode/DerivedData/Sanvya-bwihhsrkmjvgkfalnfskjfhhbvju/Build/Intermediates.noindex

CreateBuildDirectory /Users/runner/Library/Developer/Xcode/DerivedData/Sanvya-bwihhsrkmjvgkfalnfskjfhhbvju/Build/Products
    cd /Users/runner/work/pocketcare-app/pocketcare-app/apps/ios/Sanvya.xcodeproj
    builtin-create-build-directory /Users/runner/Library/Developer/Xcode/DerivedData/Sanvya-bwihhsrkmjvgkfalnfskjfhhbvju/Build/Products

WriteAuxiliaryFile /Users/runner/Library/Developer/Xcode/DerivedData/Sanvya-bwihhsrkmjvgkfalnfskjfhhbvju/Build/Intermediates.noindex/Sanvya.build/Debug-iphonesimulator/Sanvya-2a9c9331b6207b46992d5cf89bad5187-VFS-iphonesimulator/all-product-headers.yaml
    cd /Users/runner/work/pocketcare-app/pocketcare-app/apps/ios/Sanvya.xcodeproj
    write-file /Users/runner/Library/Developer/Xcode/DerivedData/Sanvya-bwihhsrkmjvgkfalnfskjfhhbvju/Build/Intermediates.noindex/Sanvya.build/Debug-iphonesimulator/Sanvya-2a9c9331b6207b46992d5cf89bad5187-VFS-iphonesimulator/all-product-headers.yaml

CreateBuildDirectory /Users/runner/Library/Developer/Xcode/DerivedData/Sanvya-bwihhsrkmjvgkfalnfskjfhhbvju/Build/Products/Debug-iphonesimulator
    cd /Users/runner/work/pocketcare-app/pocketcare-app/apps/ios/Sanvya.xcodeproj
    builtin-create-build-directory /Users/runner/Library/Developer/Xcode/DerivedData/Sanvya-bwihhsrkmjvgkfalnfskjfhhbvju/Build/Products/Debug-iphonesimulator

CreateBuildDirectory /Users/runner/Library/Developer/Xcode/DerivedData/Sanvya-bwihhsrkmjvgkfalnfskjfhhbvju/Build/Intermediates.noindex/SwiftExplicitPrecompiledModules
    cd /Users/runner/work/pocketcare-app/pocketcare-app/apps/ios/Sanvya.xcodeproj
    builtin-create-build-directory /Users/runner/Library/Developer/Xcode/DerivedData/Sanvya-bwihhsrkmjvgkfalnfskjfhhbvju/Build/Intermediates.noindex/SwiftExplicitPrecompiledModules

CreateBuildDirectory /Users/runner/Library/Developer/Xcode/DerivedData/Sanvya-bwihhsrkmjvgkfalnfskjfhhbvju/Build/Intermediates.noindex/ExplicitPrecompiledModules
    cd /Users/runner/work/pocketcare-app/pocketcare-app/apps/ios/Sanvya.xcodeproj
    builtin-create-build-directory /Users/runner/Library/Developer/Xcode/DerivedData/Sanvya-bwihhsrkmjvgkfalnfskjfhhbvju/Build/Intermediates.noindex/ExplicitPrecompiledModules

CreateBuildDirectory /Users/runner/Library/Developer/Xcode/DerivedData/Sanvya-bwihhsrkmjvgkfalnfskjfhhbvju/Build/Intermediates.noindex/EagerLinkingTBDs/Debug-iphonesimulator
    cd /Users/runner/work/pocketcare-app/pocketcare-app/apps/ios/Sanvya.xcodeproj
    builtin-create-build-directory /Users/runner/Library/Developer/Xcode/DerivedData/Sanvya-bwihhsrkmjvgkfalnfskjfhhbvju/Build/Intermediates.noindex/EagerLinkingTBDs/Debug-iphonesimulator

CreateBuildDirectory /Users/runner/Library/Developer/Xcode/DerivedData/Sanvya-bwihhsrkmjvgkfalnfskjfhhbvju/Build/Products/Debug-iphonesimulator/PackageFrameworks
    cd /Users/runner/work/pocketcare-app/pocketcare-app/apps/ios/Sanvya.xcodeproj
    builtin-create-build-directory /Users/runner/Library/Developer/Xcode/DerivedData/Sanvya-bwihhsrkmjvgkfalnfskjfhhbvju/Build/Products/Debug-iphonesimulator/PackageFrameworks

WriteAuxiliaryFile /Users/runner/Library/Developer/Xcode/DerivedData/Sanvya-bwihhsrkmjvgkfalnfskjfhhbvju/Build/Intermediates.noindex/xctest-dynamic-overlay.build/Debug-iphonesimulator/IssueReporting.build/Objects-normal/arm64/IssueReporting_const_extract_protocols.json (in target 'IssueReporting' from project 'xctest-dynamic-overlay')
    cd /Users/runner/Library/Developer/Xcode/DerivedData/Sanvya-bwihhsrkmjvgkfalnfskjfhhbvju/SourcePackages/checkouts/xctest-dynamic-overlay
    write-file /Users/runner/Library/Developer/Xcode/DerivedData/Sanvya-bwihhsrkmjvgkfalnfskjfhhbvju/Build/Intermediates.noindex/xctest-dynamic-overlay.build/Debug-iphonesimulator/IssueReporting.build/Objects-normal/arm64/IssueReporting_const_extract_protocols.json

WriteAuxiliaryFile /Users/runner/Library/Developer/Xcode/DerivedData/Sanvya-bwihhsrkmjvgkfalnfskjfhhbvju/Build/Intermediates.noindex/swift-http-types.build/Debug-iphonesimulator/HTTPTypes.build/Objects-normal/arm64/HTTPTypes_const_extract_protocols.json (in target 'HTTPTypes' from project 'swift-http-types')
    cd /Users/runner/Library/Developer/Xcode/DerivedData/Sanvya-bwihhsrkmjvgkfalnfskjfhhbvju/SourcePackages/checkouts/swift-http-types
    write-file /Users/runner/Library/Developer/Xcode/DerivedData/Sanvya-bwihhsrkmjvgkfalnfskjfhhbvju/Build/Intermediates.noindex/swift-http-types.build/Debug-iphonesimulator/HTTPTypes.build/Objects-normal/arm64/HTTPTypes_const_extract_protocols.json

WriteAuxiliaryFile /Users/runner/Library/Developer/Xcode/DerivedData/Sanvya-bwihhsrkmjvgkfalnfskjfhhbvju/Build/Intermediates.noindex/swift-crypto.build/Debug-iphonesimulator/swift-crypto_Crypto.build/swift-crypto_Crypto.DependencyStaticMetadataFileList (in target 'swift-crypto_Crypto' from project 'swift-crypto')
    cd /Users/runner/Library/Developer/Xcode/DerivedData/Sanvya-bwihhsrkmjvgkfalnfskjfhhbvju/SourcePackages/checkouts/swift-crypto
    write-file /Users/runner/Library/Developer/Xcode/DerivedData/Sanvya-bwihhsrkmjvgkfalnfskjfhhbvju/Build/Intermediates.noindex/swift-crypto.build/Debug-iphonesimulator/swift-crypto_Crypto.build/swift-crypto_Crypto.DependencyStaticMetadataFileList

WriteAuxiliaryFile /Users/runner/Library/Developer/Xcode/DerivedData/Sanvya-bwihhsrkmjvgkfalnfskjfhhbvju/Build/Intermediates.noindex/swift-crypto.build/Debug-iphonesimulator/swift-crypto_Crypto.build/swift-crypto_Crypto.DependencyMetadataFileList (in target 'swift-crypto_Crypto' from project 'swift-crypto')
    cd /Users/runner/Library/Developer/Xcode/DerivedData/Sanvya-bwihhsrkmjvgkfalnfskjfhhbvju/SourcePackages/checkouts/swift-crypto
    write-file /Users/runner/Library/Developer/Xcode/DerivedData/Sanvya-bwihhsrkmjvgkfalnfskjfhhbvju/Build/Intermediates.noindex/swift-crypto.build/Debug-iphonesimulator/swift-crypto_Crypto.build/swift-crypto_Crypto.DependencyMetadataFileList

WriteAuxiliaryFile /Users/runner/Library/Developer/Xcode/DerivedData/Sanvya-bwihhsrkmjvgkfalnfskjfhhbvju/Build/Intermediates.noindex/swift-crypto.build/Debug-iphonesimulator/swift-crypto_Crypto.build/empty-swift-crypto_Crypto.plist (in target 'swift-crypto_Crypto' from project 'swift-crypto')
    cd /Users/runner/Library/Developer/Xcode/DerivedData/Sanvya-bwihhsrkmjvgkfalnfskjfhhbvju/SourcePackages/checkouts/swift-crypto
    write-file /Users/runner/Library/Developer/Xcode/DerivedData/Sanvya-bwihhsrkmjvgkfalnfskjfhhbvju/Build/Intermediates.noindex/swift-crypto.build/Debug-iphonesimulator/swift-crypto_Crypto.build/empty-swift-crypto_Crypto.plist

WriteAuxiliaryFile /Users/runner/Library/Developer/Xcode/DerivedData/Sanvya-bwihhsrkmjvgkfalnfskjfhhbvju/Build/Intermediates.noindex/xctest-dynamic-overlay.build/Debug-iphonesimulator/XCTestDynamicOverlay.build/XCTestDynamicOverlay.modulemap (in target 'XCTestDynamicOverlay' from project 'xctest-dynamic-overlay')
    cd /Users/runner/Library/Developer/Xcode/DerivedData/Sanvya-bwihhsrkmjvgkfalnfskjfhhbvju/SourcePackages/checkouts/xctest-dynamic-overlay
    write-file /Users/runner/Library/Developer/Xcode/DerivedData/Sanvya-bwihhsrkmjvgkfalnfskjfhhbvju/Build/Intermediates.noindex/xctest-dynamic-overlay.build/Debug-iphonesimulator/XCTestDynamicOverlay.build/XCTestDynamicOverlay.modulemap

WriteAuxiliaryFile /Users/runner/Library/Developer/Xcode/DerivedData/Sanvya-bwihhsrkmjvgkfalnfskjfhhbvju/Build/Intermediates.noindex/xctest-dynamic-overlay.build/Debug-iphonesimulator/XCTestDynamicOverlay.build/XCTestDynamicOverlay.DependencyStaticMetadataFileList (in target 'XCTestDynamicOverlay' from project 'xctest-dynamic-overlay')
    cd /Users/runner/Library/Developer/Xcode/DerivedData/Sanvya-bwihhsrkmjvgkfalnfskjfhhbvju/SourcePackages/checkouts/xctest-dynamic-overlay
    write-file /Users/runner/Library/Developer/Xcode/DerivedData/Sanvya-bwihhsrkmjvgkfalnfskjfhhbvju/Build/Intermediates.noindex/xctest-dynamic-overlay.build/Debug-iphonesimulator/XCTestDynamicOverlay.build/XCTestDynamicOverlay.DependencyStaticMetadataFileList

WriteAuxiliaryFile /Users/runner/Library/Developer/Xcode/DerivedData/Sanvya-bwihhsrkmjvgkfalnfskjfhhbvju/Build/Intermediates.noindex/xctest-dynamic-overlay.build/Debug-iphonesimulator/XCTestDynamicOverlay.build/XCTestDynamicOverlay.DependencyMetadataFileList (in target 'XCTestDynamicOverlay' from project 'xctest-dynamic-overlay')
    cd /Users/runner/Library/Developer/Xcode/DerivedData/Sanvya-bwihhsrkmjvgkfalnfskjfhhbvju/SourcePackages/checkouts/xctest-dynamic-overlay
    write-file /Users/runner/Library/Developer/Xcode/DerivedData/Sanvya-bwihhsrkmjvgkfalnfskjfhhbvju/Build/Intermediates.noindex/xctest-dynamic-overlay.build/Debug-iphonesimulator/XCTestDynamicOverlay.build/XCTestDynamicOverlay.DependencyMetadataFileList

WriteAuxiliaryFile /Users/runner/Library/Developer/Xcode/DerivedData/Sanvya-bwihhsrkmjvgkfalnfskjfhhbvju/Build/Intermediates.noindex/xctest-dynamic-overlay.build/Debug-iphonesimulator/XCTestDynamicOverlay.build/Objects-normal/arm64/XCTestDynamicOverlay_const_extract_protocols.json (in target 'XCTestDynamicOverlay' from project 'xctest-dynamic-overlay')
    cd /Users/runner/Library/Developer/Xcode/DerivedData/Sanvya-bwihhsrkmjvgkfalnfskjfhhbvju/SourcePackages/checkouts/xctest-dynamic-overlay
    write-file /Users/runner/Library/Developer/Xcode/DerivedData/Sanvya-bwihhsrkmjvgkfalnfskjfhhbvju/Build/Intermediates.noindex/xctest-dynamic-overlay.build/Debug-iphonesimulator/XCTestDynamicOverlay.build/Objects-normal/arm64/XCTestDynamicOverlay_const_extract_protocols.json

WriteAuxiliaryFile /Users/runner/Library/Developer/Xcode/DerivedData/Sanvya-bwihhsrkmjvgkfalnfskjfhhbvju/Build/Intermediates.noindex/xctest-dynamic-overlay.build/Debug-iphonesimulator/XCTestDynamicOverlay.build/Objects-normal/arm64/XCTestDynamicOverlay.SwiftFileList (in target 'XCTestDynamicOverlay' from project 'xctest-dynamic-overlay')
    cd /Users/runner/Library/Developer/Xcode/DerivedData/Sanvya-bwihhsrkmjvgkfalnfskjfhhbvju/SourcePackages/checkouts/xctest-dynamic-overlay
    write-file /Users/runner/Library/Developer/Xcode/DerivedData/Sanvya-bwihhsrkmjvgkfalnfskjfhhbvju/Build/Intermediates.noindex/xctest-dynamic-overlay.build/Debug-iphonesimulator/XCTestDynamicOverlay.build/Objects-normal/arm64/XCTestDynamicOverlay.SwiftFileList

WriteAuxiliaryFile /Users/runner/Library/Developer/Xcode/DerivedData/Sanvya-bwihhsrkmjvgkfalnfskjfhhbvju/Build/Intermediates.noindex/xctest-dynamic-overlay.build/Debug-iphonesimulator/XCTestDynamicOverlay.build/Objects-normal/arm64/XCTestDynamicOverlay.SwiftConstValuesFileList (in target 'XCTestDynamicOverlay' from project 'xctest-dynamic-overlay')
    cd /Users/runner/Library/Developer/Xcode/DerivedData/Sanvya-bwihhsrkmjvgkfalnfskjfhhbvju/SourcePackages/checkouts/xctest-dynamic-overlay
    write-file /Users/runner/Library/Developer/Xcode/DerivedData/Sanvya-bwihhsrkmjvgkfalnfskjfhhbvju/Build/Intermediates.noindex/xctest-dynamic-overlay.build/Debug-iphonesimulator/XCTestDynamicOverlay.build/Objects-normal/arm64/XCTestDynamicOverlay.SwiftConstValuesFileList

WriteAuxiliaryFile /Users/runner/Library/Developer/Xcode/DerivedData/Sanvya-bwihhsrkmjvgkfalnfskjfhhbvju/Build/Intermediates.noindex/xctest-dynamic-overlay.build/Debug-iphonesimulator/XCTestDynamicOverlay.build/Objects-normal/arm64/XCTestDynamicOverlay.LinkFileList (in target 'XCTestDynamicOverlay' from project 'xctest-dynamic-overlay')
    cd /Users/runner/Library/Developer/Xcode/DerivedData/Sanvya-bwihhsrkmjvgkfalnfskjfhhbvju/SourcePackages/checkouts/xctest-dynamic-overlay
    write-file /Users/runner/Library/Developer/Xcode/DerivedData/Sanvya-bwihhsrkmjvgkfalnfskjfhhbvju/Build/Intermediates.noindex/xctest-dynamic-overlay.build/Debug-iphonesimulator/XCTestDynamicOverlay.build/Objects-normal/arm64/XCTestDynamicOverlay.LinkFileList

WriteAuxiliaryFile /Users/runner/Library/Developer/Xcode/DerivedData/Sanvya-bwihhsrkmjvgkfalnfskjfhhbvju/Build/Intermediates.noindex/xctest-dynamic-overlay.build/Debug-iphonesimulator/XCTestDynamicOverlay.build/Objects-normal/arm64/XCTestDynamicOverlay-OutputFileMap.json (in target 'XCTestDynamicOverlay' from project 'xctest-dynamic-overlay')
    cd /Users/runner/Library/Developer/Xcode/DerivedData/Sanvya-bwihhsrkmjvgkfalnfskjfhhbvju/SourcePackages/checkouts/xctest-dynamic-overlay
    write-file /Users/runner/Library/Developer/Xcode/DerivedData/Sanvya-bwihhsrkmjvgkfalnfskjfhhbvju/Build/Intermediates.noindex/xctest-dynamic-overlay.build/Debug-iphonesimulator/XCTestDynamicOverlay.build/Objects-normal/arm64/XCTestDynamicOverlay-OutputFileMap.json

Copy /Users/runner/Library/Developer/Xcode/DerivedData/Sanvya-bwihhsrkmjvgkfalnfskjfhhbvju/Build/Intermediates.noindex/GeneratedModuleMaps-iphonesimulator/XCTestDynamicOverlay.modulemap /Users/runner/Library/Developer/Xcode/DerivedData/Sanvya-bwihhsrkmjvgkfalnfskjfhhbvju/Build/Intermediates.noindex/xctest-dynamic-overlay.build/Debug-iphonesimulator/XCTestDynamicOverlay.build/XCTestDynamicOverlay.modulemap (in target 'XCTestDynamicOverlay' from project 'xctest-dynamic-overlay')
    cd /Users/runner/Library/Developer/Xcode/DerivedData/Sanvya-bwihhsrkmjvgkfalnfskjfhhbvju/SourcePackages/checkouts/xctest-dynamic-overlay
    builtin-copy -exclude .DS_Store -exclude CVS -exclude .svn -exclude .git -exclude .hg -resolve-src-symlinks /Users/runner/Library/Developer/Xcode/DerivedData/Sanvya-bwihhsrkmjvgkfalnfskjfhhbvju/Build/Intermediates.noindex/xctest-dynamic-overlay.build/Debug-iphonesimulator/XCTestDynamicOverlay.build/XCTestDynamicOverlay.modulemap /Users/runner/Library/Developer/Xcode/DerivedData/Sanvya-bwihhsrkmjvgkfalnfskjfhhbvju/Build/Intermediates.noindex/GeneratedModuleMaps-iphonesimulator

WriteAuxiliaryFile /Users/runner/Library/Developer/Xcode/DerivedData/Sanvya-bwihhsrkmjvgkfalnfskjfhhbvju/Build/Intermediates.noindex/Supabase.build/Debug-iphonesimulator/Supabase.build/Supabase.modulemap (in target 'Supabase' from project 'Supabase')
    cd /Users/runner/Library/Developer/Xcode/DerivedData/Sanvya-bwihhsrkmjvgkfalnfskjfhhbvju/SourcePackages/checkouts/supabase-swift
    write-file /Users/runner/Library/Developer/Xcode/DerivedData/Sanvya-bwihhsrkmjvgkfalnfskjfhhbvju/Build/Intermediates.noindex/Supabase.build/Debug-iphonesimulator/Supabase.build/Supabase.modulemap

WriteAuxiliaryFile /Users/runner/Library/Developer/Xcode/DerivedData/Sanvya-bwihhsrkmjvgkfalnfskjfhhbvju/Build/Intermediates.noindex/Supabase.build/Debug-iphonesimulator/Supabase.build/Supabase.DependencyStaticMetadataFileList (in target 'Supabase' from project 'Supabase')
    cd /Users/runner/Library/Developer/Xcode/DerivedData/Sanvya-bwihhsrkmjvgkfalnfskjfhhbvju/SourcePackages/checkouts/supabase-swift
    write-file /Users/runner/Library/Developer/Xcode/DerivedData/Sanvya-bwihhsrkmjvgkfalnfskjfhhbvju/Build/Intermediates.noindex/Supabase.build/Debug-iphonesimulator/Supabase.build/Supabase.DependencyStaticMetadataFileList

WriteAuxiliaryFile /Users/runner/Library/Developer/Xcode/DerivedData/Sanvya-bwihhsrkmjvgkfalnfskjfhhbvju/Build/Intermediates.noindex/Supabase.build/Debug-iphonesimulator/Supabase.build/Supabase.DependencyMetadataFileList (in target 'Supabase' from project 'Supabase')
    cd /Users/runner/Library/Developer/Xcode/DerivedData/Sanvya-bwihhsrkmjvgkfalnfskjfhhbvju/SourcePackages/checkouts/supabase-swift
    write-file /Users/runner/Library/Developer/Xcode/DerivedData/Sanvya-bwihhsrkmjvgkfalnfskjfhhbvju/Build/Intermediates.noindex/Supabase.build/Debug-iphonesimulator/Supabase.build/Supabase.DependencyMetadataFileList

WriteAuxiliaryFile /Users/runner/Library/Developer/Xcode/DerivedData/Sanvya-bwihhsrkmjvgkfalnfskjfhhbvju/Build/Intermediates.noindex/Supabase.build/Debug-iphonesimulator/Supabase.build/Objects-normal/arm64/Supabase_const_extract_protocols.json (in target 'Supabase' from project 'Supabase')
    cd /Users/runner/Library/Developer/Xcode/DerivedData/Sanvya-bwihhsrkmjvgkfalnfskjfhhbvju/SourcePackages/checkouts/supabase-swift
    write-file /Users/runner/Library/Developer/Xcode/DerivedData/Sanvya-bwihhsrkmjvgkfalnfskjfhhbvju/Build/Intermediates.noindex/Supabase.build/Debug-iphonesimulator/Supabase.build/Objects-normal/arm64/Supabase_const_extract_protocols.json

WriteAuxiliaryFile /Users/runner/Library/Developer/Xcode/DerivedData/Sanvya-bwihhsrkmjvgkfalnfskjfhhbvju/Build/Intermediates.noindex/Supabase.build/Debug-iphonesimulator/Supabase.build/Objects-normal/arm64/Supabase.SwiftFileList (in target 'Supabase' from project 'Supabase')
    cd /Users/runner/Library/Developer/Xcode/DerivedData/Sanvya-bwihhsrkmjvgkfalnfskjfhhbvju/SourcePackages/checkouts/supabase-swift
    write-file /Users/runner/Library/Developer/Xcode/DerivedData/Sanvya-bwihhsrkmjvgkfalnfskjfhhbvju/Build/Intermediates.noindex/Supabase.build/Debug-iphonesimulator/Supabase.build/Objects-normal/arm64/Supabase.SwiftFileList

WriteAuxiliaryFile /Users/runner/Library/Developer/Xcode/DerivedData/Sanvya-bwihhsrkmjvgkfalnfskjfhhbvju/Build/Intermediates.noindex/Supabase.build/Debug-iphonesimulator/Supabase.build/Objects-normal/arm64/Supabase.SwiftConstValuesFileList (in target 'Supabase' from project 'Supabase')
    cd /Users/runner/Library/Developer/Xcode/DerivedData/Sanvya-bwihhsrkmjvgkfalnfskjfhhbvju/SourcePackages/checkouts/supabase-swift
    write-file /Users/runner/Library/Developer/Xcode/DerivedData/Sanvya-bwihhsrkmjvgkfalnfskjfhhbvju/Build/Intermediates.noindex/Supabase.build/Debug-iphonesimulator/Supabase.build/Objects-normal/arm64/Supabase.SwiftConstValuesFileList

WriteAuxiliaryFile /Users/runner/Library/Developer/Xcode/DerivedData/Sanvya-bwihhsrkmjvgkfalnfskjfhhbvju/Build/Intermediates.noindex/Supabase.build/Debug-iphonesimulator/Supabase.build/Objects-normal/arm64/Supabase.LinkFileList (in target 'Supabase' from project 'Supabase')
    cd /Users/runner/Library/Developer/Xcode/DerivedData/Sanvya-bwihhsrkmjvgkfalnfskjfhhbvju/SourcePackages/checkouts/supabase-swift
    write-file /Users/runner/Library/Developer/Xcode/DerivedData/Sanvya-bwihhsrkmjvgkfalnfskjfhhbvju/Build/Intermediates.noindex/Supabase.build/Debug-iphonesimulator/Supabase.build/Objects-normal/arm64/Supabase.LinkFileList

WriteAuxiliaryFile /Users/runner/Library/Developer/Xcode/DerivedData/Sanvya-bwihhsrkmjvgkfalnfskjfhhbvju/Build/Intermediates.noindex/Supabase.build/Debug-iphonesimulator/Supabase.build/Objects-normal/arm64/Supabase-OutputFileMap.json (in target 'Supabase' from project 'Supabase')
    cd /Users/runner/Library/Developer/Xcode/DerivedData/Sanvya-bwihhsrkmjvgkfalnfskjfhhbvju/SourcePackages/checkouts/supabase-swift
    write-file /Users/runner/Library/Developer/Xcode/DerivedData/Sanvya-bwihhsrkmjvgkfalnfskjfhhbvju/Build/Intermediates.noindex/Supabase.build/Debug-iphonesimulator/Supabase.build/Objects-normal/arm64/Supabase-OutputFileMap.json

Copy /Users/runner/Library/Developer/Xcode/DerivedData/Sanvya-bwihhsrkmjvgkfalnfskjfhhbvju/Build/Intermediates.noindex/GeneratedModuleMaps-iphonesimulator/Supabase.modulemap /Users/runner/Library/Developer/Xcode/DerivedData/Sanvya-bwihhsrkmjvgkfalnfskjfhhbvju/Build/Intermediates.noindex/Supabase.build/Debug-iphonesimulator/Supabase.build/Supabase.modulemap (in target 'Supabase' from project 'Supabase')
    cd /Users/runner/Library/Developer/Xcode/DerivedData/Sanvya-bwihhsrkmjvgkfalnfskjfhhbvju/SourcePackages/checkouts/supabase-swift
    builtin-copy -exclude .DS_Store -exclude CVS -exclude .svn -exclude .git -exclude .hg -resolve-src-symlinks /Users/runner/Library/Developer/Xcode/DerivedData/Sanvya-bwihhsrkmjvgkfalnfskjfhhbvju/Build/Intermediates.noindex/Supabase.build/Debug-iphonesimulator/Supabase.build/Supabase.modulemap /Users/runner/Library/Developer/Xcode/DerivedData/Sanvya-bwihhsrkmjvgkfalnfskjfhhbvju/Build/Intermediates.noindex/GeneratedModuleMaps-iphonesimulator

WriteAuxiliaryFile /Users/runner/Library/Developer/Xcode/DerivedData/Sanvya-bwihhsrkmjvgkfalnfskjfhhbvju/Build/Intermediates.noindex/Supabase.build/Debug-iphonesimulator/Storage.build/Storage.modulemap (in target 'Storage' from project 'Supabase')
    cd /Users/runner/Library/Developer/Xcode/DerivedData/Sanvya-bwihhsrkmjvgkfalnfskjfhhbvju/SourcePackages/checkouts/supabase-swift
    write-file /Users/runner/Library/Developer/Xcode/DerivedData/Sanvya-bwihhsrkmjvgkfalnfskjfhhbvju/Build/Intermediates.noindex/Supabase.build/Debug-iphonesimulator/Storage.build/Storage.modulemap

WriteAuxiliaryFile /Users/runner/Library/Developer/Xcode/DerivedData/Sanvya-bwihhsrkmjvgkfalnfskjfhhbvju/Build/Intermediates.noindex/Supabase.build/Debug-iphonesimulator/Storage.build/Storage.DependencyStaticMetadataFileList (in target 'Storage' from project 'Supabase')
    cd /Users/runner/Library/Developer/Xcode/DerivedData/Sanvya-bwihhsrkmjvgkfalnfskjfhhbvju/SourcePackages/checkouts/supabase-swift
    write-file /Users/runner/Library/Developer/Xcode/DerivedData/Sanvya-bwihhsrkmjvgkfalnfskjfhhbvju/Build/Intermediates.noindex/Supabase.build/Debug-iphonesimulator/Storage.build/Storage.DependencyStaticMetadataFileList

WriteAuxiliaryFile /Users/runner/Library/Developer/Xcode/DerivedData/Sanvya-bwihhsrkmjvgkfalnfskjfhhbvju/Build/Intermediates.noindex/Supabase.build/Debug-iphonesimulator/Storage.build/Storage.DependencyMetadataFileList (in target 'Storage' from project 'Supabase')
    cd /Users/runner/Library/Developer/Xcode/DerivedData/Sanvya-bwihhsrkmjvgkfalnfskjfhhbvju/SourcePackages/checkouts/supabase-swift
    write-file /Users/runner/Library/Developer/Xcode/DerivedData/Sanvya-bwihhsrkmjvgkfalnfskjfhhbvju/Build/Intermediates.noindex/Supabase.build/Debug-iphonesimulator/Storage.build/Storage.DependencyMetadataFileList

WriteAuxiliaryFile /Users/runner/Library/Developer/Xcode/DerivedData/Sanvya-bwihhsrkmjvgkfalnfskjfhhbvju/Build/Intermediates.noindex/Supabase.build/Debug-iphonesimulator/Storage.build/Objects-normal/arm64/Storage_const_extract_protocols.json (in target 'Storage' from project 'Supabase')
    cd /Users/runner/Library/Developer/Xcode/DerivedData/Sanvya-bwihhsrkmjvgkfalnfskjfhhbvju/SourcePackages/checkouts/supabase-swift
    write-file /Users/runner/Library/Developer/Xcode/DerivedData/Sanvya-bwihhsrkmjvgkfalnfskjfhhbvju/Build/Intermediates.noindex/Supabase.build/Debug-iphonesimulator/Storage.build/Objects-normal/arm64/Storage_const_extract_protocols.json

WriteAuxiliaryFile /Users/runner/Library/Developer/Xcode/DerivedData/Sanvya-bwihhsrkmjvgkfalnfskjfhhbvju/Build/Intermediates.noindex/Supabase.build/Debug-iphonesimulator/Storage.build/Objects-normal/arm64/Storage.SwiftFileList (in target 'Storage' from project 'Supabase')
    cd /Users/runner/Library/Developer/Xcode/DerivedData/Sanvya-bwihhsrkmjvgkfalnfskjfhhbvju/SourcePackages/checkouts/supabase-swift
    write-file /Users/runner/Library/Developer/Xcode/DerivedData/Sanvya-bwihhsrkmjvgkfalnfskjfhhbvju/Build/Intermediates.noindex/Supabase.build/Debug-iphonesimulator/Storage.build/Objects-normal/arm64/Storage.SwiftFileList

WriteAuxiliaryFile /Users/runner/Library/Developer/Xcode/DerivedData/Sanvya-bwihhsrkmjvgkfalnfskjfhhbvju/Build/Intermediates.noindex/Supabase.build/Debug-iphonesimulator/Storage.build/Objects-normal/arm64/Storage.SwiftConstValuesFileList (in target 'Storage' from project 'Supabase')
    cd /Users/runner/Library/Developer/Xcode/DerivedData/Sanvya-bwihhsrkmjvgkfalnfskjfhhbvju/SourcePackages/checkouts/supabase-swift
    write-file /Users/runner/Library/Developer/Xcode/DerivedData/Sanvya-bwihhsrkmjvgkfalnfskjfhhbvju/Build/Intermediates.noindex/Supabase.build/Debug-iphonesimulator/Storage.build/Objects-normal/arm64/Storage.SwiftConstValuesFileList

WriteAuxiliaryFile /Users/runner/Library/Developer/Xcode/DerivedData/Sanvya-bwihhsrkmjvgkfalnfskjfhhbvju/Build/Intermediates.noindex/Supabase.build/Debug-iphonesimulator/Storage.build/Objects-normal/arm64/Storage.LinkFileList (in target 'Storage' from project 'Supabase')
    cd /Users/runner/Library/Developer/Xcode/DerivedData/Sanvya-bwihhsrkmjvgkfalnfskjfhhbvju/SourcePackages/checkouts/supabase-swift
    write-file /Users/runner/Library/Developer/Xcode/DerivedData/Sanvya-bwihhsrkmjvgkfalnfskjfhhbvju/Build/Intermediates.noindex/Supabase.build/Debug-iphonesimulator/Storage.build/Objects-normal/arm64/Storage.LinkFileList

WriteAuxiliaryFile /Users/runner/Library/Developer/Xcode/DerivedData/Sanvya-bwihhsrkmjvgkfalnfskjfhhbvju/Build/Intermediates.noindex/Supabase.build/Debug-iphonesimulator/Storage.build/Objects-normal/arm64/Storage-OutputFileMap.json (in target 'Storage' from project 'Supabase')
    cd /Users/runner/Library/Developer/Xcode/DerivedData/Sanvya-bwihhsrkmjvgkfalnfskjfhhbvju/SourcePackages/checkouts/supabase-swift
    write-file /Users/runner/Library/Developer/Xcode/DerivedData/Sanvya-bwihhsrkmjvgkfalnfskjfhhbvju/Build/Intermediates.noindex/Supabase.build/Debug-iphonesimulator/Storage.build/Objects-normal/arm64/Storage-OutputFileMap.json

Copy /Users/runner/Library/Developer/Xcode/DerivedData/Sanvya-bwihhsrkmjvgkfalnfskjfhhbvju/Build/Intermediates.noindex/GeneratedModuleMaps-iphonesimulator/Storage.modulemap /Users/runner/Library/Developer/Xcode/DerivedData/Sanvya-bwihhsrkmjvgkfalnfskjfhhbvju/Build/Intermediates.noindex/Supabase.build/Debug-iphonesimulator/Storage.build/Storage.modulemap (in target 'Storage' from project 'Supabase')
    cd /Users/runner/Library/Developer/Xcode/DerivedData/Sanvya-bwihhsrkmjvgkfalnfskjfhhbvju/SourcePackages/checkouts/supabase-swift
    builtin-copy -exclude .DS_Store -exclude CVS -exclude .svn -exclude .git -exclude .hg -resolve-src-symlinks /Users/runner/Library/Developer/Xcode/DerivedData/Sanvya-bwihhsrkmjvgkfalnfskjfhhbvju/Build/Intermediates.noindex/Supabase.build/Debug-iphonesimulator/Storage.build/Storage.modulemap /Users/runner/Library/Developer/Xcode/DerivedData/Sanvya-bwihhsrkmjvgkfalnfskjfhhbvju/Build/Intermediates.noindex/GeneratedModuleMaps-iphonesimulator

WriteAuxiliaryFile /Users/runner/Library/Developer/Xcode/DerivedData/Sanvya-bwihhsrkmjvgkfalnfskjfhhbvju/Build/Intermediates.noindex/Sanvya.build/Debug-iphonesimulator/SanvyaTests.build/empty-SanvyaTests.plist (in target 'SanvyaTests' from project 'Sanvya')
    cd /Users/runner/work/pocketcare-app/pocketcare-app/apps/ios
    write-file /Users/runner/Library/Developer/Xcode/DerivedData/Sanvya-bwihhsrkmjvgkfalnfskjfhhbvju/Build/Intermediates.noindex/Sanvya.build/Debug-iphonesimulator/SanvyaTests.build/empty-SanvyaTests.plist

WriteAuxiliaryFile /Users/runner/Library/Developer/Xcode/DerivedData/Sanvya-bwihhsrkmjvgkfalnfskjfhhbvju/Build/Intermediates.noindex/Sanvya.build/Debug-iphonesimulator/SanvyaTests.build/SanvyaTests.hmap (in target 'SanvyaTests' from project 'Sanvya')
    cd /Users/runner/work/pocketcare-app/pocketcare-app/apps/ios
    write-file /Users/runner/Library/Developer/Xcode/DerivedData/Sanvya-bwihhsrkmjvgkfalnfskjfhhbvju/Build/Intermediates.noindex/Sanvya.build/Debug-iphonesimulator/SanvyaTests.build/SanvyaTests.hmap

WriteAuxiliaryFile /Users/runner/Library/Developer/Xcode/DerivedData/Sanvya-bwihhsrkmjvgkfalnfskjfhhbvju/Build/Intermediates.noindex/Sanvya.build/Debug-iphonesimulator/SanvyaTests.build/SanvyaTests.DependencyStaticMetadataFileList (in target 'SanvyaTests' from project 'Sanvya')
    cd /Users/runner/work/pocketcare-app/pocketcare-app/apps/ios
    write-file /Users/runner/Library/Developer/Xcode/DerivedData/Sanvya-bwihhsrkmjvgkfalnfskjfhhbvju/Build/Intermediates.noindex/Sanvya.build/Debug-iphonesimulator/SanvyaTests.build/SanvyaTests.DependencyStaticMetadataFileList

WriteAuxiliaryFile /Users/runner/Library/Developer/Xcode/DerivedData/Sanvya-bwihhsrkmjvgkfalnfskjfhhbvju/Build/Intermediates.noindex/Sanvya.build/Debug-iphonesimulator/SanvyaTests.build/SanvyaTests.DependencyMetadataFileList (in target 'SanvyaTests' from project 'Sanvya')
    cd /Users/runner/work/pocketcare-app/pocketcare-app/apps/ios
    write-file /Users/runner/Library/Developer/Xcode/DerivedData/Sanvya-bwihhsrkmjvgkfalnfskjfhhbvju/Build/Intermediates.noindex/Sanvya.build/Debug-iphonesimulator/SanvyaTests.build/SanvyaTests.DependencyMetadataFileList

WriteAuxiliaryFile /Users/runner/Library/Developer/Xcode/DerivedData/Sanvya-bwihhsrkmjvgkfalnfskjfhhbvju/Build/Intermediates.noindex/Sanvya.build/Debug-iphonesimulator/SanvyaTests.build/SanvyaTests-project-headers.hmap (in target 'SanvyaTests' from project 'Sanvya')
    cd /Users/runner/work/pocketcare-app/pocketcare-app/apps/ios
    write-file /Users/runner/Library/Developer/Xcode/DerivedData/Sanvya-bwihhsrkmjvgkfalnfskjfhhbvju/Build/Intermediates.noindex/Sanvya.build/Debug-iphonesimulator/SanvyaTests.build/SanvyaTests-project-headers.hmap

WriteAuxiliaryFile /Users/runner/Library/Developer/Xcode/DerivedData/Sanvya-bwihhsrkmjvgkfalnfskjfhhbvju/Build/Intermediates.noindex/Sanvya.build/Debug-iphonesimulator/SanvyaTests.build/SanvyaTests-own-target-headers.hmap (in target 'SanvyaTests' from project 'Sanvya')
    cd /Users/runner/work/pocketcare-app/pocketcare-app/apps/ios
    write-file /Users/runner/Library/Developer/Xcode/DerivedData/Sanvya-bwihhsrkmjvgkfalnfskjfhhbvju/Build/Intermediates.noindex/Sanvya.build/Debug-iphonesimulator/SanvyaTests.build/SanvyaTests-own-target-headers.hmap

WriteAuxiliaryFile /Users/runner/Library/Developer/Xcode/DerivedData/Sanvya-bwihhsrkmjvgkfalnfskjfhhbvju/Build/Intermediates.noindex/Sanvya.build/Debug-iphonesimulator/SanvyaTests.build/SanvyaTests-generated-files.hmap (in target 'SanvyaTests' from project 'Sanvya')
    cd /Users/runner/work/pocketcare-app/pocketcare-app/apps/ios
    write-file /Users/runner/Library/Developer/Xcode/DerivedData/Sanvya-bwihhsrkmjvgkfalnfskjfhhbvju/Build/Intermediates.noindex/Sanvya.build/Debug-iphonesimulator/SanvyaTests.build/SanvyaTests-generated-files.hmap

WriteAuxiliaryFile /Users/runner/Library/Developer/Xcode/DerivedData/Sanvya-bwihhsrkmjvgkfalnfskjfhhbvju/Build/Intermediates.noindex/Sanvya.build/Debug-iphonesimulator/SanvyaTests.build/SanvyaTests-all-target-headers.hmap (in target 'SanvyaTests' from project 'Sanvya')
    cd /Users/runner/work/pocketcare-app/pocketcare-app/apps/ios
    write-file /Users/runner/Library/Developer/Xcode/DerivedData/Sanvya-bwihhsrkmjvgkfalnfskjfhhbvju/Build/Intermediates.noindex/Sanvya.build/Debug-iphonesimulator/SanvyaTests.build/SanvyaTests-all-target-headers.hmap

WriteAuxiliaryFile /Users/runner/Library/Developer/Xcode/DerivedData/Sanvya-bwihhsrkmjvgkfalnfskjfhhbvju/Build/Intermediates.noindex/Sanvya.build/Debug-iphonesimulator/SanvyaTests.build/SanvyaTests-all-non-framework-target-headers.hmap (in target 'SanvyaTests' from project 'Sanvya')
    cd /Users/runner/work/pocketcare-app/pocketcare-app/apps/ios
    write-file /Users/runner/Library/Developer/Xcode/DerivedData/Sanvya-bwihhsrkmjvgkfalnfskjfhhbvju/Build/Intermediates.noindex/Sanvya.build/Debug-iphonesimulator/SanvyaTests.build/SanvyaTests-all-non-framework-target-headers.hmap

WriteAuxiliaryFile /Users/runner/Library/Developer/Xcode/DerivedData/Sanvya-bwihhsrkmjvgkfalnfskjfhhbvju/Build/Intermediates.noindex/Sanvya.build/Debug-iphonesimulator/SanvyaTests.build/Objects-normal/arm64/SanvyaTests_const_extract_protocols.json (in target 'SanvyaTests' from project 'Sanvya')
    cd /Users/runner/work/pocketcare-app/pocketcare-app/apps/ios
    write-file /Users/runner/Library/Developer/Xcode/DerivedData/Sanvya-bwihhsrkmjvgkfalnfskjfhhbvju/Build/Intermediates.noindex/Sanvya.build/Debug-iphonesimulator/SanvyaTests.build/Objects-normal/arm64/SanvyaTests_const_extract_protocols.json

WriteAuxiliaryFile /Users/runner/Library/Developer/Xcode/DerivedData/Sanvya-bwihhsrkmjvgkfalnfskjfhhbvju/Build/Intermediates.noindex/Sanvya.build/Debug-iphonesimulator/SanvyaTests.build/Objects-normal/arm64/SanvyaTests.SwiftFileList (in target 'SanvyaTests' from project 'Sanvya')
    cd /Users/runner/work/pocketcare-app/pocketcare-app/apps/ios
    write-file /Users/runner/Library/Developer/Xcode/DerivedData/Sanvya-bwihhsrkmjvgkfalnfskjfhhbvju/Build/Intermediates.noindex/Sanvya.build/Debug-iphonesimulator/SanvyaTests.build/Objects-normal/arm64/SanvyaTests.SwiftFileList

WriteAuxiliaryFile /Users/runner/Library/Developer/Xcode/DerivedData/Sanvya-bwihhsrkmjvgkfalnfskjfhhbvju/Build/Intermediates.noindex/Sanvya.build/Debug-iphonesimulator/SanvyaTests.build/Objects-normal/arm64/SanvyaTests.SwiftConstValuesFileList (in target 'SanvyaTests' from project 'Sanvya')
    cd /Users/runner/work/pocketcare-app/pocketcare-app/apps/ios
    write-file /Users/runner/Library/Developer/Xcode/DerivedData/Sanvya-bwihhsrkmjvgkfalnfskjfhhbvju/Build/Intermediates.noindex/Sanvya.build/Debug-iphonesimulator/SanvyaTests.build/Objects-normal/arm64/SanvyaTests.SwiftConstValuesFileList

WriteAuxiliaryFile /Users/runner/Library/Developer/Xcode/DerivedData/Sanvya-bwihhsrkmjvgkfalnfskjfhhbvju/Build/Intermediates.noindex/Sanvya.build/Debug-iphonesimulator/SanvyaTests.build/Objects-normal/arm64/SanvyaTests.LinkFileList (in target 'SanvyaTests' from project 'Sanvya')
    cd /Users/runner/work/pocketcare-app/pocketcare-app/apps/ios
    write-file /Users/runner/Library/Developer/Xcode/DerivedData/Sanvya-bwihhsrkmjvgkfalnfskjfhhbvju/Build/Intermediates.noindex/Sanvya.build/Debug-iphonesimulator/SanvyaTests.build/Objects-normal/arm64/SanvyaTests.LinkFileList

WriteAuxiliaryFile /Users/runner/Library/Developer/Xcode/DerivedData/Sanvya-bwihhsrkmjvgkfalnfskjfhhbvju/Build/Intermediates.noindex/Sanvya.build/Debug-iphonesimulator/SanvyaTests.build/Objects-normal/arm64/SanvyaTests-OutputFileMap.json (in target 'SanvyaTests' from project 'Sanvya')
    cd /Users/runner/work/pocketcare-app/pocketcare-app/apps/ios
    write-file /Users/runner/Library/Developer/Xcode/DerivedData/Sanvya-bwihhsrkmjvgkfalnfskjfhhbvju/Build/Intermediates.noindex/Sanvya.build/Debug-iphonesimulator/SanvyaTests.build/Objects-normal/arm64/SanvyaTests-OutputFileMap.json

WriteAuxiliaryFile /Users/runner/Library/Developer/Xcode/DerivedData/Sanvya-bwihhsrkmjvgkfalnfskjfhhbvju/Build/Intermediates.noindex/Supabase.build/Debug-iphonesimulator/RealtimeV2.build/RealtimeV2.modulemap (in target 'RealtimeV2' from project 'Supabase')
    cd /Users/runner/Library/Developer/Xcode/DerivedData/Sanvya-bwihhsrkmjvgkfalnfskjfhhbvju/SourcePackages/checkouts/supabase-swift
    write-file /Users/runner/Library/Developer/Xcode/DerivedData/Sanvya-bwihhsrkmjvgkfalnfskjfhhbvju/Build/Intermediates.noindex/Supabase.build/Debug-iphonesimulator/RealtimeV2.build/RealtimeV2.modulemap

WriteAuxiliaryFile /Users/runner/Library/Developer/Xcode/DerivedData/Sanvya-bwihhsrkmjvgkfalnfskjfhhbvju/Build/Intermediates.noindex/Supabase.build/Debug-iphonesimulator/RealtimeV2.build/RealtimeV2.DependencyStaticMetadataFileList (in target 'RealtimeV2' from project 'Supabase')
    cd /Users/runner/Library/Developer/Xcode/DerivedData/Sanvya-bwihhsrkmjvgkfalnfskjfhhbvju/SourcePackages/checkouts/supabase-swift
    write-file /Users/runner/Library/Developer/Xcode/DerivedData/Sanvya-bwihhsrkmjvgkfalnfskjfhhbvju/Build/Intermediates.noindex/Supabase.build/Debug-iphonesimulator/RealtimeV2.build/RealtimeV2.DependencyStaticMetadataFileList

WriteAuxiliaryFile /Users/runner/Library/Developer/Xcode/DerivedData/Sanvya-bwihhsrkmjvgkfalnfskjfhhbvju/Build/Intermediates.noindex/Supabase.build/Debug-iphonesimulator/RealtimeV2.build/RealtimeV2.DependencyMetadataFileList (in target 'RealtimeV2' from project 'Supabase')
    cd /Users/runner/Library/Developer/Xcode/DerivedData/Sanvya-bwihhsrkmjvgkfalnfskjfhhbvju/SourcePackages/checkouts/supabase-swift
    write-file /Users/runner/Library/Developer/Xcode/DerivedData/Sanvya-bwihhsrkmjvgkfalnfskjfhhbvju/Build/Intermediates.noindex/Supabase.build/Debug-iphonesimulator/RealtimeV2.build/RealtimeV2.DependencyMetadataFileList

WriteAuxiliaryFile /Users/runner/Library/Developer/Xcode/DerivedData/Sanvya-bwihhsrkmjvgkfalnfskjfhhbvju/Build/Intermediates.noindex/Supabase.build/Debug-iphonesimulator/RealtimeV2.build/Objects-normal/arm64/RealtimeV2_const_extract_protocols.json (in target 'RealtimeV2' from project 'Supabase')
    cd /Users/runner/Library/Developer/Xcode/DerivedData/Sanvya-bwihhsrkmjvgkfalnfskjfhhbvju/SourcePackages/checkouts/supabase-swift
    write-file /Users/runner/Library/Developer/Xcode/DerivedData/Sanvya-bwihhsrkmjvgkfalnfskjfhhbvju/Build/Intermediates.noindex/Supabase.build/Debug-iphonesimulator/RealtimeV2.build/Objects-normal/arm64/RealtimeV2_const_extract_protocols.json

WriteAuxiliaryFile /Users/runner/Library/Developer/Xcode/DerivedData/Sanvya-bwihhsrkmjvgkfalnfskjfhhbvju/Build/Intermediates.noindex/Supabase.build/Debug-iphonesimulator/RealtimeV2.build/Objects-normal/arm64/RealtimeV2.SwiftFileList (in target 'RealtimeV2' from project 'Supabase')
    cd /Users/runner/Library/Developer/Xcode/DerivedData/Sanvya-bwihhsrkmjvgkfalnfskjfhhbvju/SourcePackages/checkouts/supabase-swift
    write-file /Users/runner/Library/Developer/Xcode/DerivedData/Sanvya-bwihhsrkmjvgkfalnfskjfhhbvju/Build/Intermediates.noindex/Supabase.build/Debug-iphonesimulator/RealtimeV2.build/Objects-normal/arm64/RealtimeV2.SwiftFileList

WriteAuxiliaryFile /Users/runner/Library/Developer/Xcode/DerivedData/Sanvya-bwihhsrkmjvgkfalnfskjfhhbvju/Build/Intermediates.noindex/Supabase.build/Debug-iphonesimulator/RealtimeV2.build/Objects-normal/arm64/RealtimeV2.SwiftConstValuesFileList (in target 'RealtimeV2' from project 'Supabase')
    cd /Users/runner/Library/Developer/Xcode/DerivedData/Sanvya-bwihhsrkmjvgkfalnfskjfhhbvju/SourcePackages/checkouts/supabase-swift
    write-file /Users/runner/Library/Developer/Xcode/DerivedData/Sanvya-bwihhsrkmjvgkfalnfskjfhhbvju/Build/Intermediates.noindex/Supabase.build/Debug-iphonesimulator/RealtimeV2.build/Objects-normal/arm64/RealtimeV2.SwiftConstValuesFileList

WriteAuxiliaryFile /Users/runner/Library/Developer/Xcode/DerivedData/Sanvya-bwihhsrkmjvgkfalnfskjfhhbvju/Build/Intermediates.noindex/Supabase.build/Debug-iphonesimulator/RealtimeV2.build/Objects-normal/arm64/RealtimeV2.LinkFileList (in target 'RealtimeV2' from project 'Supabase')
    cd /Users/runner/Library/Developer/Xcode/DerivedData/Sanvya-bwihhsrkmjvgkfalnfskjfhhbvju/SourcePackages/checkouts/supabase-swift
    write-file /Users/runner/Library/Developer/Xcode/DerivedData/Sanvya-bwihhsrkmjvgkfalnfskjfhhbvju/Build/Intermediates.noindex/Supabase.build/Debug-iphonesimulator/RealtimeV2.build/Objects-normal/arm64/RealtimeV2.LinkFileList

WriteAuxiliaryFile /Users/runner/Library/Developer/Xcode/DerivedData/Sanvya-bwihhsrkmjvgkfalnfskjfhhbvju/Build/Intermediates.noindex/Supabase.build/Debug-iphonesimulator/RealtimeV2.build/Objects-normal/arm64/RealtimeV2-OutputFileMap.json (in target 'RealtimeV2' from project 'Supabase')
    cd /Users/runner/Library/Developer/Xcode/DerivedData/Sanvya-bwihhsrkmjvgkfalnfskjfhhbvju/SourcePackages/checkouts/supabase-swift
    write-file /Users/runner/Library/Developer/Xcode/DerivedData/Sanvya-bwihhsrkmjvgkfalnfskjfhhbvju/Build/Intermediates.noindex/Supabase.build/Debug-iphonesimulator/RealtimeV2.build/Objects-normal/arm64/RealtimeV2-OutputFileMap.json

Copy /Users/runner/Library/Developer/Xcode/DerivedData/Sanvya-bwihhsrkmjvgkfalnfskjfhhbvju/Build/Intermediates.noindex/GeneratedModuleMaps-iphonesimulator/RealtimeV2.modulemap /Users/runner/Library/Developer/Xcode/DerivedData/Sanvya-bwihhsrkmjvgkfalnfskjfhhbvju/Build/Intermediates.noindex/Supabase.build/Debug-iphonesimulator/RealtimeV2.build/RealtimeV2.modulemap (in target 'RealtimeV2' from project 'Supabase')
    cd /Users/runner/Library/Developer/Xcode/DerivedData/Sanvya-bwihhsrkmjvgkfalnfskjfhhbvju/SourcePackages/checkouts/supabase-swift
    builtin-copy -exclude .DS_Store -exclude CVS -exclude .svn -exclude .git -exclude .hg -resolve-src-symlinks /Users/runner/Library/Developer/Xcode/DerivedData/Sanvya-bwihhsrkmjvgkfalnfskjfhhbvju/Build/Intermediates.noindex/Supabase.build/Debug-iphonesimulator/RealtimeV2.build/RealtimeV2.modulemap /Users/runner/Library/Developer/Xcode/DerivedData/Sanvya-bwihhsrkmjvgkfalnfskjfhhbvju/Build/Intermediates.noindex/GeneratedModuleMaps-iphonesimulator

WriteAuxiliaryFile /Users/runner/Library/Developer/Xcode/DerivedData/Sanvya-bwihhsrkmjvgkfalnfskjfhhbvju/Build/Intermediates.noindex/Supabase.build/Debug-iphonesimulator/Realtime.build/Realtime.modulemap (in target 'Realtime' from project 'Supabase')
    cd /Users/runner/Library/Developer/Xcode/DerivedData/Sanvya-bwihhsrkmjvgkfalnfskjfhhbvju/SourcePackages/checkouts/supabase-swift
    write-file /Users/runner/Library/Developer/Xcode/DerivedData/Sanvya-bwihhsrkmjvgkfalnfskjfhhbvju/Build/Intermediates.noindex/Supabase.build/Debug-iphonesimulator/Realtime.build/Realtime.modulemap

WriteAuxiliaryFile /Users/runner/Library/Developer/Xcode/DerivedData/Sanvya-bwihhsrkmjvgkfalnfskjfhhbvju/Build/Intermediates.noindex/Supabase.build/Debug-iphonesimulator/Realtime.build/Realtime.DependencyStaticMetadataFileList (in target 'Realtime' from project 'Supabase')
    cd /Users/runner/Library/Developer/Xcode/DerivedData/Sanvya-bwihhsrkmjvgkfalnfskjfhhbvju/SourcePackages/checkouts/supabase-swift
    write-file /Users/runner/Library/Developer/Xcode/DerivedData/Sanvya-bwihhsrkmjvgkfalnfskjfhhbvju/Build/Intermediates.noindex/Supabase.build/Debug-iphonesimulator/Realtime.build/Realtime.DependencyStaticMetadataFileList

WriteAuxiliaryFile /Users/runner/Library/Developer/Xcode/DerivedData/Sanvya-bwihhsrkmjvgkfalnfskjfhhbvju/Build/Intermediates.noindex/Supabase.build/Debug-iphonesimulator/Realtime.build/Realtime.DependencyMetadataFileList (in target 'Realtime' from project 'Supabase')
    cd /Users/runner/Library/Developer/Xcode/DerivedData/Sanvya-bwihhsrkmjvgkfalnfskjfhhbvju/SourcePackages/checkouts/supabase-swift
    write-file /Users/runner/Library/Developer/Xcode/DerivedData/Sanvya-bwihhsrkmjvgkfalnfskjfhhbvju/Build/Intermediates.noindex/Supabase.build/Debug-iphonesimulator/Realtime.build/Realtime.DependencyMetadataFileList

WriteAuxiliaryFile /Users/runner/Library/Developer/Xcode/DerivedData/Sanvya-bwihhsrkmjvgkfalnfskjfhhbvju/Build/Intermediates.noindex/Supabase.build/Debug-iphonesimulator/Realtime.build/Objects-normal/arm64/Realtime_const_extract_protocols.json (in target 'Realtime' from project 'Supabase')
    cd /Users/runner/Library/Developer/Xcode/DerivedData/Sanvya-bwihhsrkmjvgkfalnfskjfhhbvju/SourcePackages/checkouts/supabase-swift
    write-file /Users/runner/Library/Developer/Xcode/DerivedData/Sanvya-bwihhsrkmjvgkfalnfskjfhhbvju/Build/Intermediates.noindex/Supabase.build/Debug-iphonesimulator/Realtime.build/Objects-normal/arm64/Realtime_const_extract_protocols.json

WriteAuxiliaryFile /Users/runner/Library/Developer/Xcode/DerivedData/Sanvya-bwihhsrkmjvgkfalnfskjfhhbvju/Build/Intermediates.noindex/Supabase.build/Debug-iphonesimulator/Realtime.build/Objects-normal/arm64/Realtime.SwiftFileList (in target 'Realtime' from project 'Supabase')
    cd /Users/runner/Library/Developer/Xcode/DerivedData/Sanvya-bwihhsrkmjvgkfalnfskjfhhbvju/SourcePackages/checkouts/supabase-swift
    write-file /Users/runner/Library/Developer/Xcode/DerivedData/Sanvya-bwihhsrkmjvgkfalnfskjfhhbvju/Build/Intermediates.noindex/Supabase.build/Debug-iphonesimulator/Realtime.build/Objects-normal/arm64/Realtime.SwiftFileList

WriteAuxiliaryFile /Users/runner/Library/Developer/Xcode/DerivedData/Sanvya-bwihhsrkmjvgkfalnfskjfhhbvju/Build/Intermediates.noindex/Supabase.build/Debug-iphonesimulator/Realtime.build/Objects-normal/arm64/Realtime.SwiftConstValuesFileList (in target 'Realtime' from project 'Supabase')
    cd /Users/runner/Library/Developer/Xcode/DerivedData/Sanvya-bwihhsrkmjvgkfalnfskjfhhbvju/SourcePackages/checkouts/supabase-swift
    write-file /Users/runner/Library/Developer/Xcode/DerivedData/Sanvya-bwihhsrkmjvgkfalnfskjfhhbvju/Build/Intermediates.noindex/Supabase.build/Debug-iphonesimulator/Realtime.build/Objects-normal/arm64/Realtime.SwiftConstValuesFileList

WriteAuxiliaryFile /Users/runner/Library/Developer/Xcode/DerivedData/Sanvya-bwihhsrkmjvgkfalnfskjfhhbvju/Build/Intermediates.noindex/Supabase.build/Debug-iphonesimulator/Realtime.build/Objects-normal/arm64/Realtime.LinkFileList (in target 'Realtime' from project 'Supabase')
    cd /Users/runner/Library/Developer/Xcode/DerivedData/Sanvya-bwihhsrkmjvgkfalnfskjfhhbvju/SourcePackages/checkouts/supabase-swift
    write-file /Users/runner/Library/Developer/Xcode/DerivedData/Sanvya-bwihhsrkmjvgkfalnfskjfhhbvju/Build/Intermediates.noindex/Supabase.build/Debug-iphonesimulator/Realtime.build/Objects-normal/arm64/Realtime.LinkFileList

WriteAuxiliaryFile /Users/runner/Library/Developer/Xcode/DerivedData/Sanvya-bwihhsrkmjvgkfalnfskjfhhbvju/Build/Intermediates.noindex/Supabase.build/Debug-iphonesimulator/Realtime.build/Objects-normal/arm64/Realtime-OutputFileMap.json (in target 'Realtime' from project 'Supabase')
    cd /Users/runner/Library/Developer/Xcode/DerivedData/Sanvya-bwihhsrkmjvgkfalnfskjfhhbvju/SourcePackages/checkouts/supabase-swift
    write-file /Users/runner/Library/Developer/Xcode/DerivedData/Sanvya-bwihhsrkmjvgkfalnfskjfhhbvju/Build/Intermediates.noindex/Supabase.build/Debug-iphonesimulator/Realtime.build/Objects-normal/arm64/Realtime-OutputFileMap.json

Copy /Users/runner/Library/Developer/Xcode/DerivedData/Sanvya-bwihhsrkmjvgkfalnfskjfhhbvju/Build/Intermediates.noindex/GeneratedModuleMaps-iphonesimulator/Realtime.modulemap /Users/runner/Library/Developer/Xcode/DerivedData/Sanvya-bwihhsrkmjvgkfalnfskjfhhbvju/Build/Intermediates.noindex/Supabase.build/Debug-iphonesimulator/Realtime.build/Realtime.modulemap (in target 'Realtime' from project 'Supabase')
    cd /Users/runner/Library/Developer/Xcode/DerivedData/Sanvya-bwihhsrkmjvgkfalnfskjfhhbvju/SourcePackages/checkouts/supabase-swift
    builtin-copy -exclude .DS_Store -exclude CVS -exclude .svn -exclude .git -exclude .hg -resolve-src-symlinks /Users/runner/Library/Developer/Xcode/DerivedData/Sanvya-bwihhsrkmjvgkfalnfskjfhhbvju/Build/Intermediates.noindex/Supabase.build/Debug-iphonesimulator/Realtime.build/Realtime.modulemap /Users/runner/Library/Developer/Xcode/DerivedData/Sanvya-bwihhsrkmjvgkfalnfskjfhhbvju/Build/Intermediates.noindex/GeneratedModuleMaps-iphonesimulator

WriteAuxiliaryFile /Users/runner/Library/Developer/Xcode/DerivedData/Sanvya-bwihhsrkmjvgkfalnfskjfhhbvju/Build/Intermediates.noindex/Supabase.build/Debug-iphonesimulator/PostgREST.build/PostgREST.modulemap (in target 'PostgREST' from project 'Supabase')
    cd /Users/runner/Library/Developer/Xcode/DerivedData/Sanvya-bwihhsrkmjvgkfalnfskjfhhbvju/SourcePackages/checkouts/supabase-swift
    write-file /Users/runner/Library/Developer/Xcode/DerivedData/Sanvya-bwihhsrkmjvgkfalnfskjfhhbvju/Build/Intermediates.noindex/Supabase.build/Debug-iphonesimulator/PostgREST.build/PostgREST.modulemap

WriteAuxiliaryFile /Users/runner/Library/Developer/Xcode/DerivedData/Sanvya-bwihhsrkmjvgkfalnfskjfhhbvju/Build/Intermediates.noindex/Supabase.build/Debug-iphonesimulator/PostgREST.build/PostgREST.DependencyStaticMetadataFileList (in target 'PostgREST' from project 'Supabase')
    cd /Users/runner/Library/Developer/Xcode/DerivedData/Sanvya-bwihhsrkmjvgkfalnfskjfhhbvju/SourcePackages/checkouts/supabase-swift
    write-file /Users/runner/Library/Developer/Xcode/DerivedData/Sanvya-bwihhsrkmjvgkfalnfskjfhhbvju/Build/Intermediates.noindex/Supabase.build/Debug-iphonesimulator/PostgREST.build/PostgREST.DependencyStaticMetadataFileList

WriteAuxiliaryFile /Users/runner/Library/Developer/Xcode/DerivedData/Sanvya-bwihhsrkmjvgkfalnfskjfhhbvju/Build/Intermediates.noindex/Supabase.build/Debug-iphonesimulator/PostgREST.build/PostgREST.DependencyMetadataFileList (in target 'PostgREST' from project 'Supabase')
    cd /Users/runner/Library/Developer/Xcode/DerivedData/Sanvya-bwihhsrkmjvgkfalnfskjfhhbvju/SourcePackages/checkouts/supabase-swift
    write-file /Users/runner/Library/Developer/Xcode/DerivedData/Sanvya-bwihhsrkmjvgkfalnfskjfhhbvju/Build/Intermediates.noindex/Supabase.build/Debug-iphonesimulator/PostgREST.build/PostgREST.DependencyMetadataFileList

WriteAuxiliaryFile /Users/runner/Library/Developer/Xcode/DerivedData/Sanvya-bwihhsrkmjvgkfalnfskjfhhbvju/Build/Intermediates.noindex/Supabase.build/Debug-iphonesimulator/PostgREST.build/Objects-normal/arm64/PostgREST_const_extract_protocols.json (in target 'PostgREST' from project 'Supabase')
    cd /Users/runner/Library/Developer/Xcode/DerivedData/Sanvya-bwihhsrkmjvgkfalnfskjfhhbvju/SourcePackages/checkouts/supabase-swift
    write-file /Users/runner/Library/Developer/Xcode/DerivedData/Sanvya-bwihhsrkmjvgkfalnfskjfhhbvju/Build/Intermediates.noindex/Supabase.build/Debug-iphonesimulator/PostgREST.build/Objects-normal/arm64/PostgREST_const_extract_protocols.json

WriteAuxiliaryFile /Users/runner/Library/Developer/Xcode/DerivedData/Sanvya-bwihhsrkmjvgkfalnfskjfhhbvju/Build/Intermediates.noindex/Supabase.build/Debug-iphonesimulator/PostgREST.build/Objects-normal/arm64/PostgREST.SwiftFileList (in target 'PostgREST' from project 'Supabase')
    cd /Users/runner/Library/Developer/Xcode/DerivedData/Sanvya-bwihhsrkmjvgkfalnfskjfhhbvju/SourcePackages/checkouts/supabase-swift
    write-file /Users/runner/Library/Developer/Xcode/DerivedData/Sanvya-bwihhsrkmjvgkfalnfskjfhhbvju/Build/Intermediates.noindex/Supabase.build/Debug-iphonesimulator/PostgREST.build/Objects-normal/arm64/PostgREST.SwiftFileList

WriteAuxiliaryFile /Users/runner/Library/Developer/Xcode/DerivedData/Sanvya-bwihhsrkmjvgkfalnfskjfhhbvju/Build/Intermediates.noindex/Supabase.build/Debug-iphonesimulator/PostgREST.build/Objects-normal/arm64/PostgREST.SwiftConstValuesFileList (in target 'PostgREST' from project 'Supabase')
    cd /Users/runner/Library/Developer/Xcode/DerivedData/Sanvya-bwihhsrkmjvgkfalnfskjfhhbvju/SourcePackages/checkouts/supabase-swift
    write-file /Users/runner/Library/Developer/Xcode/DerivedData/Sanvya-bwihhsrkmjvgkfalnfskjfhhbvju/Build/Intermediates.noindex/Supabase.build/Debug-iphonesimulator/PostgREST.build/Objects-normal/arm64/PostgREST.SwiftConstValuesFileList

WriteAuxiliaryFile /Users/runner/Library/Developer/Xcode/DerivedData/Sanvya-bwihhsrkmjvgkfalnfskjfhhbvju/Build/Intermediates.noindex/Supabase.build/Debug-iphonesimulator/PostgREST.build/Objects-normal/arm64/PostgREST.LinkFileList (in target 'PostgREST' from project 'Supabase')
    cd /Users/runner/Library/Developer/Xcode/DerivedData/Sanvya-bwihhsrkmjvgkfalnfskjfhhbvju/SourcePackages/checkouts/supabase-swift
    write-file /Users/runner/Library/Developer/Xcode/DerivedData/Sanvya-bwihhsrkmjvgkfalnfskjfhhbvju/Build/Intermediates.noindex/Supabase.build/Debug-iphonesimulator/PostgREST.build/Objects-normal/arm64/PostgREST.LinkFileList

WriteAuxiliaryFile /Users/runner/Library/Developer/Xcode/DerivedData/Sanvya-bwihhsrkmjvgkfalnfskjfhhbvju/Build/Intermediates.noindex/Supabase.build/Debug-iphonesimulator/PostgREST.build/Objects-normal/arm64/PostgREST-OutputFileMap.json (in target 'PostgREST' from project 'Supabase')
    cd /Users/runner/Library/Developer/Xcode/DerivedData/Sanvya-bwihhsrkmjvgkfalnfskjfhhbvju/SourcePackages/checkouts/supabase-swift
    write-file /Users/runner/Library/Developer/Xcode/DerivedData/Sanvya-bwihhsrkmjvgkfalnfskjfhhbvju/Build/Intermediates.noindex/Supabase.build/Debug-iphonesimulator/PostgREST.build/Objects-normal/arm64/PostgREST-OutputFileMap.json

Copy /Users/runner/Library/Developer/Xcode/DerivedData/Sanvya-bwihhsrkmjvgkfalnfskjfhhbvju/Build/Intermediates.noindex/GeneratedModuleMaps-iphonesimulator/PostgREST.modulemap /Users/runner/Library/Developer/Xcode/DerivedData/Sanvya-bwihhsrkmjvgkfalnfskjfhhbvju/Build/Intermediates.noindex/Supabase.build/Debug-iphonesimulator/PostgREST.build/PostgREST.modulemap (in target 'PostgREST' from project 'Supabase')
    cd /Users/runner/Library/Developer/Xcode/DerivedData/Sanvya-bwihhsrkmjvgkfalnfskjfhhbvju/SourcePackages/checkouts/supabase-swift
    builtin-copy -exclude .DS_Store -exclude CVS -exclude .svn -exclude .git -exclude .hg -resolve-src-symlinks /Users/runner/Library/Developer/Xcode/DerivedData/Sanvya-bwihhsrkmjvgkfalnfskjfhhbvju/Build/Intermediates.noindex/Supabase.build/Debug-iphonesimulator/PostgREST.build/PostgREST.modulemap /Users/runner/Library/Developer/Xcode/DerivedData/Sanvya-bwihhsrkmjvgkfalnfskjfhhbvju/Build/Intermediates.noindex/GeneratedModuleMaps-iphonesimulator

WriteAuxiliaryFile /Users/runner/Library/Developer/Xcode/DerivedData/Sanvya-bwihhsrkmjvgkfalnfskjfhhbvju/Build/Intermediates.noindex/swift-collections.build/Debug-iphonesimulator/OrderedCollections.build/OrderedCollections.modulemap (in target 'OrderedCollections' from project 'swift-collections')
    cd /Users/runner/Library/Developer/Xcode/DerivedData/Sanvya-bwihhsrkmjvgkfalnfskjfhhbvju/SourcePackages/checkouts/swift-collections
    write-file /Users/runner/Library/Developer/Xcode/DerivedData/Sanvya-bwihhsrkmjvgkfalnfskjfhhbvju/Build/Intermediates.noindex/swift-collections.build/Debug-iphonesimulator/OrderedCollections.build/OrderedCollections.modulemap

WriteAuxiliaryFile /Users/runner/Library/Developer/Xcode/DerivedData/Sanvya-bwihhsrkmjvgkfalnfskjfhhbvju/Build/Intermediates.noindex/swift-collections.build/Debug-iphonesimulator/OrderedCollections.build/OrderedCollections.DependencyStaticMetadataFileList (in target 'OrderedCollections' from project 'swift-collections')
    cd /Users/runner/Library/Developer/Xcode/DerivedData/Sanvya-bwihhsrkmjvgkfalnfskjfhhbvju/SourcePackages/checkouts/swift-collections
    write-file /Users/runner/Library/Developer/Xcode/DerivedData/Sanvya-bwihhsrkmjvgkfalnfskjfhhbvju/Build/Intermediates.noindex/swift-collections.build/Debug-iphonesimulator/OrderedCollections.build/OrderedCollections.DependencyStaticMetadataFileList

WriteAuxiliaryFile /Users/runner/Library/Developer/Xcode/DerivedData/Sanvya-bwihhsrkmjvgkfalnfskjfhhbvju/Build/Intermediates.noindex/swift-collections.build/Debug-iphonesimulator/OrderedCollections.build/OrderedCollections.DependencyMetadataFileList (in target 'OrderedCollections' from project 'swift-collections')
    cd /Users/runner/Library/Developer/Xcode/DerivedData/Sanvya-bwihhsrkmjvgkfalnfskjfhhbvju/SourcePackages/checkouts/swift-collections
    write-file /Users/runner/Library/Developer/Xcode/DerivedData/Sanvya-bwihhsrkmjvgkfalnfskjfhhbvju/Build/Intermediates.noindex/swift-collections.build/Debug-iphonesimulator/OrderedCollections.build/OrderedCollections.DependencyMetadataFileList

WriteAuxiliaryFile /Users/runner/Library/Developer/Xcode/DerivedData/Sanvya-bwihhsrkmjvgkfalnfskjfhhbvju/Build/Intermediates.noindex/swift-collections.build/Debug-iphonesimulator/OrderedCollections.build/Objects-normal/arm64/OrderedCollections_const_extract_protocols.json (in target 'OrderedCollections' from project 'swift-collections')
    cd /Users/runner/Library/Developer/Xcode/DerivedData/Sanvya-bwihhsrkmjvgkfalnfskjfhhbvju/SourcePackages/checkouts/swift-collections
    write-file /Users/runner/Library/Developer/Xcode/DerivedData/Sanvya-bwihhsrkmjvgkfalnfskjfhhbvju/Build/Intermediates.noindex/swift-collections.build/Debug-iphonesimulator/OrderedCollections.build/Objects-normal/arm64/OrderedCollections_const_extract_protocols.json

WriteAuxiliaryFile /Users/runner/Library/Developer/Xcode/DerivedData/Sanvya-bwihhsrkmjvgkfalnfskjfhhbvju/Build/Intermediates.noindex/swift-collections.build/Debug-iphonesimulator/OrderedCollections.build/Objects-normal/arm64/OrderedCollections.SwiftFileList (in target 'OrderedCollections' from project 'swift-collections')
    cd /Users/runner/Library/Developer/Xcode/DerivedData/Sanvya-bwihhsrkmjvgkfalnfskjfhhbvju/SourcePackages/checkouts/swift-collections
    write-file /Users/runner/Library/Developer/Xcode/DerivedData/Sanvya-bwihhsrkmjvgkfalnfskjfhhbvju/Build/Intermediates.noindex/swift-collections.build/Debug-iphonesimulator/OrderedCollections.build/Objects-normal/arm64/OrderedCollections.SwiftFileList

WriteAuxiliaryFile /Users/runner/Library/Developer/Xcode/DerivedData/Sanvya-bwihhsrkmjvgkfalnfskjfhhbvju/Build/Intermediates.noindex/swift-collections.build/Debug-iphonesimulator/OrderedCollections.build/Objects-normal/arm64/OrderedCollections.SwiftConstValuesFileList (in target 'OrderedCollections' from project 'swift-collections')
    cd /Users/runner/Library/Developer/Xcode/DerivedData/Sanvya-bwihhsrkmjvgkfalnfskjfhhbvju/SourcePackages/checkouts/swift-collections
    write-file /Users/runner/Library/Developer/Xcode/DerivedData/Sanvya-bwihhsrkmjvgkfalnfskjfhhbvju/Build/Intermediates.noindex/swift-collections.build/Debug-iphonesimulator/OrderedCollections.build/Objects-normal/arm64/OrderedCollections.SwiftConstValuesFileList

WriteAuxiliaryFile /Users/runner/Library/Developer/Xcode/DerivedData/Sanvya-bwihhsrkmjvgkfalnfskjfhhbvju/Build/Intermediates.noindex/swift-collections.build/Debug-iphonesimulator/OrderedCollections.build/Objects-normal/arm64/OrderedCollections.LinkFileList (in target 'OrderedCollections' from project 'swift-collections')
    cd /Users/runner/Library/Developer/Xcode/DerivedData/Sanvya-bwihhsrkmjvgkfalnfskjfhhbvju/SourcePackages/checkouts/swift-collections
    write-file /Users/runner/Library/Developer/Xcode/DerivedData/Sanvya-bwihhsrkmjvgkfalnfskjfhhbvju/Build/Intermediates.noindex/swift-collections.build/Debug-iphonesimulator/OrderedCollections.build/Objects-normal/arm64/OrderedCollections.LinkFileList

WriteAuxiliaryFile /Users/runner/Library/Developer/Xcode/DerivedData/Sanvya-bwihhsrkmjvgkfalnfskjfhhbvju/Build/Intermediates.noindex/swift-collections.build/Debug-iphonesimulator/OrderedCollections.build/Objects-normal/arm64/OrderedCollections-OutputFileMap.json (in target 'OrderedCollections' from project 'swift-collections')
    cd /Users/runner/Library/Developer/Xcode/DerivedData/Sanvya-bwihhsrkmjvgkfalnfskjfhhbvju/SourcePackages/checkouts/swift-collections
    write-file /Users/runner/Library/Developer/Xcode/DerivedData/Sanvya-bwihhsrkmjvgkfalnfskjfhhbvju/Build/Intermediates.noindex/swift-collections.build/Debug-iphonesimulator/OrderedCollections.build/Objects-normal/arm64/OrderedCollections-OutputFileMap.json

Copy /Users/runner/Library/Developer/Xcode/DerivedData/Sanvya-bwihhsrkmjvgkfalnfskjfhhbvju/Build/Intermediates.noindex/GeneratedModuleMaps-iphonesimulator/OrderedCollections.modulemap /Users/runner/Library/Developer/Xcode/DerivedData/Sanvya-bwihhsrkmjvgkfalnfskjfhhbvju/Build/Intermediates.noindex/swift-collections.build/Debug-iphonesimulator/OrderedCollections.build/OrderedCollections.modulemap (in target 'OrderedCollections' from project 'swift-collections')
    cd /Users/runner/Library/Developer/Xcode/DerivedData/Sanvya-bwihhsrkmjvgkfalnfskjfhhbvju/SourcePackages/checkouts/swift-collections
    builtin-copy -exclude .DS_Store -exclude CVS -exclude .svn -exclude .git -exclude .hg -resolve-src-symlinks /Users/runner/Library/Developer/Xcode/DerivedData/Sanvya-bwihhsrkmjvgkfalnfskjfhhbvju/Build/Intermediates.noindex/swift-collections.build/Debug-iphonesimulator/OrderedCollections.build/OrderedCollections.modulemap /Users/runner/Library/Developer/Xcode/DerivedData/Sanvya-bwihhsrkmjvgkfalnfskjfhhbvju/Build/Intermediates.noindex/GeneratedModuleMaps-iphonesimulator

WriteAuxiliaryFile /Users/runner/Library/Developer/Xcode/DerivedData/Sanvya-bwihhsrkmjvgkfalnfskjfhhbvju/Build/Intermediates.noindex/xctest-dynamic-overlay.build/Debug-iphonesimulator/IssueReporting.build/Objects-normal/arm64/IssueReporting.SwiftFileList (in target 'IssueReporting' from project 'xctest-dynamic-overlay')
    cd /Users/runner/Library/Developer/Xcode/DerivedData/Sanvya-bwihhsrkmjvgkfalnfskjfhhbvju/SourcePackages/checkouts/xctest-dynamic-overlay
    write-file /Users/runner/Library/Developer/Xcode/DerivedData/Sanvya-bwihhsrkmjvgkfalnfskjfhhbvju/Build/Intermediates.noindex/xctest-dynamic-overlay.build/Debug-iphonesimulator/IssueReporting.build/Objects-normal/arm64/IssueReporting.SwiftFileList

WriteAuxiliaryFile /Users/runner/Library/Developer/Xcode/DerivedData/Sanvya-bwihhsrkmjvgkfalnfskjfhhbvju/Build/Intermediates.noindex/xctest-dynamic-overlay.build/Debug-iphonesimulator/IssueReporting.build/Objects-normal/arm64/IssueReporting.SwiftConstValuesFileList (in target 'IssueReporting' from project 'xctest-dynamic-overlay')
    cd /Users/runner/Library/Developer/Xcode/DerivedData/Sanvya-bwihhsrkmjvgkfalnfskjfhhbvju/SourcePackages/checkouts/xctest-dynamic-overlay
    write-file /Users/runner/Library/Developer/Xcode/DerivedData/Sanvya-bwihhsrkmjvgkfalnfskjfhhbvju/Build/Intermediates.noindex/xctest-dynamic-overlay.build/Debug-iphonesimulator/IssueReporting.build/Objects-normal/arm64/IssueReporting.SwiftConstValuesFileList

WriteAuxiliaryFile /Users/runner/Library/Developer/Xcode/DerivedData/Sanvya-bwihhsrkmjvgkfalnfskjfhhbvju/Build/Intermediates.noindex/xctest-dynamic-overlay.build/Debug-iphonesimulator/IssueReporting.build/Objects-normal/arm64/IssueReporting.LinkFileList (in target 'IssueReporting' from project 'xctest-dynamic-overlay')
    cd /Users/runner/Library/Developer/Xcode/DerivedData/Sanvya-bwihhsrkmjvgkfalnfskjfhhbvju/SourcePackages/checkouts/xctest-dynamic-overlay
    write-file /Users/runner/Library/Developer/Xcode/DerivedData/Sanvya-bwihhsrkmjvgkfalnfskjfhhbvju/Build/Intermediates.noindex/xctest-dynamic-overlay.build/Debug-iphonesimulator/IssueReporting.build/Objects-normal/arm64/IssueReporting.LinkFileList

WriteAuxiliaryFile /Users/runner/Library/Developer/Xcode/DerivedData/Sanvya-bwihhsrkmjvgkfalnfskjfhhbvju/Build/Intermediates.noindex/xctest-dynamic-overlay.build/Debug-iphonesimulator/IssueReporting.build/Objects-normal/arm64/IssueReporting-OutputFileMap.json (in target 'IssueReporting' from project 'xctest-dynamic-overlay')
    cd /Users/runner/Library/Developer/Xcode/DerivedData/Sanvya-bwihhsrkmjvgkfalnfskjfhhbvju/SourcePackages/checkouts/xctest-dynamic-overlay
    write-file /Users/runner/Library/Developer/Xcode/DerivedData/Sanvya-bwihhsrkmjvgkfalnfskjfhhbvju/Build/Intermediates.noindex/xctest-dynamic-overlay.build/Debug-iphonesimulator/IssueReporting.build/Objects-normal/arm64/IssueReporting-OutputFileMap.json

WriteAuxiliaryFile /Users/runner/Library/Developer/Xcode/DerivedData/Sanvya-bwihhsrkmjvgkfalnfskjfhhbvju/Build/Intermediates.noindex/xctest-dynamic-overlay.build/Debug-iphonesimulator/IssueReporting.build/IssueReporting.modulemap (in target 'IssueReporting' from project 'xctest-dynamic-overlay')
    cd /Users/runner/Library/Developer/Xcode/DerivedData/Sanvya-bwihhsrkmjvgkfalnfskjfhhbvju/SourcePackages/checkouts/xctest-dynamic-overlay
    write-file /Users/runner/Library/Developer/Xcode/DerivedData/Sanvya-bwihhsrkmjvgkfalnfskjfhhbvju/Build/Intermediates.noindex/xctest-dynamic-overlay.build/Debug-iphonesimulator/IssueReporting.build/IssueReporting.modulemap

WriteAuxiliaryFile /Users/runner/Library/Developer/Xcode/DerivedData/Sanvya-bwihhsrkmjvgkfalnfskjfhhbvju/Build/Intermediates.noindex/xctest-dynamic-overlay.build/Debug-iphonesimulator/IssueReporting.build/IssueReporting.DependencyStaticMetadataFileList (in target 'IssueReporting' from project 'xctest-dynamic-overlay')
    cd /Users/runner/Library/Developer/Xcode/DerivedData/Sanvya-bwihhsrkmjvgkfalnfskjfhhbvju/SourcePackages/checkouts/xctest-dynamic-overlay
    write-file /Users/runner/Library/Developer/Xcode/DerivedData/Sanvya-bwihhsrkmjvgkfalnfskjfhhbvju/Build/Intermediates.noindex/xctest-dynamic-overlay.build/Debug-iphonesimulator/IssueReporting.build/IssueReporting.DependencyStaticMetadataFileList

WriteAuxiliaryFile /Users/runner/Library/Developer/Xcode/DerivedData/Sanvya-bwihhsrkmjvgkfalnfskjfhhbvju/Build/Intermediates.noindex/xctest-dynamic-overlay.build/Debug-iphonesimulator/IssueReporting.build/IssueReporting.DependencyMetadataFileList (in target 'IssueReporting' from project 'xctest-dynamic-overlay')
    cd /Users/runner/Library/Developer/Xcode/DerivedData/Sanvya-bwihhsrkmjvgkfalnfskjfhhbvju/SourcePackages/checkouts/xctest-dynamic-overlay
    write-file /Users/runner/Library/Developer/Xcode/DerivedData/Sanvya-bwihhsrkmjvgkfalnfskjfhhbvju/Build/Intermediates.noindex/xctest-dynamic-overlay.build/Debug-iphonesimulator/IssueReporting.build/IssueReporting.DependencyMetadataFileList

Copy /Users/runner/Library/Developer/Xcode/DerivedData/Sanvya-bwihhsrkmjvgkfalnfskjfhhbvju/Build/Intermediates.noindex/GeneratedModuleMaps-iphonesimulator/IssueReporting.modulemap /Users/runner/Library/Developer/Xcode/DerivedData/Sanvya-bwihhsrkmjvgkfalnfskjfhhbvju/Build/Intermediates.noindex/xctest-dynamic-overlay.build/Debug-iphonesimulator/IssueReporting.build/IssueReporting.modulemap (in target 'IssueReporting' from project 'xctest-dynamic-overlay')
    cd /Users/runner/Library/Developer/Xcode/DerivedData/Sanvya-bwihhsrkmjvgkfalnfskjfhhbvju/SourcePackages/checkouts/xctest-dynamic-overlay
    builtin-copy -exclude .DS_Store -exclude CVS -exclude .svn -exclude .git -exclude .hg -resolve-src-symlinks /Users/runner/Library/Developer/Xcode/DerivedData/Sanvya-bwihhsrkmjvgkfalnfskjfhhbvju/Build/Intermediates.noindex/xctest-dynamic-overlay.build/Debug-iphonesimulator/IssueReporting.build/IssueReporting.modulemap /Users/runner/Library/Developer/Xcode/DerivedData/Sanvya-bwihhsrkmjvgkfalnfskjfhhbvju/Build/Intermediates.noindex/GeneratedModuleMaps-iphonesimulator

WriteAuxiliaryFile /Users/runner/Library/Developer/Xcode/DerivedData/Sanvya-bwihhsrkmjvgkfalnfskjfhhbvju/Build/Intermediates.noindex/swift-collections.build/Debug-iphonesimulator/InternalCollectionsUtilities.build/Objects-normal/arm64/InternalCollectionsUtilities_const_extract_protocols.json (in target 'InternalCollectionsUtilities' from project 'swift-collections')
    cd /Users/runner/Library/Developer/Xcode/DerivedData/Sanvya-bwihhsrkmjvgkfalnfskjfhhbvju/SourcePackages/checkouts/swift-collections
    write-file /Users/runner/Library/Developer/Xcode/DerivedData/Sanvya-bwihhsrkmjvgkfalnfskjfhhbvju/Build/Intermediates.noindex/swift-collections.build/Debug-iphonesimulator/InternalCollectionsUtilities.build/Objects-normal/arm64/InternalCollectionsUtilities_const_extract_protocols.json

WriteAuxiliaryFile /Users/runner/Library/Developer/Xcode/DerivedData/Sanvya-bwihhsrkmjvgkfalnfskjfhhbvju/Build/Intermediates.noindex/swift-collections.build/Debug-iphonesimulator/InternalCollectionsUtilities.build/Objects-normal/arm64/InternalCollectionsUtilities.SwiftFileList (in target 'InternalCollectionsUtilities' from project 'swift-collections')
    cd /Users/runner/Library/Developer/Xcode/DerivedData/Sanvya-bwihhsrkmjvgkfalnfskjfhhbvju/SourcePackages/checkouts/swift-collections
    write-file /Users/runner/Library/Developer/Xcode/DerivedData/Sanvya-bwihhsrkmjvgkfalnfskjfhhbvju/Build/Intermediates.noindex/swift-collections.build/Debug-iphonesimulator/InternalCollectionsUtilities.build/Objects-normal/arm64/InternalCollectionsUtilities.SwiftFileList

WriteAuxiliaryFile /Users/runner/Library/Developer/Xcode/DerivedData/Sanvya-bwihhsrkmjvgkfalnfskjfhhbvju/Build/Intermediates.noindex/swift-collections.build/Debug-iphonesimulator/InternalCollectionsUtilities.build/Objects-normal/arm64/InternalCollectionsUtilities.SwiftConstValuesFileList (in target 'InternalCollectionsUtilities' from project 'swift-collections')
    cd /Users/runner/Library/Developer/Xcode/DerivedData/Sanvya-bwihhsrkmjvgkfalnfskjfhhbvju/SourcePackages/checkouts/swift-collections
    write-file /Users/runner/Library/Developer/Xcode/DerivedData/Sanvya-bwihhsrkmjvgkfalnfskjfhhbvju/Build/Intermediates.noindex/swift-collections.build/Debug-iphonesimulator/InternalCollectionsUtilities.build/Objects-normal/arm64/InternalCollectionsUtilities.SwiftConstValuesFileList

WriteAuxiliaryFile /Users/runner/Library/Developer/Xcode/DerivedData/Sanvya-bwihhsrkmjvgkfalnfskjfhhbvju/Build/Intermediates.noindex/swift-collections.build/Debug-iphonesimulator/InternalCollectionsUtilities.build/Objects-normal/arm64/InternalCollectionsUtilities.LinkFileList (in target 'InternalCollectionsUtilities' from project 'swift-collections')
    cd /Users/runner/Library/Developer/Xcode/DerivedData/Sanvya-bwihhsrkmjvgkfalnfskjfhhbvju/SourcePackages/checkouts/swift-collections
    write-file /Users/runner/Library/Developer/Xcode/DerivedData/Sanvya-bwihhsrkmjvgkfalnfskjfhhbvju/Build/Intermediates.noindex/swift-collections.build/Debug-iphonesimulator/InternalCollectionsUtilities.build/Objects-normal/arm64/InternalCollectionsUtilities.LinkFileList

WriteAuxiliaryFile /Users/runner/Library/Developer/Xcode/DerivedData/Sanvya-bwihhsrkmjvgkfalnfskjfhhbvju/Build/Intermediates.noindex/swift-collections.build/Debug-iphonesimulator/InternalCollectionsUtilities.build/Objects-normal/arm64/InternalCollectionsUtilities-OutputFileMap.json (in target 'InternalCollectionsUtilities' from project 'swift-collections')
    cd /Users/runner/Library/Developer/Xcode/DerivedData/Sanvya-bwihhsrkmjvgkfalnfskjfhhbvju/SourcePackages/checkouts/swift-collections
    write-file /Users/runner/Library/Developer/Xcode/DerivedData/Sanvya-bwihhsrkmjvgkfalnfskjfhhbvju/Build/Intermediates.noindex/swift-collections.build/Debug-iphonesimulator/InternalCollectionsUtilities.build/Objects-normal/arm64/InternalCollectionsUtilities-OutputFileMap.json

WriteAuxiliaryFile /Users/runner/Library/Developer/Xcode/DerivedData/Sanvya-bwihhsrkmjvgkfalnfskjfhhbvju/Build/Intermediates.noindex/swift-collections.build/Debug-iphonesimulator/InternalCollectionsUtilities.build/InternalCollectionsUtilities.modulemap (in target 'InternalCollectionsUtilities' from project 'swift-collections')
    cd /Users/runner/Library/Developer/Xcode/DerivedData/Sanvya-bwihhsrkmjvgkfalnfskjfhhbvju/SourcePackages/checkouts/swift-collections
    write-file /Users/runner/Library/Developer/Xcode/DerivedData/Sanvya-bwihhsrkmjvgkfalnfskjfhhbvju/Build/Intermediates.noindex/swift-collections.build/Debug-iphonesimulator/InternalCollectionsUtilities.build/InternalCollectionsUtilities.modulemap

WriteAuxiliaryFile /Users/runner/Library/Developer/Xcode/DerivedData/Sanvya-bwihhsrkmjvgkfalnfskjfhhbvju/Build/Intermediates.noindex/swift-collections.build/Debug-iphonesimulator/InternalCollectionsUtilities.build/InternalCollectionsUtilities.DependencyStaticMetadataFileList (in target 'InternalCollectionsUtilities' from project 'swift-collections')
    cd /Users/runner/Library/Developer/Xcode/DerivedData/Sanvya-bwihhsrkmjvgkfalnfskjfhhbvju/SourcePackages/checkouts/swift-collections
    write-file /Users/runner/Library/Developer/Xcode/DerivedData/Sanvya-bwihhsrkmjvgkfalnfskjfhhbvju/Build/Intermediates.noindex/swift-collections.build/Debug-iphonesimulator/InternalCollectionsUtilities.build/InternalCollectionsUtilities.DependencyStaticMetadataFileList

WriteAuxiliaryFile /Users/runner/Library/Developer/Xcode/DerivedData/Sanvya-bwihhsrkmjvgkfalnfskjfhhbvju/Build/Intermediates.noindex/swift-collections.build/Debug-iphonesimulator/InternalCollectionsUtilities.build/InternalCollectionsUtilities.DependencyMetadataFileList (in target 'InternalCollectionsUtilities' from project 'swift-collections')
    cd /Users/runner/Library/Developer/Xcode/DerivedData/Sanvya-bwihhsrkmjvgkfalnfskjfhhbvju/SourcePackages/checkouts/swift-collections
    write-file /Users/runner/Library/Developer/Xcode/DerivedData/Sanvya-bwihhsrkmjvgkfalnfskjfhhbvju/Build/Intermediates.noindex/swift-collections.build/Debug-iphonesimulator/InternalCollectionsUtilities.build/InternalCollectionsUtilities.DependencyMetadataFileList

Copy /Users/runner/Library/Developer/Xcode/DerivedData/Sanvya-bwihhsrkmjvgkfalnfskjfhhbvju/Build/Intermediates.noindex/GeneratedModuleMaps-iphonesimulator/InternalCollectionsUtilities.modulemap /Users/runner/Library/Developer/Xcode/DerivedData/Sanvya-bwihhsrkmjvgkfalnfskjfhhbvju/Build/Intermediates.noindex/swift-collections.build/Debug-iphonesimulator/InternalCollectionsUtilities.build/InternalCollectionsUtilities.modulemap (in target 'InternalCollectionsUtilities' from project 'swift-collections')
    cd /Users/runner/Library/Developer/Xcode/DerivedData/Sanvya-bwihhsrkmjvgkfalnfskjfhhbvju/SourcePackages/checkouts/swift-collections
    builtin-copy -exclude .DS_Store -exclude CVS -exclude .svn -exclude .git -exclude .hg -resolve-src-symlinks /Users/runner/Library/Developer/Xcode/DerivedData/Sanvya-bwihhsrkmjvgkfalnfskjfhhbvju/Build/Intermediates.noindex/swift-collections.build/Debug-iphonesimulator/InternalCollectionsUtilities.build/InternalCollectionsUtilities.modulemap /Users/runner/Library/Developer/Xcode/DerivedData/Sanvya-bwihhsrkmjvgkfalnfskjfhhbvju/Build/Intermediates.noindex/GeneratedModuleMaps-iphonesimulator

WriteAuxiliaryFile /Users/runner/Library/Developer/Xcode/DerivedData/Sanvya-bwihhsrkmjvgkfalnfskjfhhbvju/Build/Intermediates.noindex/Supabase.build/Debug-iphonesimulator/Helpers.build/Objects-normal/arm64/Helpers_const_extract_protocols.json (in target 'Helpers' from project 'Supabase')
    cd /Users/runner/Library/Developer/Xcode/DerivedData/Sanvya-bwihhsrkmjvgkfalnfskjfhhbvju/SourcePackages/checkouts/supabase-swift
    write-file /Users/runner/Library/Developer/Xcode/DerivedData/Sanvya-bwihhsrkmjvgkfalnfskjfhhbvju/Build/Intermediates.noindex/Supabase.build/Debug-iphonesimulator/Helpers.build/Objects-normal/arm64/Helpers_const_extract_protocols.json

WriteAuxiliaryFile /Users/runner/Library/Developer/Xcode/DerivedData/Sanvya-bwihhsrkmjvgkfalnfskjfhhbvju/Build/Intermediates.noindex/Supabase.build/Debug-iphonesimulator/Helpers.build/Objects-normal/arm64/Helpers.SwiftFileList (in target 'Helpers' from project 'Supabase')
    cd /Users/runner/Library/Developer/Xcode/DerivedData/Sanvya-bwihhsrkmjvgkfalnfskjfhhbvju/SourcePackages/checkouts/supabase-swift
    write-file /Users/runner/Library/Developer/Xcode/DerivedData/Sanvya-bwihhsrkmjvgkfalnfskjfhhbvju/Build/Intermediates.noindex/Supabase.build/Debug-iphonesimulator/Helpers.build/Objects-normal/arm64/Helpers.SwiftFileList

WriteAuxiliaryFile /Users/runner/Library/Developer/Xcode/DerivedData/Sanvya-bwihhsrkmjvgkfalnfskjfhhbvju/Build/Intermediates.noindex/Supabase.build/Debug-iphonesimulator/Helpers.build/Objects-normal/arm64/Helpers.SwiftConstValuesFileList (in target 'Helpers' from project 'Supabase')
    cd /Users/runner/Library/Developer/Xcode/DerivedData/Sanvya-bwihhsrkmjvgkfalnfskjfhhbvju/SourcePackages/checkouts/supabase-swift
    write-file /Users/runner/Library/Developer/Xcode/DerivedData/Sanvya-bwihhsrkmjvgkfalnfskjfhhbvju/Build/Intermediates.noindex/Supabase.build/Debug-iphonesimulator/Helpers.build/Objects-normal/arm64/Helpers.SwiftConstValuesFileList

WriteAuxiliaryFile /Users/runner/Library/Developer/Xcode/DerivedData/Sanvya-bwihhsrkmjvgkfalnfskjfhhbvju/Build/Intermediates.noindex/Supabase.build/Debug-iphonesimulator/Helpers.build/Objects-normal/arm64/Helpers.LinkFileList (in target 'Helpers' from project 'Supabase')
    cd /Users/runner/Library/Developer/Xcode/DerivedData/Sanvya-bwihhsrkmjvgkfalnfskjfhhbvju/SourcePackages/checkouts/supabase-swift
    write-file /Users/runner/Library/Developer/Xcode/DerivedData/Sanvya-bwihhsrkmjvgkfalnfskjfhhbvju/Build/Intermediates.noindex/Supabase.build/Debug-iphonesimulator/Helpers.build/Objects-normal/arm64/Helpers.LinkFileList

WriteAuxiliaryFile /Users/runner/Library/Developer/Xcode/DerivedData/Sanvya-bwihhsrkmjvgkfalnfskjfhhbvju/Build/Intermediates.noindex/Supabase.build/Debug-iphonesimulator/Helpers.build/Objects-normal/arm64/Helpers-OutputFileMap.json (in target 'Helpers' from project 'Supabase')
    cd /Users/runner/Library/Developer/Xcode/DerivedData/Sanvya-bwihhsrkmjvgkfalnfskjfhhbvju/SourcePackages/checkouts/supabase-swift
    write-file /Users/runner/Library/Developer/Xcode/DerivedData/Sanvya-bwihhsrkmjvgkfalnfskjfhhbvju/Build/Intermediates.noindex/Supabase.build/Debug-iphonesimulator/Helpers.build/Objects-normal/arm64/Helpers-OutputFileMap.json

WriteAuxiliaryFile /Users/runner/Library/Developer/Xcode/DerivedData/Sanvya-bwihhsrkmjvgkfalnfskjfhhbvju/Build/Intermediates.noindex/Supabase.build/Debug-iphonesimulator/Helpers.build/Helpers.modulemap (in target 'Helpers' from project 'Supabase')
    cd /Users/runner/Library/Developer/Xcode/DerivedData/Sanvya-bwihhsrkmjvgkfalnfskjfhhbvju/SourcePackages/checkouts/supabase-swift
    write-file /Users/runner/Library/Developer/Xcode/DerivedData/Sanvya-bwihhsrkmjvgkfalnfskjfhhbvju/Build/Intermediates.noindex/Supabase.build/Debug-iphonesimulator/Helpers.build/Helpers.modulemap

WriteAuxiliaryFile /Users/runner/Library/Developer/Xcode/DerivedData/Sanvya-bwihhsrkmjvgkfalnfskjfhhbvju/Build/Intermediates.noindex/Supabase.build/Debug-iphonesimulator/Helpers.build/Helpers.DependencyStaticMetadataFileList (in target 'Helpers' from project 'Supabase')
    cd /Users/runner/Library/Developer/Xcode/DerivedData/Sanvya-bwihhsrkmjvgkfalnfskjfhhbvju/SourcePackages/checkouts/supabase-swift
    write-file /Users/runner/Library/Developer/Xcode/DerivedData/Sanvya-bwihhsrkmjvgkfalnfskjfhhbvju/Build/Intermediates.noindex/Supabase.build/Debug-iphonesimulator/Helpers.build/Helpers.DependencyStaticMetadataFileList

WriteAuxiliaryFile /Users/runner/Library/Developer/Xcode/DerivedData/Sanvya-bwihhsrkmjvgkfalnfskjfhhbvju/Build/Intermediates.noindex/Supabase.build/Debug-iphonesimulator/Helpers.build/Helpers.DependencyMetadataFileList (in target 'Helpers' from project 'Supabase')
    cd /Users/runner/Library/Developer/Xcode/DerivedData/Sanvya-bwihhsrkmjvgkfalnfskjfhhbvju/SourcePackages/checkouts/supabase-swift
    write-file /Users/runner/Library/Developer/Xcode/DerivedData/Sanvya-bwihhsrkmjvgkfalnfskjfhhbvju/Build/Intermediates.noindex/Supabase.build/Debug-iphonesimulator/Helpers.build/Helpers.DependencyMetadataFileList

Copy /Users/runner/Library/Developer/Xcode/DerivedData/Sanvya-bwihhsrkmjvgkfalnfskjfhhbvju/Build/Intermediates.noindex/GeneratedModuleMaps-iphonesimulator/Helpers.modulemap /Users/runner/Library/Developer/Xcode/DerivedData/Sanvya-bwihhsrkmjvgkfalnfskjfhhbvju/Build/Intermediates.noindex/Supabase.build/Debug-iphonesimulator/Helpers.build/Helpers.modulemap (in target 'Helpers' from project 'Supabase')
    cd /Users/runner/Library/Developer/Xcode/DerivedData/Sanvya-bwihhsrkmjvgkfalnfskjfhhbvju/SourcePackages/checkouts/supabase-swift
    builtin-copy -exclude .DS_Store -exclude CVS -exclude .svn -exclude .git -exclude .hg -resolve-src-symlinks /Users/runner/Library/Developer/Xcode/DerivedData/Sanvya-bwihhsrkmjvgkfalnfskjfhhbvju/Build/Intermediates.noindex/Supabase.build/Debug-iphonesimulator/Helpers.build/Helpers.modulemap /Users/runner/Library/Developer/Xcode/DerivedData/Sanvya-bwihhsrkmjvgkfalnfskjfhhbvju/Build/Intermediates.noindex/GeneratedModuleMaps-iphonesimulator

WriteAuxiliaryFile /Users/runner/Library/Developer/Xcode/DerivedData/Sanvya-bwihhsrkmjvgkfalnfskjfhhbvju/Build/Intermediates.noindex/swift-http-types.build/Debug-iphonesimulator/HTTPTypes.build/Objects-normal/arm64/HTTPTypes.SwiftFileList (in target 'HTTPTypes' from project 'swift-http-types')
    cd /Users/runner/Library/Developer/Xcode/DerivedData/Sanvya-bwihhsrkmjvgkfalnfskjfhhbvju/SourcePackages/checkouts/swift-http-types
    write-file /Users/runner/Library/Developer/Xcode/DerivedData/Sanvya-bwihhsrkmjvgkfalnfskjfhhbvju/Build/Intermediates.noindex/swift-http-types.build/Debug-iphonesimulator/HTTPTypes.build/Objects-normal/arm64/HTTPTypes.SwiftFileList

WriteAuxiliaryFile /Users/runner/Library/Developer/Xcode/DerivedData/Sanvya-bwihhsrkmjvgkfalnfskjfhhbvju/Build/Intermediates.noindex/swift-http-types.build/Debug-iphonesimulator/HTTPTypes.build/Objects-normal/arm64/HTTPTypes.SwiftConstValuesFileList (in target 'HTTPTypes' from project 'swift-http-types')
    cd /Users/runner/Library/Developer/Xcode/DerivedData/Sanvya-bwihhsrkmjvgkfalnfskjfhhbvju/SourcePackages/checkouts/swift-http-types
    write-file /Users/runner/Library/Developer/Xcode/DerivedData/Sanvya-bwihhsrkmjvgkfalnfskjfhhbvju/Build/Intermediates.noindex/swift-http-types.build/Debug-iphonesimulator/HTTPTypes.build/Objects-normal/arm64/HTTPTypes.SwiftConstValuesFileList

WriteAuxiliaryFile /Users/runner/Library/Developer/Xcode/DerivedData/Sanvya-bwihhsrkmjvgkfalnfskjfhhbvju/Build/Intermediates.noindex/swift-http-types.build/Debug-iphonesimulator/HTTPTypes.build/Objects-normal/arm64/HTTPTypes.LinkFileList (in target 'HTTPTypes' from project 'swift-http-types')
    cd /Users/runner/Library/Developer/Xcode/DerivedData/Sanvya-bwihhsrkmjvgkfalnfskjfhhbvju/SourcePackages/checkouts/swift-http-types
    write-file /Users/runner/Library/Developer/Xcode/DerivedData/Sanvya-bwihhsrkmjvgkfalnfskjfhhbvju/Build/Intermediates.noindex/swift-http-types.build/Debug-iphonesimulator/HTTPTypes.build/Objects-normal/arm64/HTTPTypes.LinkFileList

WriteAuxiliaryFile /Users/runner/Library/Developer/Xcode/DerivedData/Sanvya-bwihhsrkmjvgkfalnfskjfhhbvju/Build/Intermediates.noindex/swift-http-types.build/Debug-iphonesimulator/HTTPTypes.build/Objects-normal/arm64/HTTPTypes-OutputFileMap.json (in target 'HTTPTypes' from project 'swift-http-types')
    cd /Users/runner/Library/Developer/Xcode/DerivedData/Sanvya-bwihhsrkmjvgkfalnfskjfhhbvju/SourcePackages/checkouts/swift-http-types
    write-file /Users/runner/Library/Developer/Xcode/DerivedData/Sanvya-bwihhsrkmjvgkfalnfskjfhhbvju/Build/Intermediates.noindex/swift-http-types.build/Debug-iphonesimulator/HTTPTypes.build/Objects-normal/arm64/HTTPTypes-OutputFileMap.json

WriteAuxiliaryFile /Users/runner/Library/Developer/Xcode/DerivedData/Sanvya-bwihhsrkmjvgkfalnfskjfhhbvju/Build/Intermediates.noindex/swift-http-types.build/Debug-iphonesimulator/HTTPTypes.build/HTTPTypes.modulemap (in target 'HTTPTypes' from project 'swift-http-types')
    cd /Users/runner/Library/Developer/Xcode/DerivedData/Sanvya-bwihhsrkmjvgkfalnfskjfhhbvju/SourcePackages/checkouts/swift-http-types
    write-file /Users/runner/Library/Developer/Xcode/DerivedData/Sanvya-bwihhsrkmjvgkfalnfskjfhhbvju/Build/Intermediates.noindex/swift-http-types.build/Debug-iphonesimulator/HTTPTypes.build/HTTPTypes.modulemap

WriteAuxiliaryFile /Users/runner/Library/Developer/Xcode/DerivedData/Sanvya-bwihhsrkmjvgkfalnfskjfhhbvju/Build/Intermediates.noindex/swift-http-types.build/Debug-iphonesimulator/HTTPTypes.build/HTTPTypes.DependencyStaticMetadataFileList (in target 'HTTPTypes' from project 'swift-http-types')
    cd /Users/runner/Library/Developer/Xcode/DerivedData/Sanvya-bwihhsrkmjvgkfalnfskjfhhbvju/SourcePackages/checkouts/swift-http-types
    write-file /Users/runner/Library/Developer/Xcode/DerivedData/Sanvya-bwihhsrkmjvgkfalnfskjfhhbvju/Build/Intermediates.noindex/swift-http-types.build/Debug-iphonesimulator/HTTPTypes.build/HTTPTypes.DependencyStaticMetadataFileList

WriteAuxiliaryFile /Users/runner/Library/Developer/Xcode/DerivedData/Sanvya-bwihhsrkmjvgkfalnfskjfhhbvju/Build/Intermediates.noindex/swift-http-types.build/Debug-iphonesimulator/HTTPTypes.build/HTTPTypes.DependencyMetadataFileList (in target 'HTTPTypes' from project 'swift-http-types')
    cd /Users/runner/Library/Developer/Xcode/DerivedData/Sanvya-bwihhsrkmjvgkfalnfskjfhhbvju/SourcePackages/checkouts/swift-http-types
    write-file /Users/runner/Library/Developer/Xcode/DerivedData/Sanvya-bwihhsrkmjvgkfalnfskjfhhbvju/Build/Intermediates.noindex/swift-http-types.build/Debug-iphonesimulator/HTTPTypes.build/HTTPTypes.DependencyMetadataFileList

Copy /Users/runner/Library/Developer/Xcode/DerivedData/Sanvya-bwihhsrkmjvgkfalnfskjfhhbvju/Build/Intermediates.noindex/GeneratedModuleMaps-iphonesimulator/HTTPTypes.modulemap /Users/runner/Library/Developer/Xcode/DerivedData/Sanvya-bwihhsrkmjvgkfalnfskjfhhbvju/Build/Intermediates.noindex/swift-http-types.build/Debug-iphonesimulator/HTTPTypes.build/HTTPTypes.modulemap (in target 'HTTPTypes' from project 'swift-http-types')
    cd /Users/runner/Library/Developer/Xcode/DerivedData/Sanvya-bwihhsrkmjvgkfalnfskjfhhbvju/SourcePackages/checkouts/swift-http-types
    builtin-copy -exclude .DS_Store -exclude CVS -exclude .svn -exclude .git -exclude .hg -resolve-src-symlinks /Users/runner/Library/Developer/Xcode/DerivedData/Sanvya-bwihhsrkmjvgkfalnfskjfhhbvju/Build/Intermediates.noindex/swift-http-types.build/Debug-iphonesimulator/HTTPTypes.build/HTTPTypes.modulemap /Users/runner/Library/Developer/Xcode/DerivedData/Sanvya-bwihhsrkmjvgkfalnfskjfhhbvju/Build/Intermediates.noindex/GeneratedModuleMaps-iphonesimulator

WriteAuxiliaryFile /Users/runner/Library/Developer/Xcode/DerivedData/Sanvya-bwihhsrkmjvgkfalnfskjfhhbvju/Build/Intermediates.noindex/Supabase.build/Debug-iphonesimulator/Functions.build/Objects-normal/arm64/Functions_const_extract_protocols.json (in target 'Functions' from project 'Supabase')
    cd /Users/runner/Library/Developer/Xcode/DerivedData/Sanvya-bwihhsrkmjvgkfalnfskjfhhbvju/SourcePackages/checkouts/supabase-swift
    write-file /Users/runner/Library/Developer/Xcode/DerivedData/Sanvya-bwihhsrkmjvgkfalnfskjfhhbvju/Build/Intermediates.noindex/Supabase.build/Debug-iphonesimulator/Functions.build/Objects-normal/arm64/Functions_const_extract_protocols.json

WriteAuxiliaryFile /Users/runner/Library/Developer/Xcode/DerivedData/Sanvya-bwihhsrkmjvgkfalnfskjfhhbvju/Build/Intermediates.noindex/Supabase.build/Debug-iphonesimulator/Functions.build/Objects-normal/arm64/Functions.SwiftFileList (in target 'Functions' from project 'Supabase')
    cd /Users/runner/Library/Developer/Xcode/DerivedData/Sanvya-bwihhsrkmjvgkfalnfskjfhhbvju/SourcePackages/checkouts/supabase-swift
    write-file /Users/runner/Library/Developer/Xcode/DerivedData/Sanvya-bwihhsrkmjvgkfalnfskjfhhbvju/Build/Intermediates.noindex/Supabase.build/Debug-iphonesimulator/Functions.build/Objects-normal/arm64/Functions.SwiftFileList

WriteAuxiliaryFile /Users/runner/Library/Developer/Xcode/DerivedData/Sanvya-bwihhsrkmjvgkfalnfskjfhhbvju/Build/Intermediates.noindex/Supabase.build/Debug-iphonesimulator/Functions.build/Objects-normal/arm64/Functions.SwiftConstValuesFileList (in target 'Functions' from project 'Supabase')
    cd /Users/runner/Library/Developer/Xcode/DerivedData/Sanvya-bwihhsrkmjvgkfalnfskjfhhbvju/SourcePackages/checkouts/supabase-swift
    write-file /Users/runner/Library/Developer/Xcode/DerivedData/Sanvya-bwihhsrkmjvgkfalnfskjfhhbvju/Build/Intermediates.noindex/Supabase.build/Debug-iphonesimulator/Functions.build/Objects-normal/arm64/Functions.SwiftConstValuesFileList

WriteAuxiliaryFile /Users/runner/Library/Developer/Xcode/DerivedData/Sanvya-bwihhsrkmjvgkfalnfskjfhhbvju/Build/Intermediates.noindex/Supabase.build/Debug-iphonesimulator/Functions.build/Objects-normal/arm64/Functions.LinkFileList (in target 'Functions' from project 'Supabase')
    cd /Users/runner/Library/Developer/Xcode/DerivedData/Sanvya-bwihhsrkmjvgkfalnfskjfhhbvju/SourcePackages/checkouts/supabase-swift
    write-file /Users/runner/Library/Developer/Xcode/DerivedData/Sanvya-bwihhsrkmjvgkfalnfskjfhhbvju/Build/Intermediates.noindex/Supabase.build/Debug-iphonesimulator/Functions.build/Objects-normal/arm64/Functions.LinkFileList

WriteAuxiliaryFile /Users/runner/Library/Developer/Xcode/DerivedData/Sanvya-bwihhsrkmjvgkfalnfskjfhhbvju/Build/Intermediates.noindex/Supabase.build/Debug-iphonesimulator/Functions.build/Objects-normal/arm64/Functions-OutputFileMap.json (in target 'Functions' from project 'Supabase')
    cd /Users/runner/Library/Developer/Xcode/DerivedData/Sanvya-bwihhsrkmjvgkfalnfskjfhhbvju/SourcePackages/checkouts/supabase-swift
    write-file /Users/runner/Library/Developer/Xcode/DerivedData/Sanvya-bwihhsrkmjvgkfalnfskjfhhbvju/Build/Intermediates.noindex/Supabase.build/Debug-iphonesimulator/Functions.build/Objects-normal/arm64/Functions-OutputFileMap.json

WriteAuxiliaryFile /Users/runner/Library/Developer/Xcode/DerivedData/Sanvya-bwihhsrkmjvgkfalnfskjfhhbvju/Build/Intermediates.noindex/Supabase.build/Debug-iphonesimulator/Functions.build/Functions.modulemap (in target 'Functions' from project 'Supabase')
    cd /Users/runner/Library/Developer/Xcode/DerivedData/Sanvya-bwihhsrkmjvgkfalnfskjfhhbvju/SourcePackages/checkouts/supabase-swift
    write-file /Users/runner/Library/Developer/Xcode/DerivedData/Sanvya-bwihhsrkmjvgkfalnfskjfhhbvju/Build/Intermediates.noindex/Supabase.build/Debug-iphonesimulator/Functions.build/Functions.modulemap

WriteAuxiliaryFile /Users/runner/Library/Developer/Xcode/DerivedData/Sanvya-bwihhsrkmjvgkfalnfskjfhhbvju/Build/Intermediates.noindex/Supabase.build/Debug-iphonesimulator/Functions.build/Functions.DependencyStaticMetadataFileList (in target 'Functions' from project 'Supabase')
    cd /Users/runner/Library/Developer/Xcode/DerivedData/Sanvya-bwihhsrkmjvgkfalnfskjfhhbvju/SourcePackages/checkouts/supabase-swift
    write-file /Users/runner/Library/Developer/Xcode/DerivedData/Sanvya-bwihhsrkmjvgkfalnfskjfhhbvju/Build/Intermediates.noindex/Supabase.build/Debug-iphonesimulator/Functions.build/Functions.DependencyStaticMetadataFileList

WriteAuxiliaryFile /Users/runner/Library/Developer/Xcode/DerivedData/Sanvya-bwihhsrkmjvgkfalnfskjfhhbvju/Build/Intermediates.noindex/Supabase.build/Debug-iphonesimulator/Functions.build/Functions.DependencyMetadataFileList (in target 'Functions' from project 'Supabase')
    cd /Users/runner/Library/Developer/Xcode/DerivedData/Sanvya-bwihhsrkmjvgkfalnfskjfhhbvju/SourcePackages/checkouts/supabase-swift
    write-file /Users/runner/Library/Developer/Xcode/DerivedData/Sanvya-bwihhsrkmjvgkfalnfskjfhhbvju/Build/Intermediates.noindex/Supabase.build/Debug-iphonesimulator/Functions.build/Functions.DependencyMetadataFileList

Copy /Users/runner/Library/Developer/Xcode/DerivedData/Sanvya-bwihhsrkmjvgkfalnfskjfhhbvju/Build/Intermediates.noindex/GeneratedModuleMaps-iphonesimulator/Functions.modulemap /Users/runner/Library/Developer/Xcode/DerivedData/Sanvya-bwihhsrkmjvgkfalnfskjfhhbvju/Build/Intermediates.noindex/Supabase.build/Debug-iphonesimulator/Functions.build/Functions.modulemap (in target 'Functions' from project 'Supabase')
    cd /Users/runner/Library/Developer/Xcode/DerivedData/Sanvya-bwihhsrkmjvgkfalnfskjfhhbvju/SourcePackages/checkouts/supabase-swift
    builtin-copy -exclude .DS_Store -exclude CVS -exclude .svn -exclude .git -exclude .hg -resolve-src-symlinks /Users/runner/Library/Developer/Xcode/DerivedData/Sanvya-bwihhsrkmjvgkfalnfskjfhhbvju/Build/Intermediates.noindex/Supabase.build/Debug-iphonesimulator/Functions.build/Functions.modulemap /Users/runner/Library/Developer/Xcode/DerivedData/Sanvya-bwihhsrkmjvgkfalnfskjfhhbvju/Build/Intermediates.noindex/GeneratedModuleMaps-iphonesimulator

WriteAuxiliaryFile /Users/runner/Library/Developer/Xcode/DerivedData/Sanvya-bwihhsrkmjvgkfalnfskjfhhbvju/Build/Intermediates.noindex/Factory.build/Debug-iphonesimulator/Factory_Factory.build/empty-Factory_Factory.plist (in target 'Factory_Factory' from project 'Factory')
    cd /Users/runner/Library/Developer/Xcode/DerivedData/Sanvya-bwihhsrkmjvgkfalnfskjfhhbvju/SourcePackages/checkouts/Factory
    write-file /Users/runner/Library/Developer/Xcode/DerivedData/Sanvya-bwihhsrkmjvgkfalnfskjfhhbvju/Build/Intermediates.noindex/Factory.build/Debug-iphonesimulator/Factory_Factory.build/empty-Factory_Factory.plist

WriteAuxiliaryFile /Users/runner/Library/Developer/Xcode/DerivedData/Sanvya-bwihhsrkmjvgkfalnfskjfhhbvju/Build/Intermediates.noindex/Factory.build/Debug-iphonesimulator/Factory_Factory.build/Factory_Factory.DependencyStaticMetadataFileList (in target 'Factory_Factory' from project 'Factory')
    cd /Users/runner/Library/Developer/Xcode/DerivedData/Sanvya-bwihhsrkmjvgkfalnfskjfhhbvju/SourcePackages/checkouts/Factory
    write-file /Users/runner/Library/Developer/Xcode/DerivedData/Sanvya-bwihhsrkmjvgkfalnfskjfhhbvju/Build/Intermediates.noindex/Factory.build/Debug-iphonesimulator/Factory_Factory.build/Factory_Factory.DependencyStaticMetadataFileList

WriteAuxiliaryFile /Users/runner/Library/Developer/Xcode/DerivedData/Sanvya-bwihhsrkmjvgkfalnfskjfhhbvju/Build/Intermediates.noindex/Factory.build/Debug-iphonesimulator/Factory_Factory.build/Factory_Factory.DependencyMetadataFileList (in target 'Factory_Factory' from project 'Factory')
    cd /Users/runner/Library/Developer/Xcode/DerivedData/Sanvya-bwihhsrkmjvgkfalnfskjfhhbvju/SourcePackages/checkouts/Factory
    write-file /Users/runner/Library/Developer/Xcode/DerivedData/Sanvya-bwihhsrkmjvgkfalnfskjfhhbvju/Build/Intermediates.noindex/Factory.build/Debug-iphonesimulator/Factory_Factory.build/Factory_Factory.DependencyMetadataFileList

WriteAuxiliaryFile /Users/runner/Library/Developer/Xcode/DerivedData/Sanvya-bwihhsrkmjvgkfalnfskjfhhbvju/Build/Intermediates.noindex/Factory.build/Debug-iphonesimulator/Factory.build/Objects-normal/arm64/Factory_const_extract_protocols.json (in target 'Factory' from project 'Factory')
    cd /Users/runner/Library/Developer/Xcode/DerivedData/Sanvya-bwihhsrkmjvgkfalnfskjfhhbvju/SourcePackages/checkouts/Factory
    write-file /Users/runner/Library/Developer/Xcode/DerivedData/Sanvya-bwihhsrkmjvgkfalnfskjfhhbvju/Build/Intermediates.noindex/Factory.build/Debug-iphonesimulator/Factory.build/Objects-normal/arm64/Factory_const_extract_protocols.json

WriteAuxiliaryFile /Users/runner/Library/Developer/Xcode/DerivedData/Sanvya-bwihhsrkmjvgkfalnfskjfhhbvju/Build/Intermediates.noindex/Factory.build/Debug-iphonesimulator/Factory.build/Objects-normal/arm64/Factory.SwiftFileList (in target 'Factory' from project 'Factory')
    cd /Users/runner/Library/Developer/Xcode/DerivedData/Sanvya-bwihhsrkmjvgkfalnfskjfhhbvju/SourcePackages/checkouts/Factory
    write-file /Users/runner/Library/Developer/Xcode/DerivedData/Sanvya-bwihhsrkmjvgkfalnfskjfhhbvju/Build/Intermediates.noindex/Factory.build/Debug-iphonesimulator/Factory.build/Objects-normal/arm64/Factory.SwiftFileList

WriteAuxiliaryFile /Users/runner/Library/Developer/Xcode/DerivedData/Sanvya-bwihhsrkmjvgkfalnfskjfhhbvju/Build/Intermediates.noindex/Factory.build/Debug-iphonesimulator/Factory.build/Objects-normal/arm64/Factory.SwiftConstValuesFileList (in target 'Factory' from project 'Factory')
    cd /Users/runner/Library/Developer/Xcode/DerivedData/Sanvya-bwihhsrkmjvgkfalnfskjfhhbvju/SourcePackages/checkouts/Factory
    write-file /Users/runner/Library/Developer/Xcode/DerivedData/Sanvya-bwihhsrkmjvgkfalnfskjfhhbvju/Build/Intermediates.noindex/Factory.build/Debug-iphonesimulator/Factory.build/Objects-normal/arm64/Factory.SwiftConstValuesFileList

WriteAuxiliaryFile /Users/runner/Library/Developer/Xcode/DerivedData/Sanvya-bwihhsrkmjvgkfalnfskjfhhbvju/Build/Intermediates.noindex/Factory.build/Debug-iphonesimulator/Factory.build/Objects-normal/arm64/Factory.LinkFileList (in target 'Factory' from project 'Factory')
    cd /Users/runner/Library/Developer/Xcode/DerivedData/Sanvya-bwihhsrkmjvgkfalnfskjfhhbvju/SourcePackages/checkouts/Factory
    write-file /Users/runner/Library/Developer/Xcode/DerivedData/Sanvya-bwihhsrkmjvgkfalnfskjfhhbvju/Build/Intermediates.noindex/Factory.build/Debug-iphonesimulator/Factory.build/Objects-normal/arm64/Factory.LinkFileList

WriteAuxiliaryFile /Users/runner/Library/Developer/Xcode/DerivedData/Sanvya-bwihhsrkmjvgkfalnfskjfhhbvju/Build/Intermediates.noindex/Factory.build/Debug-iphonesimulator/Factory.build/Objects-normal/arm64/Factory-OutputFileMap.json (in target 'Factory' from project 'Factory')
    cd /Users/runner/Library/Developer/Xcode/DerivedData/Sanvya-bwihhsrkmjvgkfalnfskjfhhbvju/SourcePackages/checkouts/Factory
    write-file /Users/runner/Library/Developer/Xcode/DerivedData/Sanvya-bwihhsrkmjvgkfalnfskjfhhbvju/Build/Intermediates.noindex/Factory.build/Debug-iphonesimulator/Factory.build/Objects-normal/arm64/Factory-OutputFileMap.json

WriteAuxiliaryFile /Users/runner/Library/Developer/Xcode/DerivedData/Sanvya-bwihhsrkmjvgkfalnfskjfhhbvju/Build/Intermediates.noindex/Factory.build/Debug-iphonesimulator/Factory.build/Factory.modulemap (in target 'Factory' from project 'Factory')
    cd /Users/runner/Library/Developer/Xcode/DerivedData/Sanvya-bwihhsrkmjvgkfalnfskjfhhbvju/SourcePackages/checkouts/Factory
    write-file /Users/runner/Library/Developer/Xcode/DerivedData/Sanvya-bwihhsrkmjvgkfalnfskjfhhbvju/Build/Intermediates.noindex/Factory.build/Debug-iphonesimulator/Factory.build/Factory.modulemap

WriteAuxiliaryFile /Users/runner/Library/Developer/Xcode/DerivedData/Sanvya-bwihhsrkmjvgkfalnfskjfhhbvju/Build/Intermediates.noindex/Factory.build/Debug-iphonesimulator/Factory.build/Factory.DependencyStaticMetadataFileList (in target 'Factory' from project 'Factory')
    cd /Users/runner/Library/Developer/Xcode/DerivedData/Sanvya-bwihhsrkmjvgkfalnfskjfhhbvju/SourcePackages/checkouts/Factory
    write-file /Users/runner/Library/Developer/Xcode/DerivedData/Sanvya-bwihhsrkmjvgkfalnfskjfhhbvju/Build/Intermediates.noindex/Factory.build/Debug-iphonesimulator/Factory.build/Factory.DependencyStaticMetadataFileList

WriteAuxiliaryFile /Users/runner/Library/Developer/Xcode/DerivedData/Sanvya-bwihhsrkmjvgkfalnfskjfhhbvju/Build/Intermediates.noindex/Factory.build/Debug-iphonesimulator/Factory.build/Factory.DependencyMetadataFileList (in target 'Factory' from project 'Factory')
    cd /Users/runner/Library/Developer/Xcode/DerivedData/Sanvya-bwihhsrkmjvgkfalnfskjfhhbvju/SourcePackages/checkouts/Factory
    write-file /Users/runner/Library/Developer/Xcode/DerivedData/Sanvya-bwihhsrkmjvgkfalnfskjfhhbvju/Build/Intermediates.noindex/Factory.build/Debug-iphonesimulator/Factory.build/Factory.DependencyMetadataFileList

WriteAuxiliaryFile /Users/runner/Library/Developer/Xcode/DerivedData/Sanvya-bwihhsrkmjvgkfalnfskjfhhbvju/Build/Intermediates.noindex/Factory.build/Debug-iphonesimulator/Factory.build/DerivedSources/resource_bundle_accessor.swift (in target 'Factory' from project 'Factory')
    cd /Users/runner/Library/Developer/Xcode/DerivedData/Sanvya-bwihhsrkmjvgkfalnfskjfhhbvju/SourcePackages/checkouts/Factory
    write-file /Users/runner/Library/Developer/Xcode/DerivedData/Sanvya-bwihhsrkmjvgkfalnfskjfhhbvju/Build/Intermediates.noindex/Factory.build/Debug-iphonesimulator/Factory.build/DerivedSources/resource_bundle_accessor.swift

Copy /Users/runner/Library/Developer/Xcode/DerivedData/Sanvya-bwihhsrkmjvgkfalnfskjfhhbvju/Build/Intermediates.noindex/GeneratedModuleMaps-iphonesimulator/Factory.modulemap /Users/runner/Library/Developer/Xcode/DerivedData/Sanvya-bwihhsrkmjvgkfalnfskjfhhbvju/Build/Intermediates.noindex/Factory.build/Debug-iphonesimulator/Factory.build/Factory.modulemap (in target 'Factory' from project 'Factory')
    cd /Users/runner/Library/Developer/Xcode/DerivedData/Sanvya-bwihhsrkmjvgkfalnfskjfhhbvju/SourcePackages/checkouts/Factory
    builtin-copy -exclude .DS_Store -exclude CVS -exclude .svn -exclude .git -exclude .hg -resolve-src-symlinks /Users/runner/Library/Developer/Xcode/DerivedData/Sanvya-bwihhsrkmjvgkfalnfskjfhhbvju/Build/Intermediates.noindex/Factory.build/Debug-iphonesimulator/Factory.build/Factory.modulemap /Users/runner/Library/Developer/Xcode/DerivedData/Sanvya-bwihhsrkmjvgkfalnfskjfhhbvju/Build/Intermediates.noindex/GeneratedModuleMaps-iphonesimulator

WriteAuxiliaryFile /Users/runner/Library/Developer/Xcode/DerivedData/Sanvya-bwihhsrkmjvgkfalnfskjfhhbvju/Build/Intermediates.noindex/Domain.build/Debug-iphonesimulator/Domain.build/Objects-normal/arm64/Domain_const_extract_protocols.json (in target 'Domain' from project 'Domain')
    cd /Users/runner/work/pocketcare-app/pocketcare-app/apps/ios/Domain
    write-file /Users/runner/Library/Developer/Xcode/DerivedData/Sanvya-bwihhsrkmjvgkfalnfskjfhhbvju/Build/Intermediates.noindex/Domain.build/Debug-iphonesimulator/Domain.build/Objects-normal/arm64/Domain_const_extract_protocols.json

WriteAuxiliaryFile /Users/runner/Library/Developer/Xcode/DerivedData/Sanvya-bwihhsrkmjvgkfalnfskjfhhbvju/Build/Intermediates.noindex/Domain.build/Debug-iphonesimulator/Domain.build/Objects-normal/arm64/Domain.SwiftFileList (in target 'Domain' from project 'Domain')
    cd /Users/runner/work/pocketcare-app/pocketcare-app/apps/ios/Domain
    write-file /Users/runner/Library/Developer/Xcode/DerivedData/Sanvya-bwihhsrkmjvgkfalnfskjfhhbvju/Build/Intermediates.noindex/Domain.build/Debug-iphonesimulator/Domain.build/Objects-normal/arm64/Domain.SwiftFileList

WriteAuxiliaryFile /Users/runner/Library/Developer/Xcode/DerivedData/Sanvya-bwihhsrkmjvgkfalnfskjfhhbvju/Build/Intermediates.noindex/Domain.build/Debug-iphonesimulator/Domain.build/Objects-normal/arm64/Domain.SwiftConstValuesFileList (in target 'Domain' from project 'Domain')
    cd /Users/runner/work/pocketcare-app/pocketcare-app/apps/ios/Domain
    write-file /Users/runner/Library/Developer/Xcode/DerivedData/Sanvya-bwihhsrkmjvgkfalnfskjfhhbvju/Build/Intermediates.noindex/Domain.build/Debug-iphonesimulator/Domain.build/Objects-normal/arm64/Domain.SwiftConstValuesFileList

WriteAuxiliaryFile /Users/runner/Library/Developer/Xcode/DerivedData/Sanvya-bwihhsrkmjvgkfalnfskjfhhbvju/Build/Intermediates.noindex/Domain.build/Debug-iphonesimulator/Domain.build/Objects-normal/arm64/Domain.LinkFileList (in target 'Domain' from project 'Domain')
    cd /Users/runner/work/pocketcare-app/pocketcare-app/apps/ios/Domain
    write-file /Users/runner/Library/Developer/Xcode/DerivedData/Sanvya-bwihhsrkmjvgkfalnfskjfhhbvju/Build/Intermediates.noindex/Domain.build/Debug-iphonesimulator/Domain.build/Objects-normal/arm64/Domain.LinkFileList

WriteAuxiliaryFile /Users/runner/Library/Developer/Xcode/DerivedData/Sanvya-bwihhsrkmjvgkfalnfskjfhhbvju/Build/Intermediates.noindex/Domain.build/Debug-iphonesimulator/Domain.build/Objects-normal/arm64/Domain-OutputFileMap.json (in target 'Domain' from project 'Domain')
    cd /Users/runner/work/pocketcare-app/pocketcare-app/apps/ios/Domain
    write-file /Users/runner/Library/Developer/Xcode/DerivedData/Sanvya-bwihhsrkmjvgkfalnfskjfhhbvju/Build/Intermediates.noindex/Domain.build/Debug-iphonesimulator/Domain.build/Objects-normal/arm64/Domain-OutputFileMap.json

WriteAuxiliaryFile /Users/runner/Library/Developer/Xcode/DerivedData/Sanvya-bwihhsrkmjvgkfalnfskjfhhbvju/Build/Intermediates.noindex/Domain.build/Debug-iphonesimulator/Domain.build/Domain.modulemap (in target 'Domain' from project 'Domain')
    cd /Users/runner/work/pocketcare-app/pocketcare-app/apps/ios/Domain
    write-file /Users/runner/Library/Developer/Xcode/DerivedData/Sanvya-bwihhsrkmjvgkfalnfskjfhhbvju/Build/Intermediates.noindex/Domain.build/Debug-iphonesimulator/Domain.build/Domain.modulemap

WriteAuxiliaryFile /Users/runner/Library/Developer/Xcode/DerivedData/Sanvya-bwihhsrkmjvgkfalnfskjfhhbvju/Build/Intermediates.noindex/Domain.build/Debug-iphonesimulator/Domain.build/Domain.DependencyStaticMetadataFileList (in target 'Domain' from project 'Domain')
    cd /Users/runner/work/pocketcare-app/pocketcare-app/apps/ios/Domain
    write-file /Users/runner/Library/Developer/Xcode/DerivedData/Sanvya-bwihhsrkmjvgkfalnfskjfhhbvju/Build/Intermediates.noindex/Domain.build/Debug-iphonesimulator/Domain.build/Domain.DependencyStaticMetadataFileList

WriteAuxiliaryFile /Users/runner/Library/Developer/Xcode/DerivedData/Sanvya-bwihhsrkmjvgkfalnfskjfhhbvju/Build/Intermediates.noindex/Domain.build/Debug-iphonesimulator/Domain.build/Domain.DependencyMetadataFileList (in target 'Domain' from project 'Domain')
    cd /Users/runner/work/pocketcare-app/pocketcare-app/apps/ios/Domain
    write-file /Users/runner/Library/Developer/Xcode/DerivedData/Sanvya-bwihhsrkmjvgkfalnfskjfhhbvju/Build/Intermediates.noindex/Domain.build/Debug-iphonesimulator/Domain.build/Domain.DependencyMetadataFileList

Copy /Users/runner/Library/Developer/Xcode/DerivedData/Sanvya-bwihhsrkmjvgkfalnfskjfhhbvju/Build/Intermediates.noindex/GeneratedModuleMaps-iphonesimulator/Domain.modulemap /Users/runner/Library/Developer/Xcode/DerivedData/Sanvya-bwihhsrkmjvgkfalnfskjfhhbvju/Build/Intermediates.noindex/Domain.build/Debug-iphonesimulator/Domain.build/Domain.modulemap (in target 'Domain' from project 'Domain')
    cd /Users/runner/work/pocketcare-app/pocketcare-app/apps/ios/Domain
    builtin-copy -exclude .DS_Store -exclude CVS -exclude .svn -exclude .git -exclude .hg -resolve-src-symlinks /Users/runner/Library/Developer/Xcode/DerivedData/Sanvya-bwihhsrkmjvgkfalnfskjfhhbvju/Build/Intermediates.noindex/Domain.build/Debug-iphonesimulator/Domain.build/Domain.modulemap /Users/runner/Library/Developer/Xcode/DerivedData/Sanvya-bwihhsrkmjvgkfalnfskjfhhbvju/Build/Intermediates.noindex/GeneratedModuleMaps-iphonesimulator

WriteAuxiliaryFile /Users/runner/Library/Developer/Xcode/DerivedData/Sanvya-bwihhsrkmjvgkfalnfskjfhhbvju/Build/Intermediates.noindex/Domain.build/Debug-iphonesimulator/Domain\ product.build/empty-Domain_17E53062B3BFDE_PackageProduct.plist (in target 'Domain' from project 'Domain')
    cd /Users/runner/work/pocketcare-app/pocketcare-app/apps/ios/Domain
    write-file /Users/runner/Library/Developer/Xcode/DerivedData/Sanvya-bwihhsrkmjvgkfalnfskjfhhbvju/Build/Intermediates.noindex/Domain.build/Debug-iphonesimulator/Domain\ product.build/empty-Domain_17E53062B3BFDE_PackageProduct.plist

WriteAuxiliaryFile /Users/runner/Library/Developer/Xcode/DerivedData/Sanvya-bwihhsrkmjvgkfalnfskjfhhbvju/Build/Intermediates.noindex/Domain.build/Debug-iphonesimulator/Domain\ product.build/Objects-normal/arm64/Domain_17E53062B3BFDE_PackageProduct.LinkFileList (in target 'Domain' from project 'Domain')
    cd /Users/runner/work/pocketcare-app/pocketcare-app/apps/ios/Domain
    write-file /Users/runner/Library/Developer/Xcode/DerivedData/Sanvya-bwihhsrkmjvgkfalnfskjfhhbvju/Build/Intermediates.noindex/Domain.build/Debug-iphonesimulator/Domain\ product.build/Objects-normal/arm64/Domain_17E53062B3BFDE_PackageProduct.LinkFileList

WriteAuxiliaryFile /Users/runner/Library/Developer/Xcode/DerivedData/Sanvya-bwihhsrkmjvgkfalnfskjfhhbvju/Build/Intermediates.noindex/Domain.build/Debug-iphonesimulator/Domain\ product.build/Domain_17E53062B3BFDE_PackageProduct.DependencyStaticMetadataFileList (in target 'Domain' from project 'Domain')
    cd /Users/runner/work/pocketcare-app/pocketcare-app/apps/ios/Domain
    write-file /Users/runner/Library/Developer/Xcode/DerivedData/Sanvya-bwihhsrkmjvgkfalnfskjfhhbvju/Build/Intermediates.noindex/Domain.build/Debug-iphonesimulator/Domain\ product.build/Domain_17E53062B3BFDE_PackageProduct.DependencyStaticMetadataFileList

WriteAuxiliaryFile /Users/runner/Library/Developer/Xcode/DerivedData/Sanvya-bwihhsrkmjvgkfalnfskjfhhbvju/Build/Intermediates.noindex/Domain.build/Debug-iphonesimulator/Domain\ product.build/Domain_17E53062B3BFDE_PackageProduct.DependencyMetadataFileList (in target 'Domain' from project 'Domain')
    cd /Users/runner/work/pocketcare-app/pocketcare-app/apps/ios/Domain
    write-file /Users/runner/Library/Developer/Xcode/DerivedData/Sanvya-bwihhsrkmjvgkfalnfskjfhhbvju/Build/Intermediates.noindex/Domain.build/Debug-iphonesimulator/Domain\ product.build/Domain_17E53062B3BFDE_PackageProduct.DependencyMetadataFileList

WriteAuxiliaryFile /Users/runner/Library/Developer/Xcode/DerivedData/Sanvya-bwihhsrkmjvgkfalnfskjfhhbvju/Build/Intermediates.noindex/swift-collections.build/Debug-iphonesimulator/DequeModule.build/Objects-normal/arm64/DequeModule_const_extract_protocols.json (in target 'DequeModule' from project 'swift-collections')
    cd /Users/runner/Library/Developer/Xcode/DerivedData/Sanvya-bwihhsrkmjvgkfalnfskjfhhbvju/SourcePackages/checkouts/swift-collections
    write-file /Users/runner/Library/Developer/Xcode/DerivedData/Sanvya-bwihhsrkmjvgkfalnfskjfhhbvju/Build/Intermediates.noindex/swift-collections.build/Debug-iphonesimulator/DequeModule.build/Objects-normal/arm64/DequeModule_const_extract_protocols.json

WriteAuxiliaryFile /Users/runner/Library/Developer/Xcode/DerivedData/Sanvya-bwihhsrkmjvgkfalnfskjfhhbvju/Build/Intermediates.noindex/swift-collections.build/Debug-iphonesimulator/DequeModule.build/Objects-normal/arm64/DequeModule.SwiftFileList (in target 'DequeModule' from project 'swift-collections')
    cd /Users/runner/Library/Developer/Xcode/DerivedData/Sanvya-bwihhsrkmjvgkfalnfskjfhhbvju/SourcePackages/checkouts/swift-collections
    write-file /Users/runner/Library/Developer/Xcode/DerivedData/Sanvya-bwihhsrkmjvgkfalnfskjfhhbvju/Build/Intermediates.noindex/swift-collections.build/Debug-iphonesimulator/DequeModule.build/Objects-normal/arm64/DequeModule.SwiftFileList

WriteAuxiliaryFile /Users/runner/Library/Developer/Xcode/DerivedData/Sanvya-bwihhsrkmjvgkfalnfskjfhhbvju/Build/Intermediates.noindex/swift-collections.build/Debug-iphonesimulator/DequeModule.build/Objects-normal/arm64/DequeModule.SwiftConstValuesFileList (in target 'DequeModule' from project 'swift-collections')
    cd /Users/runner/Library/Developer/Xcode/DerivedData/Sanvya-bwihhsrkmjvgkfalnfskjfhhbvju/SourcePackages/checkouts/swift-collections
    write-file /Users/runner/Library/Developer/Xcode/DerivedData/Sanvya-bwihhsrkmjvgkfalnfskjfhhbvju/Build/Intermediates.noindex/swift-collections.build/Debug-iphonesimulator/DequeModule.build/Objects-normal/arm64/DequeModule.SwiftConstValuesFileList

WriteAuxiliaryFile /Users/runner/Library/Developer/Xcode/DerivedData/Sanvya-bwihhsrkmjvgkfalnfskjfhhbvju/Build/Intermediates.noindex/swift-collections.build/Debug-iphonesimulator/DequeModule.build/Objects-normal/arm64/DequeModule.LinkFileList (in target 'DequeModule' from project 'swift-collections')
    cd /Users/runner/Library/Developer/Xcode/DerivedData/Sanvya-bwihhsrkmjvgkfalnfskjfhhbvju/SourcePackages/checkouts/swift-collections
    write-file /Users/runner/Library/Developer/Xcode/DerivedData/Sanvya-bwihhsrkmjvgkfalnfskjfhhbvju/Build/Intermediates.noindex/swift-collections.build/Debug-iphonesimulator/DequeModule.build/Objects-normal/arm64/DequeModule.LinkFileList

WriteAuxiliaryFile /Users/runner/Library/Developer/Xcode/DerivedData/Sanvya-bwihhsrkmjvgkfalnfskjfhhbvju/Build/Intermediates.noindex/swift-collections.build/Debug-iphonesimulator/DequeModule.build/Objects-normal/arm64/DequeModule-OutputFileMap.json (in target 'DequeModule' from project 'swift-collections')
    cd /Users/runner/Library/Developer/Xcode/DerivedData/Sanvya-bwihhsrkmjvgkfalnfskjfhhbvju/SourcePackages/checkouts/swift-collections
    write-file /Users/runner/Library/Developer/Xcode/DerivedData/Sanvya-bwihhsrkmjvgkfalnfskjfhhbvju/Build/Intermediates.noindex/swift-collections.build/Debug-iphonesimulator/DequeModule.build/Objects-normal/arm64/DequeModule-OutputFileMap.json

WriteAuxiliaryFile /Users/runner/Library/Developer/Xcode/DerivedData/Sanvya-bwihhsrkmjvgkfalnfskjfhhbvju/Build/Intermediates.noindex/swift-collections.build/Debug-iphonesimulator/DequeModule.build/DequeModule.modulemap (in target 'DequeModule' from project 'swift-collections')
    cd /Users/runner/Library/Developer/Xcode/DerivedData/Sanvya-bwihhsrkmjvgkfalnfskjfhhbvju/SourcePackages/checkouts/swift-collections
    write-file /Users/runner/Library/Developer/Xcode/DerivedData/Sanvya-bwihhsrkmjvgkfalnfskjfhhbvju/Build/Intermediates.noindex/swift-collections.build/Debug-iphonesimulator/DequeModule.build/DequeModule.modulemap

WriteAuxiliaryFile /Users/runner/Library/Developer/Xcode/DerivedData/Sanvya-bwihhsrkmjvgkfalnfskjfhhbvju/Build/Intermediates.noindex/swift-collections.build/Debug-iphonesimulator/DequeModule.build/DequeModule.DependencyStaticMetadataFileList (in target 'DequeModule' from project 'swift-collections')
    cd /Users/runner/Library/Developer/Xcode/DerivedData/Sanvya-bwihhsrkmjvgkfalnfskjfhhbvju/SourcePackages/checkouts/swift-collections
    write-file /Users/runner/Library/Developer/Xcode/DerivedData/Sanvya-bwihhsrkmjvgkfalnfskjfhhbvju/Build/Intermediates.noindex/swift-collections.build/Debug-iphonesimulator/DequeModule.build/DequeModule.DependencyStaticMetadataFileList

WriteAuxiliaryFile /Users/runner/Library/Developer/Xcode/DerivedData/Sanvya-bwihhsrkmjvgkfalnfskjfhhbvju/Build/Intermediates.noindex/swift-collections.build/Debug-iphonesimulator/DequeModule.build/DequeModule.DependencyMetadataFileList (in target 'DequeModule' from project 'swift-collections')
    cd /Users/runner/Library/Developer/Xcode/DerivedData/Sanvya-bwihhsrkmjvgkfalnfskjfhhbvju/SourcePackages/checkouts/swift-collections
    write-file /Users/runner/Library/Developer/Xcode/DerivedData/Sanvya-bwihhsrkmjvgkfalnfskjfhhbvju/Build/Intermediates.noindex/swift-collections.build/Debug-iphonesimulator/DequeModule.build/DequeModule.DependencyMetadataFileList

Copy /Users/runner/Library/Developer/Xcode/DerivedData/Sanvya-bwihhsrkmjvgkfalnfskjfhhbvju/Build/Intermediates.noindex/GeneratedModuleMaps-iphonesimulator/DequeModule.modulemap /Users/runner/Library/Developer/Xcode/DerivedData/Sanvya-bwihhsrkmjvgkfalnfskjfhhbvju/Build/Intermediates.noindex/swift-collections.build/Debug-iphonesimulator/DequeModule.build/DequeModule.modulemap (in target 'DequeModule' from project 'swift-collections')
    cd /Users/runner/Library/Developer/Xcode/DerivedData/Sanvya-bwihhsrkmjvgkfalnfskjfhhbvju/SourcePackages/checkouts/swift-collections
    builtin-copy -exclude .DS_Store -exclude CVS -exclude .svn -exclude .git -exclude .hg -resolve-src-symlinks /Users/runner/Library/Developer/Xcode/DerivedData/Sanvya-bwihhsrkmjvgkfalnfskjfhhbvju/Build/Intermediates.noindex/swift-collections.build/Debug-iphonesimulator/DequeModule.build/DequeModule.modulemap /Users/runner/Library/Developer/Xcode/DerivedData/Sanvya-bwihhsrkmjvgkfalnfskjfhhbvju/Build/Intermediates.noindex/GeneratedModuleMaps-iphonesimulator

WriteAuxiliaryFile /Users/runner/Library/Developer/Xcode/DerivedData/Sanvya-bwihhsrkmjvgkfalnfskjfhhbvju/Build/Intermediates.noindex/Data.build/Debug-iphonesimulator/Data.build/Objects-normal/arm64/Data_const_extract_protocols.json (in target 'Data' from project 'Data')
    cd /Users/runner/work/pocketcare-app/pocketcare-app/apps/ios/Data
    write-file /Users/runner/Library/Developer/Xcode/DerivedData/Sanvya-bwihhsrkmjvgkfalnfskjfhhbvju/Build/Intermediates.noindex/Data.build/Debug-iphonesimulator/Data.build/Objects-normal/arm64/Data_const_extract_protocols.json

WriteAuxiliaryFile /Users/runner/Library/Developer/Xcode/DerivedData/Sanvya-bwihhsrkmjvgkfalnfskjfhhbvju/Build/Intermediates.noindex/Data.build/Debug-iphonesimulator/Data.build/Objects-normal/arm64/Data.SwiftFileList (in target 'Data' from project 'Data')
    cd /Users/runner/work/pocketcare-app/pocketcare-app/apps/ios/Data
    write-file /Users/runner/Library/Developer/Xcode/DerivedData/Sanvya-bwihhsrkmjvgkfalnfskjfhhbvju/Build/Intermediates.noindex/Data.build/Debug-iphonesimulator/Data.build/Objects-normal/arm64/Data.SwiftFileList

WriteAuxiliaryFile /Users/runner/Library/Developer/Xcode/DerivedData/Sanvya-bwihhsrkmjvgkfalnfskjfhhbvju/Build/Intermediates.noindex/Data.build/Debug-iphonesimulator/Data.build/Objects-normal/arm64/Data.SwiftConstValuesFileList (in target 'Data' from project 'Data')
    cd /Users/runner/work/pocketcare-app/pocketcare-app/apps/ios/Data
    write-file /Users/runner/Library/Developer/Xcode/DerivedData/Sanvya-bwihhsrkmjvgkfalnfskjfhhbvju/Build/Intermediates.noindex/Data.build/Debug-iphonesimulator/Data.build/Objects-normal/arm64/Data.SwiftConstValuesFileList

WriteAuxiliaryFile /Users/runner/Library/Developer/Xcode/DerivedData/Sanvya-bwihhsrkmjvgkfalnfskjfhhbvju/Build/Intermediates.noindex/Data.build/Debug-iphonesimulator/Data.build/Objects-normal/arm64/Data.LinkFileList (in target 'Data' from project 'Data')
    cd /Users/runner/work/pocketcare-app/pocketcare-app/apps/ios/Data
    write-file /Users/runner/Library/Developer/Xcode/DerivedData/Sanvya-bwihhsrkmjvgkfalnfskjfhhbvju/Build/Intermediates.noindex/Data.build/Debug-iphonesimulator/Data.build/Objects-normal/arm64/Data.LinkFileList

WriteAuxiliaryFile /Users/runner/Library/Developer/Xcode/DerivedData/Sanvya-bwihhsrkmjvgkfalnfskjfhhbvju/Build/Intermediates.noindex/Data.build/Debug-iphonesimulator/Data.build/Objects-normal/arm64/Data-OutputFileMap.json (in target 'Data' from project 'Data')
    cd /Users/runner/work/pocketcare-app/pocketcare-app/apps/ios/Data
    write-file /Users/runner/Library/Developer/Xcode/DerivedData/Sanvya-bwihhsrkmjvgkfalnfskjfhhbvju/Build/Intermediates.noindex/Data.build/Debug-iphonesimulator/Data.build/Objects-normal/arm64/Data-OutputFileMap.json

WriteAuxiliaryFile /Users/runner/Library/Developer/Xcode/DerivedData/Sanvya-bwihhsrkmjvgkfalnfskjfhhbvju/Build/Intermediates.noindex/Data.build/Debug-iphonesimulator/Data.build/Data.modulemap (in target 'Data' from project 'Data')
    cd /Users/runner/work/pocketcare-app/pocketcare-app/apps/ios/Data
    write-file /Users/runner/Library/Developer/Xcode/DerivedData/Sanvya-bwihhsrkmjvgkfalnfskjfhhbvju/Build/Intermediates.noindex/Data.build/Debug-iphonesimulator/Data.build/Data.modulemap

WriteAuxiliaryFile /Users/runner/Library/Developer/Xcode/DerivedData/Sanvya-bwihhsrkmjvgkfalnfskjfhhbvju/Build/Intermediates.noindex/Data.build/Debug-iphonesimulator/Data.build/Data.DependencyStaticMetadataFileList (in target 'Data' from project 'Data')
    cd /Users/runner/work/pocketcare-app/pocketcare-app/apps/ios/Data
    write-file /Users/runner/Library/Developer/Xcode/DerivedData/Sanvya-bwihhsrkmjvgkfalnfskjfhhbvju/Build/Intermediates.noindex/Data.build/Debug-iphonesimulator/Data.build/Data.DependencyStaticMetadataFileList

WriteAuxiliaryFile /Users/runner/Library/Developer/Xcode/DerivedData/Sanvya-bwihhsrkmjvgkfalnfskjfhhbvju/Build/Intermediates.noindex/Data.build/Debug-iphonesimulator/Data.build/Data.DependencyMetadataFileList (in target 'Data' from project 'Data')
    cd /Users/runner/work/pocketcare-app/pocketcare-app/apps/ios/Data
    write-file /Users/runner/Library/Developer/Xcode/DerivedData/Sanvya-bwihhsrkmjvgkfalnfskjfhhbvju/Build/Intermediates.noindex/Data.build/Debug-iphonesimulator/Data.build/Data.DependencyMetadataFileList

Copy /Users/runner/Library/Developer/Xcode/DerivedData/Sanvya-bwihhsrkmjvgkfalnfskjfhhbvju/Build/Intermediates.noindex/GeneratedModuleMaps-iphonesimulator/Data.modulemap /Users/runner/Library/Developer/Xcode/DerivedData/Sanvya-bwihhsrkmjvgkfalnfskjfhhbvju/Build/Intermediates.noindex/Data.build/Debug-iphonesimulator/Data.build/Data.modulemap (in target 'Data' from project 'Data')
    cd /Users/runner/work/pocketcare-app/pocketcare-app/apps/ios/Data
    builtin-copy -exclude .DS_Store -exclude CVS -exclude .svn -exclude .git -exclude .hg -resolve-src-symlinks /Users/runner/Library/Developer/Xcode/DerivedData/Sanvya-bwihhsrkmjvgkfalnfskjfhhbvju/Build/Intermediates.noindex/Data.build/Debug-iphonesimulator/Data.build/Data.modulemap /Users/runner/Library/Developer/Xcode/DerivedData/Sanvya-bwihhsrkmjvgkfalnfskjfhhbvju/Build/Intermediates.noindex/GeneratedModuleMaps-iphonesimulator

WriteAuxiliaryFile /Users/runner/Library/Developer/Xcode/DerivedData/Sanvya-bwihhsrkmjvgkfalnfskjfhhbvju/Build/Intermediates.noindex/swift-crypto.build/Debug-iphonesimulator/Crypto.build/Objects-normal/arm64/Crypto_const_extract_protocols.json (in target 'Crypto' from project 'swift-crypto')
    cd /Users/runner/Library/Developer/Xcode/DerivedData/Sanvya-bwihhsrkmjvgkfalnfskjfhhbvju/SourcePackages/checkouts/swift-crypto
    write-file /Users/runner/Library/Developer/Xcode/DerivedData/Sanvya-bwihhsrkmjvgkfalnfskjfhhbvju/Build/Intermediates.noindex/swift-crypto.build/Debug-iphonesimulator/Crypto.build/Objects-normal/arm64/Crypto_const_extract_protocols.json

WriteAuxiliaryFile /Users/runner/Library/Developer/Xcode/DerivedData/Sanvya-bwihhsrkmjvgkfalnfskjfhhbvju/Build/Intermediates.noindex/swift-crypto.build/Debug-iphonesimulator/Crypto.build/Objects-normal/arm64/Crypto.SwiftFileList (in target 'Crypto' from project 'swift-crypto')
    cd /Users/runner/Library/Developer/Xcode/DerivedData/Sanvya-bwihhsrkmjvgkfalnfskjfhhbvju/SourcePackages/checkouts/swift-crypto
    write-file /Users/runner/Library/Developer/Xcode/DerivedData/Sanvya-bwihhsrkmjvgkfalnfskjfhhbvju/Build/Intermediates.noindex/swift-crypto.build/Debug-iphonesimulator/Crypto.build/Objects-normal/arm64/Crypto.SwiftFileList

WriteAuxiliaryFile /Users/runner/Library/Developer/Xcode/DerivedData/Sanvya-bwihhsrkmjvgkfalnfskjfhhbvju/Build/Intermediates.noindex/swift-crypto.build/Debug-iphonesimulator/Crypto.build/Objects-normal/arm64/Crypto.SwiftConstValuesFileList (in target 'Crypto' from project 'swift-crypto')
    cd /Users/runner/Library/Developer/Xcode/DerivedData/Sanvya-bwihhsrkmjvgkfalnfskjfhhbvju/SourcePackages/checkouts/swift-crypto
    write-file /Users/runner/Library/Developer/Xcode/DerivedData/Sanvya-bwihhsrkmjvgkfalnfskjfhhbvju/Build/Intermediates.noindex/swift-crypto.build/Debug-iphonesimulator/Crypto.build/Objects-normal/arm64/Crypto.SwiftConstValuesFileList

WriteAuxiliaryFile /Users/runner/Library/Developer/Xcode/DerivedData/Sanvya-bwihhsrkmjvgkfalnfskjfhhbvju/Build/Intermediates.noindex/swift-crypto.build/Debug-iphonesimulator/Crypto.build/Objects-normal/arm64/Crypto.LinkFileList (in target 'Crypto' from project 'swift-crypto')
    cd /Users/runner/Library/Developer/Xcode/DerivedData/Sanvya-bwihhsrkmjvgkfalnfskjfhhbvju/SourcePackages/checkouts/swift-crypto
    write-file /Users/runner/Library/Developer/Xcode/DerivedData/Sanvya-bwihhsrkmjvgkfalnfskjfhhbvju/Build/Intermediates.noindex/swift-crypto.build/Debug-iphonesimulator/Crypto.build/Objects-normal/arm64/Crypto.LinkFileList

WriteAuxiliaryFile /Users/runner/Library/Developer/Xcode/DerivedData/Sanvya-bwihhsrkmjvgkfalnfskjfhhbvju/Build/Intermediates.noindex/swift-crypto.build/Debug-iphonesimulator/Crypto.build/Objects-normal/arm64/Crypto-OutputFileMap.json (in target 'Crypto' from project 'swift-crypto')
    cd /Users/runner/Library/Developer/Xcode/DerivedData/Sanvya-bwihhsrkmjvgkfalnfskjfhhbvju/SourcePackages/checkouts/swift-crypto
    write-file /Users/runner/Library/Developer/Xcode/DerivedData/Sanvya-bwihhsrkmjvgkfalnfskjfhhbvju/Build/Intermediates.noindex/swift-crypto.build/Debug-iphonesimulator/Crypto.build/Objects-normal/arm64/Crypto-OutputFileMap.json

WriteAuxiliaryFile /Users/runner/Library/Developer/Xcode/DerivedData/Sanvya-bwihhsrkmjvgkfalnfskjfhhbvju/Build/Intermediates.noindex/swift-crypto.build/Debug-iphonesimulator/Crypto.build/DerivedSources/resource_bundle_accessor.swift (in target 'Crypto' from project 'swift-crypto')
    cd /Users/runner/Library/Developer/Xcode/DerivedData/Sanvya-bwihhsrkmjvgkfalnfskjfhhbvju/SourcePackages/checkouts/swift-crypto
    write-file /Users/runner/Library/Developer/Xcode/DerivedData/Sanvya-bwihhsrkmjvgkfalnfskjfhhbvju/Build/Intermediates.noindex/swift-crypto.build/Debug-iphonesimulator/Crypto.build/DerivedSources/resource_bundle_accessor.swift

WriteAuxiliaryFile /Users/runner/Library/Developer/Xcode/DerivedData/Sanvya-bwihhsrkmjvgkfalnfskjfhhbvju/Build/Intermediates.noindex/swift-crypto.build/Debug-iphonesimulator/Crypto.build/Crypto.modulemap (in target 'Crypto' from project 'swift-crypto')
    cd /Users/runner/Library/Developer/Xcode/DerivedData/Sanvya-bwihhsrkmjvgkfalnfskjfhhbvju/SourcePackages/checkouts/swift-crypto
    write-file /Users/runner/Library/Developer/Xcode/DerivedData/Sanvya-bwihhsrkmjvgkfalnfskjfhhbvju/Build/Intermediates.noindex/swift-crypto.build/Debug-iphonesimulator/Crypto.build/Crypto.modulemap

WriteAuxiliaryFile /Users/runner/Library/Developer/Xcode/DerivedData/Sanvya-bwihhsrkmjvgkfalnfskjfhhbvju/Build/Intermediates.noindex/swift-crypto.build/Debug-iphonesimulator/Crypto.build/Crypto.DependencyStaticMetadataFileList (in target 'Crypto' from project 'swift-crypto')
    cd /Users/runner/Library/Developer/Xcode/DerivedData/Sanvya-bwihhsrkmjvgkfalnfskjfhhbvju/SourcePackages/checkouts/swift-crypto
    write-file /Users/runner/Library/Developer/Xcode/DerivedData/Sanvya-bwihhsrkmjvgkfalnfskjfhhbvju/Build/Intermediates.noindex/swift-crypto.build/Debug-iphonesimulator/Crypto.build/Crypto.DependencyStaticMetadataFileList

WriteAuxiliaryFile /Users/runner/Library/Developer/Xcode/DerivedData/Sanvya-bwihhsrkmjvgkfalnfskjfhhbvju/Build/Intermediates.noindex/swift-crypto.build/Debug-iphonesimulator/Crypto.build/Crypto.DependencyMetadataFileList (in target 'Crypto' from project 'swift-crypto')
    cd /Users/runner/Library/Developer/Xcode/DerivedData/Sanvya-bwihhsrkmjvgkfalnfskjfhhbvju/SourcePackages/checkouts/swift-crypto
    write-file /Users/runner/Library/Developer/Xcode/DerivedData/Sanvya-bwihhsrkmjvgkfalnfskjfhhbvju/Build/Intermediates.noindex/swift-crypto.build/Debug-iphonesimulator/Crypto.build/Crypto.DependencyMetadataFileList

Copy /Users/runner/Library/Developer/Xcode/DerivedData/Sanvya-bwihhsrkmjvgkfalnfskjfhhbvju/Build/Intermediates.noindex/GeneratedModuleMaps-iphonesimulator/Crypto.modulemap /Users/runner/Library/Developer/Xcode/DerivedData/Sanvya-bwihhsrkmjvgkfalnfskjfhhbvju/Build/Intermediates.noindex/swift-crypto.build/Debug-iphonesimulator/Crypto.build/Crypto.modulemap (in target 'Crypto' from project 'swift-crypto')
    cd /Users/runner/Library/Developer/Xcode/DerivedData/Sanvya-bwihhsrkmjvgkfalnfskjfhhbvju/SourcePackages/checkouts/swift-crypto
    builtin-copy -exclude .DS_Store -exclude CVS -exclude .svn -exclude .git -exclude .hg -resolve-src-symlinks /Users/runner/Library/Developer/Xcode/DerivedData/Sanvya-bwihhsrkmjvgkfalnfskjfhhbvju/Build/Intermediates.noindex/swift-crypto.build/Debug-iphonesimulator/Crypto.build/Crypto.modulemap /Users/runner/Library/Developer/Xcode/DerivedData/Sanvya-bwihhsrkmjvgkfalnfskjfhhbvju/Build/Intermediates.noindex/GeneratedModuleMaps-iphonesimulator

WriteAuxiliaryFile /Users/runner/Library/Developer/Xcode/DerivedData/Sanvya-bwihhsrkmjvgkfalnfskjfhhbvju/Build/Intermediates.noindex/swift-collections.build/Debug-iphonesimulator/ContainersPreview.build/Objects-normal/arm64/ContainersPreview_const_extract_protocols.json (in target 'ContainersPreview' from project 'swift-collections')
    cd /Users/runner/Library/Developer/Xcode/DerivedData/Sanvya-bwihhsrkmjvgkfalnfskjfhhbvju/SourcePackages/checkouts/swift-collections
    write-file /Users/runner/Library/Developer/Xcode/DerivedData/Sanvya-bwihhsrkmjvgkfalnfskjfhhbvju/Build/Intermediates.noindex/swift-collections.build/Debug-iphonesimulator/ContainersPreview.build/Objects-normal/arm64/ContainersPreview_const_extract_protocols.json

WriteAuxiliaryFile /Users/runner/Library/Developer/Xcode/DerivedData/Sanvya-bwihhsrkmjvgkfalnfskjfhhbvju/Build/Intermediates.noindex/swift-collections.build/Debug-iphonesimulator/ContainersPreview.build/Objects-normal/arm64/ContainersPreview.SwiftFileList (in target 'ContainersPreview' from project 'swift-collections')
    cd /Users/runner/Library/Developer/Xcode/DerivedData/Sanvya-bwihhsrkmjvgkfalnfskjfhhbvju/SourcePackages/checkouts/swift-collections
    write-file /Users/runner/Library/Developer/Xcode/DerivedData/Sanvya-bwihhsrkmjvgkfalnfskjfhhbvju/Build/Intermediates.noindex/swift-collections.build/Debug-iphonesimulator/ContainersPreview.build/Objects-normal/arm64/ContainersPreview.SwiftFileList

WriteAuxiliaryFile /Users/runner/Library/Developer/Xcode/DerivedData/Sanvya-bwihhsrkmjvgkfalnfskjfhhbvju/Build/Intermediates.noindex/swift-collections.build/Debug-iphonesimulator/ContainersPreview.build/Objects-normal/arm64/ContainersPreview.SwiftConstValuesFileList (in target 'ContainersPreview' from project 'swift-collections')
    cd /Users/runner/Library/Developer/Xcode/DerivedData/Sanvya-bwihhsrkmjvgkfalnfskjfhhbvju/SourcePackages/checkouts/swift-collections
    write-file /Users/runner/Library/Developer/Xcode/DerivedData/Sanvya-bwihhsrkmjvgkfalnfskjfhhbvju/Build/Intermediates.noindex/swift-collections.build/Debug-iphonesimulator/ContainersPreview.build/Objects-normal/arm64/ContainersPreview.SwiftConstValuesFileList

WriteAuxiliaryFile /Users/runner/Library/Developer/Xcode/DerivedData/Sanvya-bwihhsrkmjvgkfalnfskjfhhbvju/Build/Intermediates.noindex/swift-collections.build/Debug-iphonesimulator/ContainersPreview.build/Objects-normal/arm64/ContainersPreview.LinkFileList (in target 'ContainersPreview' from project 'swift-collections')
    cd /Users/runner/Library/Developer/Xcode/DerivedData/Sanvya-bwihhsrkmjvgkfalnfskjfhhbvju/SourcePackages/checkouts/swift-collections
    write-file /Users/runner/Library/Developer/Xcode/DerivedData/Sanvya-bwihhsrkmjvgkfalnfskjfhhbvju/Build/Intermediates.noindex/swift-collections.build/Debug-iphonesimulator/ContainersPreview.build/Objects-normal/arm64/ContainersPreview.LinkFileList

WriteAuxiliaryFile /Users/runner/Library/Developer/Xcode/DerivedData/Sanvya-bwihhsrkmjvgkfalnfskjfhhbvju/Build/Intermediates.noindex/swift-collections.build/Debug-iphonesimulator/ContainersPreview.build/Objects-normal/arm64/ContainersPreview-OutputFileMap.json (in target 'ContainersPreview' from project 'swift-collections')
    cd /Users/runner/Library/Developer/Xcode/DerivedData/Sanvya-bwihhsrkmjvgkfalnfskjfhhbvju/SourcePackages/checkouts/swift-collections
    write-file /Users/runner/Library/Developer/Xcode/DerivedData/Sanvya-bwihhsrkmjvgkfalnfskjfhhbvju/Build/Intermediates.noindex/swift-collections.build/Debug-iphonesimulator/ContainersPreview.build/Objects-normal/arm64/ContainersPreview-OutputFileMap.json

WriteAuxiliaryFile /Users/runner/Library/Developer/Xcode/DerivedData/Sanvya-bwihhsrkmjvgkfalnfskjfhhbvju/Build/Intermediates.noindex/swift-collections.build/Debug-iphonesimulator/ContainersPreview.build/ContainersPreview.modulemap (in target 'ContainersPreview' from project 'swift-collections')
    cd /Users/runner/Library/Developer/Xcode/DerivedData/Sanvya-bwihhsrkmjvgkfalnfskjfhhbvju/SourcePackages/checkouts/swift-collections
    write-file /Users/runner/Library/Developer/Xcode/DerivedData/Sanvya-bwihhsrkmjvgkfalnfskjfhhbvju/Build/Intermediates.noindex/swift-collections.build/Debug-iphonesimulator/ContainersPreview.build/ContainersPreview.modulemap

WriteAuxiliaryFile /Users/runner/Library/Developer/Xcode/DerivedData/Sanvya-bwihhsrkmjvgkfalnfskjfhhbvju/Build/Intermediates.noindex/swift-collections.build/Debug-iphonesimulator/ContainersPreview.build/ContainersPreview.DependencyStaticMetadataFileList (in target 'ContainersPreview' from project 'swift-collections')
    cd /Users/runner/Library/Developer/Xcode/DerivedData/Sanvya-bwihhsrkmjvgkfalnfskjfhhbvju/SourcePackages/checkouts/swift-collections
    write-file /Users/runner/Library/Developer/Xcode/DerivedData/Sanvya-bwihhsrkmjvgkfalnfskjfhhbvju/Build/Intermediates.noindex/swift-collections.build/Debug-iphonesimulator/ContainersPreview.build/ContainersPreview.DependencyStaticMetadataFileList

WriteAuxiliaryFile /Users/runner/Library/Developer/Xcode/DerivedData/Sanvya-bwihhsrkmjvgkfalnfskjfhhbvju/Build/Intermediates.noindex/swift-collections.build/Debug-iphonesimulator/ContainersPreview.build/ContainersPreview.DependencyMetadataFileList (in target 'ContainersPreview' from project 'swift-collections')
    cd /Users/runner/Library/Developer/Xcode/DerivedData/Sanvya-bwihhsrkmjvgkfalnfskjfhhbvju/SourcePackages/checkouts/swift-collections
    write-file /Users/runner/Library/Developer/Xcode/DerivedData/Sanvya-bwihhsrkmjvgkfalnfskjfhhbvju/Build/Intermediates.noindex/swift-collections.build/Debug-iphonesimulator/ContainersPreview.build/ContainersPreview.DependencyMetadataFileList

Copy /Users/runner/Library/Developer/Xcode/DerivedData/Sanvya-bwihhsrkmjvgkfalnfskjfhhbvju/Build/Intermediates.noindex/GeneratedModuleMaps-iphonesimulator/ContainersPreview.modulemap /Users/runner/Library/Developer/Xcode/DerivedData/Sanvya-bwihhsrkmjvgkfalnfskjfhhbvju/Build/Intermediates.noindex/swift-collections.build/Debug-iphonesimulator/ContainersPreview.build/ContainersPreview.modulemap (in target 'ContainersPreview' from project 'swift-collections')
    cd /Users/runner/Library/Developer/Xcode/DerivedData/Sanvya-bwihhsrkmjvgkfalnfskjfhhbvju/SourcePackages/checkouts/swift-collections
    builtin-copy -exclude .DS_Store -exclude CVS -exclude .svn -exclude .git -exclude .hg -resolve-src-symlinks /Users/runner/Library/Developer/Xcode/DerivedData/Sanvya-bwihhsrkmjvgkfalnfskjfhhbvju/Build/Intermediates.noindex/swift-collections.build/Debug-iphonesimulator/ContainersPreview.build/ContainersPreview.modulemap /Users/runner/Library/Developer/Xcode/DerivedData/Sanvya-bwihhsrkmjvgkfalnfskjfhhbvju/Build/Intermediates.noindex/GeneratedModuleMaps-iphonesimulator

WriteAuxiliaryFile /Users/runner/Library/Developer/Xcode/DerivedData/Sanvya-bwihhsrkmjvgkfalnfskjfhhbvju/Build/Intermediates.noindex/swift-concurrency-extras.build/Debug-iphonesimulator/ConcurrencyExtras.build/Objects-normal/arm64/ConcurrencyExtras_const_extract_protocols.json (in target 'ConcurrencyExtras' from project 'swift-concurrency-extras')
    cd /Users/runner/Library/Developer/Xcode/DerivedData/Sanvya-bwihhsrkmjvgkfalnfskjfhhbvju/SourcePackages/checkouts/swift-concurrency-extras
    write-file /Users/runner/Library/Developer/Xcode/DerivedData/Sanvya-bwihhsrkmjvgkfalnfskjfhhbvju/Build/Intermediates.noindex/swift-concurrency-extras.build/Debug-iphonesimulator/ConcurrencyExtras.build/Objects-normal/arm64/ConcurrencyExtras_const_extract_protocols.json

WriteAuxiliaryFile /Users/runner/Library/Developer/Xcode/DerivedData/Sanvya-bwihhsrkmjvgkfalnfskjfhhbvju/Build/Intermediates.noindex/swift-concurrency-extras.build/Debug-iphonesimulator/ConcurrencyExtras.build/Objects-normal/arm64/ConcurrencyExtras.SwiftFileList (in target 'ConcurrencyExtras' from project 'swift-concurrency-extras')
    cd /Users/runner/Library/Developer/Xcode/DerivedData/Sanvya-bwihhsrkmjvgkfalnfskjfhhbvju/SourcePackages/checkouts/swift-concurrency-extras
    write-file /Users/runner/Library/Developer/Xcode/DerivedData/Sanvya-bwihhsrkmjvgkfalnfskjfhhbvju/Build/Intermediates.noindex/swift-concurrency-extras.build/Debug-iphonesimulator/ConcurrencyExtras.build/Objects-normal/arm64/ConcurrencyExtras.SwiftFileList

WriteAuxiliaryFile /Users/runner/Library/Developer/Xcode/DerivedData/Sanvya-bwihhsrkmjvgkfalnfskjfhhbvju/Build/Intermediates.noindex/swift-concurrency-extras.build/Debug-iphonesimulator/ConcurrencyExtras.build/Objects-normal/arm64/ConcurrencyExtras.SwiftConstValuesFileList (in target 'ConcurrencyExtras' from project 'swift-concurrency-extras')
    cd /Users/runner/Library/Developer/Xcode/DerivedData/Sanvya-bwihhsrkmjvgkfalnfskjfhhbvju/SourcePackages/checkouts/swift-concurrency-extras
    write-file /Users/runner/Library/Developer/Xcode/DerivedData/Sanvya-bwihhsrkmjvgkfalnfskjfhhbvju/Build/Intermediates.noindex/swift-concurrency-extras.build/Debug-iphonesimulator/ConcurrencyExtras.build/Objects-normal/arm64/ConcurrencyExtras.SwiftConstValuesFileList

WriteAuxiliaryFile /Users/runner/Library/Developer/Xcode/DerivedData/Sanvya-bwihhsrkmjvgkfalnfskjfhhbvju/Build/Intermediates.noindex/swift-concurrency-extras.build/Debug-iphonesimulator/ConcurrencyExtras.build/Objects-normal/arm64/ConcurrencyExtras.LinkFileList (in target 'ConcurrencyExtras' from project 'swift-concurrency-extras')
    cd /Users/runner/Library/Developer/Xcode/DerivedData/Sanvya-bwihhsrkmjvgkfalnfskjfhhbvju/SourcePackages/checkouts/swift-concurrency-extras
    write-file /Users/runner/Library/Developer/Xcode/DerivedData/Sanvya-bwihhsrkmjvgkfalnfskjfhhbvju/Build/Intermediates.noindex/swift-concurrency-extras.build/Debug-iphonesimulator/ConcurrencyExtras.build/Objects-normal/arm64/ConcurrencyExtras.LinkFileList

WriteAuxiliaryFile /Users/runner/Library/Developer/Xcode/DerivedData/Sanvya-bwihhsrkmjvgkfalnfskjfhhbvju/Build/Intermediates.noindex/swift-concurrency-extras.build/Debug-iphonesimulator/ConcurrencyExtras.build/Objects-normal/arm64/ConcurrencyExtras-OutputFileMap.json (in target 'ConcurrencyExtras' from project 'swift-concurrency-extras')
    cd /Users/runner/Library/Developer/Xcode/DerivedData/Sanvya-bwihhsrkmjvgkfalnfskjfhhbvju/SourcePackages/checkouts/swift-concurrency-extras
    write-file /Users/runner/Library/Developer/Xcode/DerivedData/Sanvya-bwihhsrkmjvgkfalnfskjfhhbvju/Build/Intermediates.noindex/swift-concurrency-extras.build/Debug-iphonesimulator/ConcurrencyExtras.build/Objects-normal/arm64/ConcurrencyExtras-OutputFileMap.json

WriteAuxiliaryFile /Users/runner/Library/Developer/Xcode/DerivedData/Sanvya-bwihhsrkmjvgkfalnfskjfhhbvju/Build/Intermediates.noindex/swift-concurrency-extras.build/Debug-iphonesimulator/ConcurrencyExtras.build/ConcurrencyExtras.modulemap (in target 'ConcurrencyExtras' from project 'swift-concurrency-extras')
    cd /Users/runner/Library/Developer/Xcode/DerivedData/Sanvya-bwihhsrkmjvgkfalnfskjfhhbvju/SourcePackages/checkouts/swift-concurrency-extras
    write-file /Users/runner/Library/Developer/Xcode/DerivedData/Sanvya-bwihhsrkmjvgkfalnfskjfhhbvju/Build/Intermediates.noindex/swift-concurrency-extras.build/Debug-iphonesimulator/ConcurrencyExtras.build/ConcurrencyExtras.modulemap

WriteAuxiliaryFile /Users/runner/Library/Developer/Xcode/DerivedData/Sanvya-bwihhsrkmjvgkfalnfskjfhhbvju/Build/Intermediates.noindex/swift-concurrency-extras.build/Debug-iphonesimulator/ConcurrencyExtras.build/ConcurrencyExtras.DependencyStaticMetadataFileList (in target 'ConcurrencyExtras' from project 'swift-concurrency-extras')
    cd /Users/runner/Library/Developer/Xcode/DerivedData/Sanvya-bwihhsrkmjvgkfalnfskjfhhbvju/SourcePackages/checkouts/swift-concurrency-extras
    write-file /Users/runner/Library/Developer/Xcode/DerivedData/Sanvya-bwihhsrkmjvgkfalnfskjfhhbvju/Build/Intermediates.noindex/swift-concurrency-extras.build/Debug-iphonesimulator/ConcurrencyExtras.build/ConcurrencyExtras.DependencyStaticMetadataFileList

WriteAuxiliaryFile /Users/runner/Library/Developer/Xcode/DerivedData/Sanvya-bwihhsrkmjvgkfalnfskjfhhbvju/Build/Intermediates.noindex/swift-concurrency-extras.build/Debug-iphonesimulator/ConcurrencyExtras.build/ConcurrencyExtras.DependencyMetadataFileList (in target 'ConcurrencyExtras' from project 'swift-concurrency-extras')
    cd /Users/runner/Library/Developer/Xcode/DerivedData/Sanvya-bwihhsrkmjvgkfalnfskjfhhbvju/SourcePackages/checkouts/swift-concurrency-extras
    write-file /Users/runner/Library/Developer/Xcode/DerivedData/Sanvya-bwihhsrkmjvgkfalnfskjfhhbvju/Build/Intermediates.noindex/swift-concurrency-extras.build/Debug-iphonesimulator/ConcurrencyExtras.build/ConcurrencyExtras.DependencyMetadataFileList

Copy /Users/runner/Library/Developer/Xcode/DerivedData/Sanvya-bwihhsrkmjvgkfalnfskjfhhbvju/Build/Intermediates.noindex/GeneratedModuleMaps-iphonesimulator/ConcurrencyExtras.modulemap /Users/runner/Library/Developer/Xcode/DerivedData/Sanvya-bwihhsrkmjvgkfalnfskjfhhbvju/Build/Intermediates.noindex/swift-concurrency-extras.build/Debug-iphonesimulator/ConcurrencyExtras.build/ConcurrencyExtras.modulemap (in target 'ConcurrencyExtras' from project 'swift-concurrency-extras')
    cd /Users/runner/Library/Developer/Xcode/DerivedData/Sanvya-bwihhsrkmjvgkfalnfskjfhhbvju/SourcePackages/checkouts/swift-concurrency-extras
    builtin-copy -exclude .DS_Store -exclude CVS -exclude .svn -exclude .git -exclude .hg -resolve-src-symlinks /Users/runner/Library/Developer/Xcode/DerivedData/Sanvya-bwihhsrkmjvgkfalnfskjfhhbvju/Build/Intermediates.noindex/swift-concurrency-extras.build/Debug-iphonesimulator/ConcurrencyExtras.build/ConcurrencyExtras.modulemap /Users/runner/Library/Developer/Xcode/DerivedData/Sanvya-bwihhsrkmjvgkfalnfskjfhhbvju/Build/Intermediates.noindex/GeneratedModuleMaps-iphonesimulator

WriteAuxiliaryFile /Users/runner/Library/Developer/Xcode/DerivedData/Sanvya-bwihhsrkmjvgkfalnfskjfhhbvju/Build/Intermediates.noindex/swift-clocks.build/Debug-iphonesimulator/Clocks.build/Objects-normal/arm64/Clocks_const_extract_protocols.json (in target 'Clocks' from project 'swift-clocks')
    cd /Users/runner/Library/Developer/Xcode/DerivedData/Sanvya-bwihhsrkmjvgkfalnfskjfhhbvju/SourcePackages/checkouts/swift-clocks
    write-file /Users/runner/Library/Developer/Xcode/DerivedData/Sanvya-bwihhsrkmjvgkfalnfskjfhhbvju/Build/Intermediates.noindex/swift-clocks.build/Debug-iphonesimulator/Clocks.build/Objects-normal/arm64/Clocks_const_extract_protocols.json

WriteAuxiliaryFile /Users/runner/Library/Developer/Xcode/DerivedData/Sanvya-bwihhsrkmjvgkfalnfskjfhhbvju/Build/Intermediates.noindex/swift-clocks.build/Debug-iphonesimulator/Clocks.build/Objects-normal/arm64/Clocks.SwiftFileList (in target 'Clocks' from project 'swift-clocks')
    cd /Users/runner/Library/Developer/Xcode/DerivedData/Sanvya-bwihhsrkmjvgkfalnfskjfhhbvju/SourcePackages/checkouts/swift-clocks
    write-file /Users/runner/Library/Developer/Xcode/DerivedData/Sanvya-bwihhsrkmjvgkfalnfskjfhhbvju/Build/Intermediates.noindex/swift-clocks.build/Debug-iphonesimulator/Clocks.build/Objects-normal/arm64/Clocks.SwiftFileList

WriteAuxiliaryFile /Users/runner/Library/Developer/Xcode/DerivedData/Sanvya-bwihhsrkmjvgkfalnfskjfhhbvju/Build/Intermediates.noindex/swift-clocks.build/Debug-iphonesimulator/Clocks.build/Objects-normal/arm64/Clocks.SwiftConstValuesFileList (in target 'Clocks' from project 'swift-clocks')
    cd /Users/runner/Library/Developer/Xcode/DerivedData/Sanvya-bwihhsrkmjvgkfalnfskjfhhbvju/SourcePackages/checkouts/swift-clocks
    write-file /Users/runner/Library/Developer/Xcode/DerivedData/Sanvya-bwihhsrkmjvgkfalnfskjfhhbvju/Build/Intermediates.noindex/swift-clocks.build/Debug-iphonesimulator/Clocks.build/Objects-normal/arm64/Clocks.SwiftConstValuesFileList

WriteAuxiliaryFile /Users/runner/Library/Developer/Xcode/DerivedData/Sanvya-bwihhsrkmjvgkfalnfskjfhhbvju/Build/Intermediates.noindex/swift-clocks.build/Debug-iphonesimulator/Clocks.build/Objects-normal/arm64/Clocks.LinkFileList (in target 'Clocks' from project 'swift-clocks')
    cd /Users/runner/Library/Developer/Xcode/DerivedData/Sanvya-bwihhsrkmjvgkfalnfskjfhhbvju/SourcePackages/checkouts/swift-clocks
    write-file /Users/runner/Library/Developer/Xcode/DerivedData/Sanvya-bwihhsrkmjvgkfalnfskjfhhbvju/Build/Intermediates.noindex/swift-clocks.build/Debug-iphonesimulator/Clocks.build/Objects-normal/arm64/Clocks.LinkFileList

WriteAuxiliaryFile /Users/runner/Library/Developer/Xcode/DerivedData/Sanvya-bwihhsrkmjvgkfalnfskjfhhbvju/Build/Intermediates.noindex/swift-clocks.build/Debug-iphonesimulator/Clocks.build/Objects-normal/arm64/Clocks-OutputFileMap.json (in target 'Clocks' from project 'swift-clocks')
    cd /Users/runner/Library/Developer/Xcode/DerivedData/Sanvya-bwihhsrkmjvgkfalnfskjfhhbvju/SourcePackages/checkouts/swift-clocks
    write-file /Users/runner/Library/Developer/Xcode/DerivedData/Sanvya-bwihhsrkmjvgkfalnfskjfhhbvju/Build/Intermediates.noindex/swift-clocks.build/Debug-iphonesimulator/Clocks.build/Objects-normal/arm64/Clocks-OutputFileMap.json

WriteAuxiliaryFile /Users/runner/Library/Developer/Xcode/DerivedData/Sanvya-bwihhsrkmjvgkfalnfskjfhhbvju/Build/Intermediates.noindex/swift-clocks.build/Debug-iphonesimulator/Clocks.build/Clocks.modulemap (in target 'Clocks' from project 'swift-clocks')
    cd /Users/runner/Library/Developer/Xcode/DerivedData/Sanvya-bwihhsrkmjvgkfalnfskjfhhbvju/SourcePackages/checkouts/swift-clocks
    write-file /Users/runner/Library/Developer/Xcode/DerivedData/Sanvya-bwihhsrkmjvgkfalnfskjfhhbvju/Build/Intermediates.noindex/swift-clocks.build/Debug-iphonesimulator/Clocks.build/Clocks.modulemap

WriteAuxiliaryFile /Users/runner/Library/Developer/Xcode/DerivedData/Sanvya-bwihhsrkmjvgkfalnfskjfhhbvju/Build/Intermediates.noindex/swift-clocks.build/Debug-iphonesimulator/Clocks.build/Clocks.DependencyStaticMetadataFileList (in target 'Clocks' from project 'swift-clocks')
    cd /Users/runner/Library/Developer/Xcode/DerivedData/Sanvya-bwihhsrkmjvgkfalnfskjfhhbvju/SourcePackages/checkouts/swift-clocks
    write-file /Users/runner/Library/Developer/Xcode/DerivedData/Sanvya-bwihhsrkmjvgkfalnfskjfhhbvju/Build/Intermediates.noindex/swift-clocks.build/Debug-iphonesimulator/Clocks.build/Clocks.DependencyStaticMetadataFileList

WriteAuxiliaryFile /Users/runner/Library/Developer/Xcode/DerivedData/Sanvya-bwihhsrkmjvgkfalnfskjfhhbvju/Build/Intermediates.noindex/swift-clocks.build/Debug-iphonesimulator/Clocks.build/Clocks.DependencyMetadataFileList (in target 'Clocks' from project 'swift-clocks')
    cd /Users/runner/Library/Developer/Xcode/DerivedData/Sanvya-bwihhsrkmjvgkfalnfskjfhhbvju/SourcePackages/checkouts/swift-clocks
    write-file /Users/runner/Library/Developer/Xcode/DerivedData/Sanvya-bwihhsrkmjvgkfalnfskjfhhbvju/Build/Intermediates.noindex/swift-clocks.build/Debug-iphonesimulator/Clocks.build/Clocks.DependencyMetadataFileList

Copy /Users/runner/Library/Developer/Xcode/DerivedData/Sanvya-bwihhsrkmjvgkfalnfskjfhhbvju/Build/Intermediates.noindex/GeneratedModuleMaps-iphonesimulator/Clocks.modulemap /Users/runner/Library/Developer/Xcode/DerivedData/Sanvya-bwihhsrkmjvgkfalnfskjfhhbvju/Build/Intermediates.noindex/swift-clocks.build/Debug-iphonesimulator/Clocks.build/Clocks.modulemap (in target 'Clocks' from project 'swift-clocks')
    cd /Users/runner/Library/Developer/Xcode/DerivedData/Sanvya-bwihhsrkmjvgkfalnfskjfhhbvju/SourcePackages/checkouts/swift-clocks
    builtin-copy -exclude .DS_Store -exclude CVS -exclude .svn -exclude .git -exclude .hg -resolve-src-symlinks /Users/runner/Library/Developer/Xcode/DerivedData/Sanvya-bwihhsrkmjvgkfalnfskjfhhbvju/Build/Intermediates.noindex/swift-clocks.build/Debug-iphonesimulator/Clocks.build/Clocks.modulemap /Users/runner/Library/Developer/Xcode/DerivedData/Sanvya-bwihhsrkmjvgkfalnfskjfhhbvju/Build/Intermediates.noindex/GeneratedModuleMaps-iphonesimulator

WriteAuxiliaryFile /Users/runner/Library/Developer/Xcode/DerivedData/Sanvya-bwihhsrkmjvgkfalnfskjfhhbvju/Build/Intermediates.noindex/CSQLite.build/Debug-iphonesimulator/CSQLite.build/Objects-normal/arm64/CSQLite.LinkFileList (in target 'CSQLite' from project 'CSQLite')
    cd /Users/runner/Library/Developer/Xcode/DerivedData/Sanvya-bwihhsrkmjvgkfalnfskjfhhbvju/SourcePackages/checkouts/CSQLite
    write-file /Users/runner/Library/Developer/Xcode/DerivedData/Sanvya-bwihhsrkmjvgkfalnfskjfhhbvju/Build/Intermediates.noindex/CSQLite.build/Debug-iphonesimulator/CSQLite.build/Objects-normal/arm64/CSQLite.LinkFileList

WriteAuxiliaryFile /Users/runner/Library/Developer/Xcode/DerivedData/Sanvya-bwihhsrkmjvgkfalnfskjfhhbvju/Build/Intermediates.noindex/CSQLite.build/Debug-iphonesimulator/CSQLite.build/Objects-normal/arm64/7187679823f38a2a940e0043cdf9d637-common-args.resp (in target 'CSQLite' from project 'CSQLite')
    cd /Users/runner/Library/Developer/Xcode/DerivedData/Sanvya-bwihhsrkmjvgkfalnfskjfhhbvju/SourcePackages/checkouts/CSQLite
    write-file /Users/runner/Library/Developer/Xcode/DerivedData/Sanvya-bwihhsrkmjvgkfalnfskjfhhbvju/Build/Intermediates.noindex/CSQLite.build/Debug-iphonesimulator/CSQLite.build/Objects-normal/arm64/7187679823f38a2a940e0043cdf9d637-common-args.resp
-fmodules -gmodules '-fmodules-cache-path=/Users/runner/Library/Developer/Xcode/DerivedData/ModuleCache.noindex' '-fmodule-name=CSQLite' -fpascal-strings -O0 -DSWIFT_PACKAGE '-DDEBUG=1' '-DHAVE_GETHOSTUUID=0' -DSQLITE_ENABLE_DBSTAT_VTAB -DSQLITE_ENABLE_FTS5 -DSQLITE_ENABLE_SNAPSHOT -DSQLITE_ENABLE_SESSION -DSQLITE_ENABLE_PREUPDATE_HOOK -g -I/Users/runner/Library/Developer/Xcode/DerivedData/Sanvya-bwihhsrkmjvgkfalnfskjfhhbvju/Build/Products/Debug-iphonesimulator/include -I/Users/runner/Library/Developer/Xcode/DerivedData/Sanvya-bwihhsrkmjvgkfalnfskjfhhbvju/SourcePackages/checkouts/CSQLite/Sources/CSQLite/include -I/Users/runner/Library/Developer/Xcode/DerivedData/Sanvya-bwihhsrkmjvgkfalnfskjfhhbvju/Build/Intermediates.noindex/CSQLite.build/Debug-iphonesimulator/CSQLite.build/DerivedSources-normal/arm64 -I/Users/runner/Library/Developer/Xcode/DerivedData/Sanvya-bwihhsrkmjvgkfalnfskjfhhbvju/Build/Intermediates.noindex/CSQLite.build/Debug-iphonesimulator/CSQLite.build/DerivedSources/arm64 -I/Users/runner/Library/Developer/Xcode/DerivedData/Sanvya-bwihhsrkmjvgkfalnfskjfhhbvju/Build/Intermediates.noindex/CSQLite.build/Debug-iphonesimulator/CSQLite.build/DerivedSources -F/Users/runner/Library/Developer/Xcode/DerivedData/Sanvya-bwihhsrkmjvgkfalnfskjfhhbvju/Build/Products/Debug-iphonesimulator -iframework /Applications/Xcode_26.6.app/Contents/Developer/Platforms/iPhoneSimulator.platform/Developer/Library/Frameworks -iframework /Applications/Xcode_26.6.app/Contents/Developer/Platforms/iPhoneSimulator.platform/Developer/SDKs/iPhoneSimulator26.5.sdk/Developer/Library/Frameworks -DXcode

WriteAuxiliaryFile /Users/runner/Library/Developer/Xcode/DerivedData/Sanvya-bwihhsrkmjvgkfalnfskjfhhbvju/Build/Intermediates.noindex/CSQLite.build/Debug-iphonesimulator/CSQLite.build/CSQLite.DependencyStaticMetadataFileList (in target 'CSQLite' from project 'CSQLite')
    cd /Users/runner/Library/Developer/Xcode/DerivedData/Sanvya-bwihhsrkmjvgkfalnfskjfhhbvju/SourcePackages/checkouts/CSQLite
    write-file /Users/runner/Library/Developer/Xcode/DerivedData/Sanvya-bwihhsrkmjvgkfalnfskjfhhbvju/Build/Intermediates.noindex/CSQLite.build/Debug-iphonesimulator/CSQLite.build/CSQLite.DependencyStaticMetadataFileList

WriteAuxiliaryFile /Users/runner/Library/Developer/Xcode/DerivedData/Sanvya-bwihhsrkmjvgkfalnfskjfhhbvju/Build/Intermediates.noindex/CSQLite.build/Debug-iphonesimulator/CSQLite.build/CSQLite.DependencyMetadataFileList (in target 'CSQLite' from project 'CSQLite')
    cd /Users/runner/Library/Developer/Xcode/DerivedData/Sanvya-bwihhsrkmjvgkfalnfskjfhhbvju/SourcePackages/checkouts/CSQLite
    write-file /Users/runner/Library/Developer/Xcode/DerivedData/Sanvya-bwihhsrkmjvgkfalnfskjfhhbvju/Build/Intermediates.noindex/CSQLite.build/Debug-iphonesimulator/CSQLite.build/CSQLite.DependencyMetadataFileList

WriteAuxiliaryFile /Users/runner/Library/Developer/Xcode/DerivedData/Sanvya-bwihhsrkmjvgkfalnfskjfhhbvju/Build/Intermediates.noindex/swift-collections.build/Debug-iphonesimulator/BasicContainers.build/Objects-normal/arm64/BasicContainers_const_extract_protocols.json (in target 'BasicContainers' from project 'swift-collections')
    cd /Users/runner/Library/Developer/Xcode/DerivedData/Sanvya-bwihhsrkmjvgkfalnfskjfhhbvju/SourcePackages/checkouts/swift-collections
    write-file /Users/runner/Library/Developer/Xcode/DerivedData/Sanvya-bwihhsrkmjvgkfalnfskjfhhbvju/Build/Intermediates.noindex/swift-collections.build/Debug-iphonesimulator/BasicContainers.build/Objects-normal/arm64/BasicContainers_const_extract_protocols.json

WriteAuxiliaryFile /Users/runner/Library/Developer/Xcode/DerivedData/Sanvya-bwihhsrkmjvgkfalnfskjfhhbvju/Build/Intermediates.noindex/swift-collections.build/Debug-iphonesimulator/BasicContainers.build/Objects-normal/arm64/BasicContainers.SwiftFileList (in target 'BasicContainers' from project 'swift-collections')
    cd /Users/runner/Library/Developer/Xcode/DerivedData/Sanvya-bwihhsrkmjvgkfalnfskjfhhbvju/SourcePackages/checkouts/swift-collections
    write-file /Users/runner/Library/Developer/Xcode/DerivedData/Sanvya-bwihhsrkmjvgkfalnfskjfhhbvju/Build/Intermediates.noindex/swift-collections.build/Debug-iphonesimulator/BasicContainers.build/Objects-normal/arm64/BasicContainers.SwiftFileList

WriteAuxiliaryFile /Users/runner/Library/Developer/Xcode/DerivedData/Sanvya-bwihhsrkmjvgkfalnfskjfhhbvju/Build/Intermediates.noindex/swift-collections.build/Debug-iphonesimulator/BasicContainers.build/Objects-normal/arm64/BasicContainers.SwiftConstValuesFileList (in target 'BasicContainers' from project 'swift-collections')
    cd /Users/runner/Library/Developer/Xcode/DerivedData/Sanvya-bwihhsrkmjvgkfalnfskjfhhbvju/SourcePackages/checkouts/swift-collections
    write-file /Users/runner/Library/Developer/Xcode/DerivedData/Sanvya-bwihhsrkmjvgkfalnfskjfhhbvju/Build/Intermediates.noindex/swift-collections.build/Debug-iphonesimulator/BasicContainers.build/Objects-normal/arm64/BasicContainers.SwiftConstValuesFileList

WriteAuxiliaryFile /Users/runner/Library/Developer/Xcode/DerivedData/Sanvya-bwihhsrkmjvgkfalnfskjfhhbvju/Build/Intermediates.noindex/swift-collections.build/Debug-iphonesimulator/BasicContainers.build/Objects-normal/arm64/BasicContainers.LinkFileList (in target 'BasicContainers' from project 'swift-collections')
    cd /Users/runner/Library/Developer/Xcode/DerivedData/Sanvya-bwihhsrkmjvgkfalnfskjfhhbvju/SourcePackages/checkouts/swift-collections
    write-file /Users/runner/Library/Developer/Xcode/DerivedData/Sanvya-bwihhsrkmjvgkfalnfskjfhhbvju/Build/Intermediates.noindex/swift-collections.build/Debug-iphonesimulator/BasicContainers.build/Objects-normal/arm64/BasicContainers.LinkFileList

WriteAuxiliaryFile /Users/runner/Library/Developer/Xcode/DerivedData/Sanvya-bwihhsrkmjvgkfalnfskjfhhbvju/Build/Intermediates.noindex/swift-collections.build/Debug-iphonesimulator/BasicContainers.build/Objects-normal/arm64/BasicContainers-OutputFileMap.json (in target 'BasicContainers' from project 'swift-collections')
    cd /Users/runner/Library/Developer/Xcode/DerivedData/Sanvya-bwihhsrkmjvgkfalnfskjfhhbvju/SourcePackages/checkouts/swift-collections
    write-file /Users/runner/Library/Developer/Xcode/DerivedData/Sanvya-bwihhsrkmjvgkfalnfskjfhhbvju/Build/Intermediates.noindex/swift-collections.build/Debug-iphonesimulator/BasicContainers.build/Objects-normal/arm64/BasicContainers-OutputFileMap.json

WriteAuxiliaryFile /Users/runner/Library/Developer/Xcode/DerivedData/Sanvya-bwihhsrkmjvgkfalnfskjfhhbvju/Build/Intermediates.noindex/swift-collections.build/Debug-iphonesimulator/BasicContainers.build/BasicContainers.modulemap (in target 'BasicContainers' from project 'swift-collections')
    cd /Users/runner/Library/Developer/Xcode/DerivedData/Sanvya-bwihhsrkmjvgkfalnfskjfhhbvju/SourcePackages/checkouts/swift-collections
    write-file /Users/runner/Library/Developer/Xcode/DerivedData/Sanvya-bwihhsrkmjvgkfalnfskjfhhbvju/Build/Intermediates.noindex/swift-collections.build/Debug-iphonesimulator/BasicContainers.build/BasicContainers.modulemap

WriteAuxiliaryFile /Users/runner/Library/Developer/Xcode/DerivedData/Sanvya-bwihhsrkmjvgkfalnfskjfhhbvju/Build/Intermediates.noindex/swift-collections.build/Debug-iphonesimulator/BasicContainers.build/BasicContainers.DependencyStaticMetadataFileList (in target 'BasicContainers' from project 'swift-collections')
    cd /Users/runner/Library/Developer/Xcode/DerivedData/Sanvya-bwihhsrkmjvgkfalnfskjfhhbvju/SourcePackages/checkouts/swift-collections
    write-file /Users/runner/Library/Developer/Xcode/DerivedData/Sanvya-bwihhsrkmjvgkfalnfskjfhhbvju/Build/Intermediates.noindex/swift-collections.build/Debug-iphonesimulator/BasicContainers.build/BasicContainers.DependencyStaticMetadataFileList

WriteAuxiliaryFile /Users/runner/Library/Developer/Xcode/DerivedData/Sanvya-bwihhsrkmjvgkfalnfskjfhhbvju/Build/Intermediates.noindex/swift-collections.build/Debug-iphonesimulator/BasicContainers.build/BasicContainers.DependencyMetadataFileList (in target 'BasicContainers' from project 'swift-collections')
    cd /Users/runner/Library/Developer/Xcode/DerivedData/Sanvya-bwihhsrkmjvgkfalnfskjfhhbvju/SourcePackages/checkouts/swift-collections
    write-file /Users/runner/Library/Developer/Xcode/DerivedData/Sanvya-bwihhsrkmjvgkfalnfskjfhhbvju/Build/Intermediates.noindex/swift-collections.build/Debug-iphonesimulator/BasicContainers.build/BasicContainers.DependencyMetadataFileList

Copy /Users/runner/Library/Developer/Xcode/DerivedData/Sanvya-bwihhsrkmjvgkfalnfskjfhhbvju/Build/Intermediates.noindex/GeneratedModuleMaps-iphonesimulator/BasicContainers.modulemap /Users/runner/Library/Developer/Xcode/DerivedData/Sanvya-bwihhsrkmjvgkfalnfskjfhhbvju/Build/Intermediates.noindex/swift-collections.build/Debug-iphonesimulator/BasicContainers.build/BasicContainers.modulemap (in target 'BasicContainers' from project 'swift-collections')
    cd /Users/runner/Library/Developer/Xcode/DerivedData/Sanvya-bwihhsrkmjvgkfalnfskjfhhbvju/SourcePackages/checkouts/swift-collections
    builtin-copy -exclude .DS_Store -exclude CVS -exclude .svn -exclude .git -exclude .hg -resolve-src-symlinks /Users/runner/Library/Developer/Xcode/DerivedData/Sanvya-bwihhsrkmjvgkfalnfskjfhhbvju/Build/Intermediates.noindex/swift-collections.build/Debug-iphonesimulator/BasicContainers.build/BasicContainers.modulemap /Users/runner/Library/Developer/Xcode/DerivedData/Sanvya-bwihhsrkmjvgkfalnfskjfhhbvju/Build/Intermediates.noindex/GeneratedModuleMaps-iphonesimulator

WriteAuxiliaryFile /Users/runner/Library/Developer/Xcode/DerivedData/Sanvya-bwihhsrkmjvgkfalnfskjfhhbvju/Build/Intermediates.noindex/Supabase.build/Debug-iphonesimulator/Auth.build/Objects-normal/arm64/Auth_const_extract_protocols.json (in target 'Auth' from project 'Supabase')
    cd /Users/runner/Library/Developer/Xcode/DerivedData/Sanvya-bwihhsrkmjvgkfalnfskjfhhbvju/SourcePackages/checkouts/supabase-swift
    write-file /Users/runner/Library/Developer/Xcode/DerivedData/Sanvya-bwihhsrkmjvgkfalnfskjfhhbvju/Build/Intermediates.noindex/Supabase.build/Debug-iphonesimulator/Auth.build/Objects-normal/arm64/Auth_const_extract_protocols.json

WriteAuxiliaryFile /Users/runner/Library/Developer/Xcode/DerivedData/Sanvya-bwihhsrkmjvgkfalnfskjfhhbvju/Build/Intermediates.noindex/Supabase.build/Debug-iphonesimulator/Auth.build/Objects-normal/arm64/Auth.SwiftFileList (in target 'Auth' from project 'Supabase')
    cd /Users/runner/Library/Developer/Xcode/DerivedData/Sanvya-bwihhsrkmjvgkfalnfskjfhhbvju/SourcePackages/checkouts/supabase-swift
    write-file /Users/runner/Library/Developer/Xcode/DerivedData/Sanvya-bwihhsrkmjvgkfalnfskjfhhbvju/Build/Intermediates.noindex/Supabase.build/Debug-iphonesimulator/Auth.build/Objects-normal/arm64/Auth.SwiftFileList

WriteAuxiliaryFile /Users/runner/Library/Developer/Xcode/DerivedData/Sanvya-bwihhsrkmjvgkfalnfskjfhhbvju/Build/Intermediates.noindex/Supabase.build/Debug-iphonesimulator/Auth.build/Objects-normal/arm64/Auth.SwiftConstValuesFileList (in target 'Auth' from project 'Supabase')
    cd /Users/runner/Library/Developer/Xcode/DerivedData/Sanvya-bwihhsrkmjvgkfalnfskjfhhbvju/SourcePackages/checkouts/supabase-swift
    write-file /Users/runner/Library/Developer/Xcode/DerivedData/Sanvya-bwihhsrkmjvgkfalnfskjfhhbvju/Build/Intermediates.noindex/Supabase.build/Debug-iphonesimulator/Auth.build/Objects-normal/arm64/Auth.SwiftConstValuesFileList

WriteAuxiliaryFile /Users/runner/Library/Developer/Xcode/DerivedData/Sanvya-bwihhsrkmjvgkfalnfskjfhhbvju/Build/Intermediates.noindex/Supabase.build/Debug-iphonesimulator/Auth.build/Objects-normal/arm64/Auth.LinkFileList (in target 'Auth' from project 'Supabase')
    cd /Users/runner/Library/Developer/Xcode/DerivedData/Sanvya-bwihhsrkmjvgkfalnfskjfhhbvju/SourcePackages/checkouts/supabase-swift
    write-file /Users/runner/Library/Developer/Xcode/DerivedData/Sanvya-bwihhsrkmjvgkfalnfskjfhhbvju/Build/Intermediates.noindex/Supabase.build/Debug-iphonesimulator/Auth.build/Objects-normal/arm64/Auth.LinkFileList

WriteAuxiliaryFile /Users/runner/Library/Developer/Xcode/DerivedData/Sanvya-bwihhsrkmjvgkfalnfskjfhhbvju/Build/Intermediates.noindex/Supabase.build/Debug-iphonesimulator/Auth.build/Objects-normal/arm64/Auth-OutputFileMap.json (in target 'Auth' from project 'Supabase')
    cd /Users/runner/Library/Developer/Xcode/DerivedData/Sanvya-bwihhsrkmjvgkfalnfskjfhhbvju/SourcePackages/checkouts/supabase-swift
    write-file /Users/runner/Library/Developer/Xcode/DerivedData/Sanvya-bwihhsrkmjvgkfalnfskjfhhbvju/Build/Intermediates.noindex/Supabase.build/Debug-iphonesimulator/Auth.build/Objects-normal/arm64/Auth-OutputFileMap.json

WriteAuxiliaryFile /Users/runner/Library/Developer/Xcode/DerivedData/Sanvya-bwihhsrkmjvgkfalnfskjfhhbvju/Build/Intermediates.noindex/Supabase.build/Debug-iphonesimulator/Auth.build/Auth.modulemap (in target 'Auth' from project 'Supabase')
    cd /Users/runner/Library/Developer/Xcode/DerivedData/Sanvya-bwihhsrkmjvgkfalnfskjfhhbvju/SourcePackages/checkouts/supabase-swift
    write-file /Users/runner/Library/Developer/Xcode/DerivedData/Sanvya-bwihhsrkmjvgkfalnfskjfhhbvju/Build/Intermediates.noindex/Supabase.build/Debug-iphonesimulator/Auth.build/Auth.modulemap

WriteAuxiliaryFile /Users/runner/Library/Developer/Xcode/DerivedData/Sanvya-bwihhsrkmjvgkfalnfskjfhhbvju/Build/Intermediates.noindex/Supabase.build/Debug-iphonesimulator/Auth.build/Auth.DependencyStaticMetadataFileList (in target 'Auth' from project 'Supabase')
    cd /Users/runner/Library/Developer/Xcode/DerivedData/Sanvya-bwihhsrkmjvgkfalnfskjfhhbvju/SourcePackages/checkouts/supabase-swift
    write-file /Users/runner/Library/Developer/Xcode/DerivedData/Sanvya-bwihhsrkmjvgkfalnfskjfhhbvju/Build/Intermediates.noindex/Supabase.build/Debug-iphonesimulator/Auth.build/Auth.DependencyStaticMetadataFileList

WriteAuxiliaryFile /Users/runner/Library/Developer/Xcode/DerivedData/Sanvya-bwihhsrkmjvgkfalnfskjfhhbvju/Build/Intermediates.noindex/Supabase.build/Debug-iphonesimulator/Auth.build/Auth.DependencyMetadataFileList (in target 'Auth' from project 'Supabase')
    cd /Users/runner/Library/Developer/Xcode/DerivedData/Sanvya-bwihhsrkmjvgkfalnfskjfhhbvju/SourcePackages/checkouts/supabase-swift
    write-file /Users/runner/Library/Developer/Xcode/DerivedData/Sanvya-bwihhsrkmjvgkfalnfskjfhhbvju/Build/Intermediates.noindex/Supabase.build/Debug-iphonesimulator/Auth.build/Auth.DependencyMetadataFileList

Copy /Users/runner/Library/Developer/Xcode/DerivedData/Sanvya-bwihhsrkmjvgkfalnfskjfhhbvju/Build/Intermediates.noindex/GeneratedModuleMaps-iphonesimulator/Auth.modulemap /Users/runner/Library/Developer/Xcode/DerivedData/Sanvya-bwihhsrkmjvgkfalnfskjfhhbvju/Build/Intermediates.noindex/Supabase.build/Debug-iphonesimulator/Auth.build/Auth.modulemap (in target 'Auth' from project 'Supabase')
    cd /Users/runner/Library/Developer/Xcode/DerivedData/Sanvya-bwihhsrkmjvgkfalnfskjfhhbvju/SourcePackages/checkouts/supabase-swift
    builtin-copy -exclude .DS_Store -exclude CVS -exclude .svn -exclude .git -exclude .hg -resolve-src-symlinks /Users/runner/Library/Developer/Xcode/DerivedData/Sanvya-bwihhsrkmjvgkfalnfskjfhhbvju/Build/Intermediates.noindex/Supabase.build/Debug-iphonesimulator/Auth.build/Auth.modulemap /Users/runner/Library/Developer/Xcode/DerivedData/Sanvya-bwihhsrkmjvgkfalnfskjfhhbvju/Build/Intermediates.noindex/GeneratedModuleMaps-iphonesimulator

WriteAuxiliaryFile /Users/runner/Library/Developer/Xcode/DerivedData/Sanvya-bwihhsrkmjvgkfalnfskjfhhbvju/Build/Intermediates.noindex/swift-async-algorithms.build/Debug-iphonesimulator/AsyncAlgorithms.build/Objects-normal/arm64/AsyncAlgorithms_const_extract_protocols.json (in target 'AsyncAlgorithms' from project 'swift-async-algorithms')
    cd /Users/runner/Library/Developer/Xcode/DerivedData/Sanvya-bwihhsrkmjvgkfalnfskjfhhbvju/SourcePackages/checkouts/swift-async-algorithms
    write-file /Users/runner/Library/Developer/Xcode/DerivedData/Sanvya-bwihhsrkmjvgkfalnfskjfhhbvju/Build/Intermediates.noindex/swift-async-algorithms.build/Debug-iphonesimulator/AsyncAlgorithms.build/Objects-normal/arm64/AsyncAlgorithms_const_extract_protocols.json

WriteAuxiliaryFile /Users/runner/Library/Developer/Xcode/DerivedData/Sanvya-bwihhsrkmjvgkfalnfskjfhhbvju/Build/Intermediates.noindex/swift-async-algorithms.build/Debug-iphonesimulator/AsyncAlgorithms.build/Objects-normal/arm64/AsyncAlgorithms.SwiftFileList (in target 'AsyncAlgorithms' from project 'swift-async-algorithms')
    cd /Users/runner/Library/Developer/Xcode/DerivedData/Sanvya-bwihhsrkmjvgkfalnfskjfhhbvju/SourcePackages/checkouts/swift-async-algorithms
    write-file /Users/runner/Library/Developer/Xcode/DerivedData/Sanvya-bwihhsrkmjvgkfalnfskjfhhbvju/Build/Intermediates.noindex/swift-async-algorithms.build/Debug-iphonesimulator/AsyncAlgorithms.build/Objects-normal/arm64/AsyncAlgorithms.SwiftFileList

WriteAuxiliaryFile /Users/runner/Library/Developer/Xcode/DerivedData/Sanvya-bwihhsrkmjvgkfalnfskjfhhbvju/Build/Intermediates.noindex/swift-async-algorithms.build/Debug-iphonesimulator/AsyncAlgorithms.build/Objects-normal/arm64/AsyncAlgorithms.SwiftConstValuesFileList (in target 'AsyncAlgorithms' from project 'swift-async-algorithms')
    cd /Users/runner/Library/Developer/Xcode/DerivedData/Sanvya-bwihhsrkmjvgkfalnfskjfhhbvju/SourcePackages/checkouts/swift-async-algorithms
    write-file /Users/runner/Library/Developer/Xcode/DerivedData/Sanvya-bwihhsrkmjvgkfalnfskjfhhbvju/Build/Intermediates.noindex/swift-async-algorithms.build/Debug-iphonesimulator/AsyncAlgorithms.build/Objects-normal/arm64/AsyncAlgorithms.SwiftConstValuesFileList

WriteAuxiliaryFile /Users/runner/Library/Developer/Xcode/DerivedData/Sanvya-bwihhsrkmjvgkfalnfskjfhhbvju/Build/Intermediates.noindex/swift-async-algorithms.build/Debug-iphonesimulator/AsyncAlgorithms.build/Objects-normal/arm64/AsyncAlgorithms.LinkFileList (in target 'AsyncAlgorithms' from project 'swift-async-algorithms')
    cd /Users/runner/Library/Developer/Xcode/DerivedData/Sanvya-bwihhsrkmjvgkfalnfskjfhhbvju/SourcePackages/checkouts/swift-async-algorithms
    write-file /Users/runner/Library/Developer/Xcode/DerivedData/Sanvya-bwihhsrkmjvgkfalnfskjfhhbvju/Build/Intermediates.noindex/swift-async-algorithms.build/Debug-iphonesimulator/AsyncAlgorithms.build/Objects-normal/arm64/AsyncAlgorithms.LinkFileList

WriteAuxiliaryFile /Users/runner/Library/Developer/Xcode/DerivedData/Sanvya-bwihhsrkmjvgkfalnfskjfhhbvju/Build/Intermediates.noindex/swift-async-algorithms.build/Debug-iphonesimulator/AsyncAlgorithms.build/Objects-normal/arm64/AsyncAlgorithms-OutputFileMap.json (in target 'AsyncAlgorithms' from project 'swift-async-algorithms')
    cd /Users/runner/Library/Developer/Xcode/DerivedData/Sanvya-bwihhsrkmjvgkfalnfskjfhhbvju/SourcePackages/checkouts/swift-async-algorithms
    write-file /Users/runner/Library/Developer/Xcode/DerivedData/Sanvya-bwihhsrkmjvgkfalnfskjfhhbvju/Build/Intermediates.noindex/swift-async-algorithms.build/Debug-iphonesimulator/AsyncAlgorithms.build/Objects-normal/arm64/AsyncAlgorithms-OutputFileMap.json

WriteAuxiliaryFile /Users/runner/Library/Developer/Xcode/DerivedData/Sanvya-bwihhsrkmjvgkfalnfskjfhhbvju/Build/Intermediates.noindex/swift-async-algorithms.build/Debug-iphonesimulator/AsyncAlgorithms.build/AsyncAlgorithms.modulemap (in target 'AsyncAlgorithms' from project 'swift-async-algorithms')
    cd /Users/runner/Library/Developer/Xcode/DerivedData/Sanvya-bwihhsrkmjvgkfalnfskjfhhbvju/SourcePackages/checkouts/swift-async-algorithms
    write-file /Users/runner/Library/Developer/Xcode/DerivedData/Sanvya-bwihhsrkmjvgkfalnfskjfhhbvju/Build/Intermediates.noindex/swift-async-algorithms.build/Debug-iphonesimulator/AsyncAlgorithms.build/AsyncAlgorithms.modulemap

WriteAuxiliaryFile /Users/runner/Library/Developer/Xcode/DerivedData/Sanvya-bwihhsrkmjvgkfalnfskjfhhbvju/Build/Intermediates.noindex/swift-async-algorithms.build/Debug-iphonesimulator/AsyncAlgorithms.build/AsyncAlgorithms.DependencyStaticMetadataFileList (in target 'AsyncAlgorithms' from project 'swift-async-algorithms')
    cd /Users/runner/Library/Developer/Xcode/DerivedData/Sanvya-bwihhsrkmjvgkfalnfskjfhhbvju/SourcePackages/checkouts/swift-async-algorithms
    write-file /Users/runner/Library/Developer/Xcode/DerivedData/Sanvya-bwihhsrkmjvgkfalnfskjfhhbvju/Build/Intermediates.noindex/swift-async-algorithms.build/Debug-iphonesimulator/AsyncAlgorithms.build/AsyncAlgorithms.DependencyStaticMetadataFileList

WriteAuxiliaryFile /Users/runner/Library/Developer/Xcode/DerivedData/Sanvya-bwihhsrkmjvgkfalnfskjfhhbvju/Build/Intermediates.noindex/swift-async-algorithms.build/Debug-iphonesimulator/AsyncAlgorithms.build/AsyncAlgorithms.DependencyMetadataFileList (in target 'AsyncAlgorithms' from project 'swift-async-algorithms')
    cd /Users/runner/Library/Developer/Xcode/DerivedData/Sanvya-bwihhsrkmjvgkfalnfskjfhhbvju/SourcePackages/checkouts/swift-async-algorithms
    write-file /Users/runner/Library/Developer/Xcode/DerivedData/Sanvya-bwihhsrkmjvgkfalnfskjfhhbvju/Build/Intermediates.noindex/swift-async-algorithms.build/Debug-iphonesimulator/AsyncAlgorithms.build/AsyncAlgorithms.DependencyMetadataFileList

Copy /Users/runner/Library/Developer/Xcode/DerivedData/Sanvya-bwihhsrkmjvgkfalnfskjfhhbvju/Build/Intermediates.noindex/GeneratedModuleMaps-iphonesimulator/AsyncAlgorithms.modulemap /Users/runner/Library/Developer/Xcode/DerivedData/Sanvya-bwihhsrkmjvgkfalnfskjfhhbvju/Build/Intermediates.noindex/swift-async-algorithms.build/Debug-iphonesimulator/AsyncAlgorithms.build/AsyncAlgorithms.modulemap (in target 'AsyncAlgorithms' from project 'swift-async-algorithms')
    cd /Users/runner/Library/Developer/Xcode/DerivedData/Sanvya-bwihhsrkmjvgkfalnfskjfhhbvju/SourcePackages/checkouts/swift-async-algorithms
    builtin-copy -exclude .DS_Store -exclude CVS -exclude .svn -exclude .git -exclude .hg -resolve-src-symlinks /Users/runner/Library/Developer/Xcode/DerivedData/Sanvya-bwihhsrkmjvgkfalnfskjfhhbvju/Build/Intermediates.noindex/swift-async-algorithms.build/Debug-iphonesimulator/AsyncAlgorithms.build/AsyncAlgorithms.modulemap /Users/runner/Library/Developer/Xcode/DerivedData/Sanvya-bwihhsrkmjvgkfalnfskjfhhbvju/Build/Intermediates.noindex/GeneratedModuleMaps-iphonesimulator

MkDir /Users/runner/Library/Developer/Xcode/DerivedData/Sanvya-bwihhsrkmjvgkfalnfskjfhhbvju/Build/Products/Debug-iphonesimulator/swift-crypto_Crypto.bundle (in target 'swift-crypto_Crypto' from project 'swift-crypto')
    cd /Users/runner/Library/Developer/Xcode/DerivedData/Sanvya-bwihhsrkmjvgkfalnfskjfhhbvju/SourcePackages/checkouts/swift-crypto
    /bin/mkdir -p /Users/runner/Library/Developer/Xcode/DerivedData/Sanvya-bwihhsrkmjvgkfalnfskjfhhbvju/Build/Products/Debug-iphonesimulator/swift-crypto_Crypto.bundle

MkDir /Users/runner/Library/Developer/Xcode/DerivedData/Sanvya-bwihhsrkmjvgkfalnfskjfhhbvju/Build/Products/Debug-iphonesimulator/Sanvya.app/PlugIns/SanvyaTests.xctest/Frameworks (in target 'SanvyaTests' from project 'Sanvya')
    cd /Users/runner/work/pocketcare-app/pocketcare-app/apps/ios
    /bin/mkdir -p /Users/runner/Library/Developer/Xcode/DerivedData/Sanvya-bwihhsrkmjvgkfalnfskjfhhbvju/Build/Products/Debug-iphonesimulator/Sanvya.app/PlugIns/SanvyaTests.xctest/Frameworks

MkDir /Users/runner/Library/Developer/Xcode/DerivedData/Sanvya-bwihhsrkmjvgkfalnfskjfhhbvju/Build/Products/Debug-iphonesimulator/Sanvya.app/PlugIns/SanvyaTests.xctest (in target 'SanvyaTests' from project 'Sanvya')
    cd /Users/runner/work/pocketcare-app/pocketcare-app/apps/ios
    /bin/mkdir -p /Users/runner/Library/Developer/Xcode/DerivedData/Sanvya-bwihhsrkmjvgkfalnfskjfhhbvju/Build/Products/Debug-iphonesimulator/Sanvya.app/PlugIns/SanvyaTests.xctest

MkDir /Users/runner/Library/Developer/Xcode/DerivedData/Sanvya-bwihhsrkmjvgkfalnfskjfhhbvju/Build/Products/Debug-iphonesimulator/Factory_Factory.bundle (in target 'Factory_Factory' from project 'Factory')
    cd /Users/runner/Library/Developer/Xcode/DerivedData/Sanvya-bwihhsrkmjvgkfalnfskjfhhbvju/SourcePackages/checkouts/Factory
    /bin/mkdir -p /Users/runner/Library/Developer/Xcode/DerivedData/Sanvya-bwihhsrkmjvgkfalnfskjfhhbvju/Build/Products/Debug-iphonesimulator/Factory_Factory.bundle

MkDir /Users/runner/Library/Developer/Xcode/DerivedData/Sanvya-bwihhsrkmjvgkfalnfskjfhhbvju/Build/Products/Debug-iphonesimulator/PackageFrameworks/Domain_17E53062B3BFDE_PackageProduct.framework (in target 'Domain' from project 'Domain')
    cd /Users/runner/work/pocketcare-app/pocketcare-app/apps/ios/Domain
    /bin/mkdir -p /Users/runner/Library/Developer/Xcode/DerivedData/Sanvya-bwihhsrkmjvgkfalnfskjfhhbvju/Build/Products/Debug-iphonesimulator/PackageFrameworks/Domain_17E53062B3BFDE_PackageProduct.framework

ProcessXCFramework /Users/runner/Library/Developer/Xcode/DerivedData/Sanvya-bwihhsrkmjvgkfalnfskjfhhbvju/SourcePackages/artifacts/powersync-sqlite-core-swift/PowerSyncSQLiteCore/powersync-sqlite-core.xcframework /Users/runner/Library/Developer/Xcode/DerivedData/Sanvya-bwihhsrkmjvgkfalnfskjfhhbvju/Build/Products/Debug-iphonesimulator/powersync-sqlite-core.framework ios simulator
    cd /Users/runner/work/pocketcare-app/pocketcare-app/apps/ios/Sanvya.xcodeproj
    builtin-process-xcframework --xcframework /Users/runner/Library/Developer/Xcode/DerivedData/Sanvya-bwihhsrkmjvgkfalnfskjfhhbvju/SourcePackages/artifacts/powersync-sqlite-core-swift/PowerSyncSQLiteCore/powersync-sqlite-core.xcframework --platform ios --environment simulator --target-path /Users/runner/Library/Developer/Xcode/DerivedData/Sanvya-bwihhsrkmjvgkfalnfskjfhhbvju/Build/Products/Debug-iphonesimulator

ProcessInfoPlistFile /Users/runner/Library/Developer/Xcode/DerivedData/Sanvya-bwihhsrkmjvgkfalnfskjfhhbvju/Build/Products/Debug-iphonesimulator/swift-crypto_Crypto.bundle/Info.plist /Users/runner/Library/Developer/Xcode/DerivedData/Sanvya-bwihhsrkmjvgkfalnfskjfhhbvju/Build/Intermediates.noindex/swift-crypto.build/Debug-iphonesimulator/swift-crypto_Crypto.build/empty-swift-crypto_Crypto.plist (in target 'swift-crypto_Crypto' from project 'swift-crypto')
    cd /Users/runner/Library/Developer/Xcode/DerivedData/Sanvya-bwihhsrkmjvgkfalnfskjfhhbvju/SourcePackages/checkouts/swift-crypto
    builtin-infoPlistUtility /Users/runner/Library/Developer/Xcode/DerivedData/Sanvya-bwihhsrkmjvgkfalnfskjfhhbvju/Build/Intermediates.noindex/swift-crypto.build/Debug-iphonesimulator/swift-crypto_Crypto.build/empty-swift-crypto_Crypto.plist -producttype com.apple.product-type.bundle -expandbuildsettings -format binary -platform iphonesimulator -o /Users/runner/Library/Developer/Xcode/DerivedData/Sanvya-bwihhsrkmjvgkfalnfskjfhhbvju/Build/Products/Debug-iphonesimulator/swift-crypto_Crypto.bundle/Info.plist

CpResource /Users/runner/Library/Developer/Xcode/DerivedData/Sanvya-bwihhsrkmjvgkfalnfskjfhhbvju/Build/Products/Debug-iphonesimulator/swift-crypto_Crypto.bundle/PrivacyInfo.xcprivacy /Users/runner/Library/Developer/Xcode/DerivedData/Sanvya-bwihhsrkmjvgkfalnfskjfhhbvju/SourcePackages/checkouts/swift-crypto/Sources/Crypto/PrivacyInfo.xcprivacy (in target 'swift-crypto_Crypto' from project 'swift-crypto')
    cd /Users/runner/Library/Developer/Xcode/DerivedData/Sanvya-bwihhsrkmjvgkfalnfskjfhhbvju/SourcePackages/checkouts/swift-crypto
    builtin-copy -exclude .DS_Store -exclude CVS -exclude .svn -exclude .git -exclude .hg -resolve-src-symlinks /Users/runner/Library/Developer/Xcode/DerivedData/Sanvya-bwihhsrkmjvgkfalnfskjfhhbvju/SourcePackages/checkouts/swift-crypto/Sources/Crypto/PrivacyInfo.xcprivacy /Users/runner/Library/Developer/Xcode/DerivedData/Sanvya-bwihhsrkmjvgkfalnfskjfhhbvju/Build/Products/Debug-iphonesimulator/swift-crypto_Crypto.bundle

RegisterExecutionPolicyException /Users/runner/Library/Developer/Xcode/DerivedData/Sanvya-bwihhsrkmjvgkfalnfskjfhhbvju/Build/Products/Debug-iphonesimulator/swift-crypto_Crypto.bundle (in target 'swift-crypto_Crypto' from project 'swift-crypto')
    cd /Users/runner/Library/Developer/Xcode/DerivedData/Sanvya-bwihhsrkmjvgkfalnfskjfhhbvju/SourcePackages/checkouts/swift-crypto
    builtin-RegisterExecutionPolicyException /Users/runner/Library/Developer/Xcode/DerivedData/Sanvya-bwihhsrkmjvgkfalnfskjfhhbvju/Build/Products/Debug-iphonesimulator/swift-crypto_Crypto.bundle

Touch /Users/runner/Library/Developer/Xcode/DerivedData/Sanvya-bwihhsrkmjvgkfalnfskjfhhbvju/Build/Products/Debug-iphonesimulator/swift-crypto_Crypto.bundle (in target 'swift-crypto_Crypto' from project 'swift-crypto')
    cd /Users/runner/Library/Developer/Xcode/DerivedData/Sanvya-bwihhsrkmjvgkfalnfskjfhhbvju/SourcePackages/checkouts/swift-crypto
    /usr/bin/touch -c /Users/runner/Library/Developer/Xcode/DerivedData/Sanvya-bwihhsrkmjvgkfalnfskjfhhbvju/Build/Products/Debug-iphonesimulator/swift-crypto_Crypto.bundle

ProcessInfoPlistFile /Users/runner/Library/Developer/Xcode/DerivedData/Sanvya-bwihhsrkmjvgkfalnfskjfhhbvju/Build/Products/Debug-iphonesimulator/Factory_Factory.bundle/Info.plist /Users/runner/Library/Developer/Xcode/DerivedData/Sanvya-bwihhsrkmjvgkfalnfskjfhhbvju/Build/Intermediates.noindex/Factory.build/Debug-iphonesimulator/Factory_Factory.build/empty-Factory_Factory.plist (in target 'Factory_Factory' from project 'Factory')
    cd /Users/runner/Library/Developer/Xcode/DerivedData/Sanvya-bwihhsrkmjvgkfalnfskjfhhbvju/SourcePackages/checkouts/Factory
    builtin-infoPlistUtility /Users/runner/Library/Developer/Xcode/DerivedData/Sanvya-bwihhsrkmjvgkfalnfskjfhhbvju/Build/Intermediates.noindex/Factory.build/Debug-iphonesimulator/Factory_Factory.build/empty-Factory_Factory.plist -producttype com.apple.product-type.bundle -expandbuildsettings -format binary -platform iphonesimulator -o /Users/runner/Library/Developer/Xcode/DerivedData/Sanvya-bwihhsrkmjvgkfalnfskjfhhbvju/Build/Products/Debug-iphonesimulator/Factory_Factory.bundle/Info.plist

CpResource /Users/runner/Library/Developer/Xcode/DerivedData/Sanvya-bwihhsrkmjvgkfalnfskjfhhbvju/Build/Products/Debug-iphonesimulator/Factory_Factory.bundle/PrivacyInfo.xcprivacy /Users/runner/Library/Developer/Xcode/DerivedData/Sanvya-bwihhsrkmjvgkfalnfskjfhhbvju/SourcePackages/checkouts/Factory/Sources/Factory/PrivacyInfo.xcprivacy (in target 'Factory_Factory' from project 'Factory')
    cd /Users/runner/Library/Developer/Xcode/DerivedData/Sanvya-bwihhsrkmjvgkfalnfskjfhhbvju/SourcePackages/checkouts/Factory
    builtin-copy -exclude .DS_Store -exclude CVS -exclude .svn -exclude .git -exclude .hg -resolve-src-symlinks /Users/runner/Library/Developer/Xcode/DerivedData/Sanvya-bwihhsrkmjvgkfalnfskjfhhbvju/SourcePackages/checkouts/Factory/Sources/Factory/PrivacyInfo.xcprivacy /Users/runner/Library/Developer/Xcode/DerivedData/Sanvya-bwihhsrkmjvgkfalnfskjfhhbvju/Build/Products/Debug-iphonesimulator/Factory_Factory.bundle

WriteAuxiliaryFile /Users/runner/Library/Developer/Xcode/DerivedData/Sanvya-bwihhsrkmjvgkfalnfskjfhhbvju/Build/Intermediates.noindex/Sanvya.build/Debug-iphonesimulator/Sanvya.build/Sanvya.hmap (in target 'Sanvya' from project 'Sanvya')
    cd /Users/runner/work/pocketcare-app/pocketcare-app/apps/ios
    write-file /Users/runner/Library/Developer/Xcode/DerivedData/Sanvya-bwihhsrkmjvgkfalnfskjfhhbvju/Build/Intermediates.noindex/Sanvya.build/Debug-iphonesimulator/Sanvya.build/Sanvya.hmap

WriteAuxiliaryFile /Users/runner/Library/Developer/Xcode/DerivedData/Sanvya-bwihhsrkmjvgkfalnfskjfhhbvju/Build/Intermediates.noindex/Sanvya.build/Debug-iphonesimulator/Sanvya.build/Sanvya.DependencyStaticMetadataFileList (in target 'Sanvya' from project 'Sanvya')
    cd /Users/runner/work/pocketcare-app/pocketcare-app/apps/ios
    write-file /Users/runner/Library/Developer/Xcode/DerivedData/Sanvya-bwihhsrkmjvgkfalnfskjfhhbvju/Build/Intermediates.noindex/Sanvya.build/Debug-iphonesimulator/Sanvya.build/Sanvya.DependencyStaticMetadataFileList

WriteAuxiliaryFile /Users/runner/Library/Developer/Xcode/DerivedData/Sanvya-bwihhsrkmjvgkfalnfskjfhhbvju/Build/Intermediates.noindex/Sanvya.build/Debug-iphonesimulator/Sanvya.build/Sanvya.DependencyMetadataFileList (in target 'Sanvya' from project 'Sanvya')
    cd /Users/runner/work/pocketcare-app/pocketcare-app/apps/ios
    write-file /Users/runner/Library/Developer/Xcode/DerivedData/Sanvya-bwihhsrkmjvgkfalnfskjfhhbvju/Build/Intermediates.noindex/Sanvya.build/Debug-iphonesimulator/Sanvya.build/Sanvya.DependencyMetadataFileList

WriteAuxiliaryFile /Users/runner/Library/Developer/Xcode/DerivedData/Sanvya-bwihhsrkmjvgkfalnfskjfhhbvju/Build/Intermediates.noindex/Sanvya.build/Debug-iphonesimulator/Sanvya.build/Sanvya-project-headers.hmap (in target 'Sanvya' from project 'Sanvya')
    cd /Users/runner/work/pocketcare-app/pocketcare-app/apps/ios
    write-file /Users/runner/Library/Developer/Xcode/DerivedData/Sanvya-bwihhsrkmjvgkfalnfskjfhhbvju/Build/Intermediates.noindex/Sanvya.build/Debug-iphonesimulator/Sanvya.build/Sanvya-project-headers.hmap

WriteAuxiliaryFile /Users/runner/Library/Developer/Xcode/DerivedData/Sanvya-bwihhsrkmjvgkfalnfskjfhhbvju/Build/Intermediates.noindex/Sanvya.build/Debug-iphonesimulator/Sanvya.build/Sanvya-own-target-headers.hmap (in target 'Sanvya' from project 'Sanvya')
    cd /Users/runner/work/pocketcare-app/pocketcare-app/apps/ios
    write-file /Users/runner/Library/Developer/Xcode/DerivedData/Sanvya-bwihhsrkmjvgkfalnfskjfhhbvju/Build/Intermediates.noindex/Sanvya.build/Debug-iphonesimulator/Sanvya.build/Sanvya-own-target-headers.hmap

WriteAuxiliaryFile /Users/runner/Library/Developer/Xcode/DerivedData/Sanvya-bwihhsrkmjvgkfalnfskjfhhbvju/Build/Intermediates.noindex/Sanvya.build/Debug-iphonesimulator/Sanvya.build/Sanvya-generated-files.hmap (in target 'Sanvya' from project 'Sanvya')
    cd /Users/runner/work/pocketcare-app/pocketcare-app/apps/ios
    write-file /Users/runner/Library/Developer/Xcode/DerivedData/Sanvya-bwihhsrkmjvgkfalnfskjfhhbvju/Build/Intermediates.noindex/Sanvya.build/Debug-iphonesimulator/Sanvya.build/Sanvya-generated-files.hmap

WriteAuxiliaryFile /Users/runner/Library/Developer/Xcode/DerivedData/Sanvya-bwihhsrkmjvgkfalnfskjfhhbvju/Build/Intermediates.noindex/Sanvya.build/Debug-iphonesimulator/Sanvya.build/Sanvya-all-target-headers.hmap (in target 'Sanvya' from project 'Sanvya')
    cd /Users/runner/work/pocketcare-app/pocketcare-app/apps/ios
    write-file /Users/runner/Library/Developer/Xcode/DerivedData/Sanvya-bwihhsrkmjvgkfalnfskjfhhbvju/Build/Intermediates.noindex/Sanvya.build/Debug-iphonesimulator/Sanvya.build/Sanvya-all-target-headers.hmap

WriteAuxiliaryFile /Users/runner/Library/Developer/Xcode/DerivedData/Sanvya-bwihhsrkmjvgkfalnfskjfhhbvju/Build/Intermediates.noindex/Sanvya.build/Debug-iphonesimulator/Sanvya.build/Sanvya-all-non-framework-target-headers.hmap (in target 'Sanvya' from project 'Sanvya')
    cd /Users/runner/work/pocketcare-app/pocketcare-app/apps/ios
    write-file /Users/runner/Library/Developer/Xcode/DerivedData/Sanvya-bwihhsrkmjvgkfalnfskjfhhbvju/Build/Intermediates.noindex/Sanvya.build/Debug-iphonesimulator/Sanvya.build/Sanvya-all-non-framework-target-headers.hmap

WriteAuxiliaryFile /Users/runner/Library/Developer/Xcode/DerivedData/Sanvya-bwihhsrkmjvgkfalnfskjfhhbvju/Build/Intermediates.noindex/Sanvya.build/Debug-iphonesimulator/Sanvya.build/Sanvya-DebugDylibPath-normal-arm64.txt (in target 'Sanvya' from project 'Sanvya')
    cd /Users/runner/work/pocketcare-app/pocketcare-app/apps/ios
    write-file /Users/runner/Library/Developer/Xcode/DerivedData/Sanvya-bwihhsrkmjvgkfalnfskjfhhbvju/Build/Intermediates.noindex/Sanvya.build/Debug-iphonesimulator/Sanvya.build/Sanvya-DebugDylibPath-normal-arm64.txt

WriteAuxiliaryFile /Users/runner/Library/Developer/Xcode/DerivedData/Sanvya-bwihhsrkmjvgkfalnfskjfhhbvju/Build/Intermediates.noindex/Sanvya.build/Debug-iphonesimulator/Sanvya.build/Sanvya-DebugDylibInstallName-normal-arm64.txt (in target 'Sanvya' from project 'Sanvya')
    cd /Users/runner/work/pocketcare-app/pocketcare-app/apps/ios
    write-file /Users/runner/Library/Developer/Xcode/DerivedData/Sanvya-bwihhsrkmjvgkfalnfskjfhhbvju/Build/Intermediates.noindex/Sanvya.build/Debug-iphonesimulator/Sanvya.build/Sanvya-DebugDylibInstallName-normal-arm64.txt

WriteAuxiliaryFile /Users/runner/Library/Developer/Xcode/DerivedData/Sanvya-bwihhsrkmjvgkfalnfskjfhhbvju/Build/Intermediates.noindex/Sanvya.build/Debug-iphonesimulator/Sanvya.build/Objects-normal/arm64/Sanvya_const_extract_protocols.json (in target 'Sanvya' from project 'Sanvya')
    cd /Users/runner/work/pocketcare-app/pocketcare-app/apps/ios
    write-file /Users/runner/Library/Developer/Xcode/DerivedData/Sanvya-bwihhsrkmjvgkfalnfskjfhhbvju/Build/Intermediates.noindex/Sanvya.build/Debug-iphonesimulator/Sanvya.build/Objects-normal/arm64/Sanvya_const_extract_protocols.json

WriteAuxiliaryFile /Users/runner/Library/Developer/Xcode/DerivedData/Sanvya-bwihhsrkmjvgkfalnfskjfhhbvju/Build/Intermediates.noindex/Sanvya.build/Debug-iphonesimulator/Sanvya.build/Objects-normal/arm64/Sanvya.SwiftFileList (in target 'Sanvya' from project 'Sanvya')
    cd /Users/runner/work/pocketcare-app/pocketcare-app/apps/ios
    write-file /Users/runner/Library/Developer/Xcode/DerivedData/Sanvya-bwihhsrkmjvgkfalnfskjfhhbvju/Build/Intermediates.noindex/Sanvya.build/Debug-iphonesimulator/Sanvya.build/Objects-normal/arm64/Sanvya.SwiftFileList

WriteAuxiliaryFile /Users/runner/Library/Developer/Xcode/DerivedData/Sanvya-bwihhsrkmjvgkfalnfskjfhhbvju/Build/Intermediates.noindex/Sanvya.build/Debug-iphonesimulator/Sanvya.build/Objects-normal/arm64/Sanvya.SwiftConstValuesFileList (in target 'Sanvya' from project 'Sanvya')
    cd /Users/runner/work/pocketcare-app/pocketcare-app/apps/ios
    write-file /Users/runner/Library/Developer/Xcode/DerivedData/Sanvya-bwihhsrkmjvgkfalnfskjfhhbvju/Build/Intermediates.noindex/Sanvya.build/Debug-iphonesimulator/Sanvya.build/Objects-normal/arm64/Sanvya.SwiftConstValuesFileList

WriteAuxiliaryFile /Users/runner/Library/Developer/Xcode/DerivedData/Sanvya-bwihhsrkmjvgkfalnfskjfhhbvju/Build/Intermediates.noindex/Sanvya.build/Debug-iphonesimulator/Sanvya.build/Objects-normal/arm64/Sanvya.LinkFileList (in target 'Sanvya' from project 'Sanvya')
    cd /Users/runner/work/pocketcare-app/pocketcare-app/apps/ios
    write-file /Users/runner/Library/Developer/Xcode/DerivedData/Sanvya-bwihhsrkmjvgkfalnfskjfhhbvju/Build/Intermediates.noindex/Sanvya.build/Debug-iphonesimulator/Sanvya.build/Objects-normal/arm64/Sanvya.LinkFileList

WriteAuxiliaryFile /Users/runner/Library/Developer/Xcode/DerivedData/Sanvya-bwihhsrkmjvgkfalnfskjfhhbvju/Build/Intermediates.noindex/Sanvya.build/Debug-iphonesimulator/Sanvya.build/Objects-normal/arm64/Sanvya-OutputFileMap.json (in target 'Sanvya' from project 'Sanvya')
    cd /Users/runner/work/pocketcare-app/pocketcare-app/apps/ios
    write-file /Users/runner/Library/Developer/Xcode/DerivedData/Sanvya-bwihhsrkmjvgkfalnfskjfhhbvju/Build/Intermediates.noindex/Sanvya.build/Debug-iphonesimulator/Sanvya.build/Objects-normal/arm64/Sanvya-OutputFileMap.json

WriteAuxiliaryFile /Users/runner/Library/Developer/Xcode/DerivedData/Sanvya-bwihhsrkmjvgkfalnfskjfhhbvju/Build/Intermediates.noindex/PowerSync.build/Debug-iphonesimulator/PowerSyncCoreShim.build/PowerSyncCoreShim.modulemap (in target 'PowerSyncCoreShim' from project 'PowerSync')
    cd /Users/runner/Library/Developer/Xcode/DerivedData/Sanvya-bwihhsrkmjvgkfalnfskjfhhbvju/SourcePackages/checkouts/powersync-swift
    write-file /Users/runner/Library/Developer/Xcode/DerivedData/Sanvya-bwihhsrkmjvgkfalnfskjfhhbvju/Build/Intermediates.noindex/PowerSync.build/Debug-iphonesimulator/PowerSyncCoreShim.build/PowerSyncCoreShim.modulemap

WriteAuxiliaryFile /Users/runner/Library/Developer/Xcode/DerivedData/Sanvya-bwihhsrkmjvgkfalnfskjfhhbvju/Build/Intermediates.noindex/PowerSync.build/Debug-iphonesimulator/PowerSyncCoreShim.build/PowerSyncCoreShim.DependencyStaticMetadataFileList (in target 'PowerSyncCoreShim' from project 'PowerSync')
    cd /Users/runner/Library/Developer/Xcode/DerivedData/Sanvya-bwihhsrkmjvgkfalnfskjfhhbvju/SourcePackages/checkouts/powersync-swift
    write-file /Users/runner/Library/Developer/Xcode/DerivedData/Sanvya-bwihhsrkmjvgkfalnfskjfhhbvju/Build/Intermediates.noindex/PowerSync.build/Debug-iphonesimulator/PowerSyncCoreShim.build/PowerSyncCoreShim.DependencyStaticMetadataFileList

WriteAuxiliaryFile /Users/runner/Library/Developer/Xcode/DerivedData/Sanvya-bwihhsrkmjvgkfalnfskjfhhbvju/Build/Intermediates.noindex/PowerSync.build/Debug-iphonesimulator/PowerSyncCoreShim.build/PowerSyncCoreShim.DependencyMetadataFileList (in target 'PowerSyncCoreShim' from project 'PowerSync')
    cd /Users/runner/Library/Developer/Xcode/DerivedData/Sanvya-bwihhsrkmjvgkfalnfskjfhhbvju/SourcePackages/checkouts/powersync-swift
    write-file /Users/runner/Library/Developer/Xcode/DerivedData/Sanvya-bwihhsrkmjvgkfalnfskjfhhbvju/Build/Intermediates.noindex/PowerSync.build/Debug-iphonesimulator/PowerSyncCoreShim.build/PowerSyncCoreShim.DependencyMetadataFileList

WriteAuxiliaryFile /Users/runner/Library/Developer/Xcode/DerivedData/Sanvya-bwihhsrkmjvgkfalnfskjfhhbvju/Build/Intermediates.noindex/PowerSync.build/Debug-iphonesimulator/PowerSyncCoreShim.build/Objects-normal/arm64/PowerSyncCoreShim.LinkFileList (in target 'PowerSyncCoreShim' from project 'PowerSync')
    cd /Users/runner/Library/Developer/Xcode/DerivedData/Sanvya-bwihhsrkmjvgkfalnfskjfhhbvju/SourcePackages/checkouts/powersync-swift
    write-file /Users/runner/Library/Developer/Xcode/DerivedData/Sanvya-bwihhsrkmjvgkfalnfskjfhhbvju/Build/Intermediates.noindex/PowerSync.build/Debug-iphonesimulator/PowerSyncCoreShim.build/Objects-normal/arm64/PowerSyncCoreShim.LinkFileList

WriteAuxiliaryFile /Users/runner/Library/Developer/Xcode/DerivedData/Sanvya-bwihhsrkmjvgkfalnfskjfhhbvju/Build/Intermediates.noindex/PowerSync.build/Debug-iphonesimulator/PowerSyncCoreShim.build/Objects-normal/arm64/7187679823f38a2a940e0043cdf9d637-common-args.resp (in target 'PowerSyncCoreShim' from project 'PowerSync')
    cd /Users/runner/Library/Developer/Xcode/DerivedData/Sanvya-bwihhsrkmjvgkfalnfskjfhhbvju/SourcePackages/checkouts/powersync-swift
    write-file /Users/runner/Library/Developer/Xcode/DerivedData/Sanvya-bwihhsrkmjvgkfalnfskjfhhbvju/Build/Intermediates.noindex/PowerSync.build/Debug-iphonesimulator/PowerSyncCoreShim.build/Objects-normal/arm64/7187679823f38a2a940e0043cdf9d637-common-args.resp
-fmodules -gmodules '-fmodules-cache-path=/Users/runner/Library/Developer/Xcode/DerivedData/ModuleCache.noindex' '-fmodule-name=PowerSyncCoreShim' -fpascal-strings -O0 -DSWIFT_PACKAGE '-DDEBUG=1' -g -I/Users/runner/Library/Developer/Xcode/DerivedData/Sanvya-bwihhsrkmjvgkfalnfskjfhhbvju/Build/Products/Debug-iphonesimulator/include -I/Users/runner/Library/Developer/Xcode/DerivedData/Sanvya-bwihhsrkmjvgkfalnfskjfhhbvju/SourcePackages/checkouts/powersync-swift/Sources/PowerSyncCoreShim/include -I/Users/runner/Library/Developer/Xcode/DerivedData/Sanvya-bwihhsrkmjvgkfalnfskjfhhbvju/Build/Intermediates.noindex/PowerSync.build/Debug-iphonesimulator/PowerSyncCoreShim.build/DerivedSources-normal/arm64 -I/Users/runner/Library/Developer/Xcode/DerivedData/Sanvya-bwihhsrkmjvgkfalnfskjfhhbvju/Build/Intermediates.noindex/PowerSync.build/Debug-iphonesimulator/PowerSyncCoreShim.build/DerivedSources/arm64 -I/Users/runner/Library/Developer/Xcode/DerivedData/Sanvya-bwihhsrkmjvgkfalnfskjfhhbvju/Build/Intermediates.noindex/PowerSync.build/Debug-iphonesimulator/PowerSyncCoreShim.build/DerivedSources -F/Users/runner/Library/Developer/Xcode/DerivedData/Sanvya-bwihhsrkmjvgkfalnfskjfhhbvju/Build/Products/Debug-iphonesimulator -iframework /Applications/Xcode_26.6.app/Contents/Developer/Platforms/iPhoneSimulator.platform/Developer/Library/Frameworks -iframework /Applications/Xcode_26.6.app/Contents/Developer/Platforms/iPhoneSimulator.platform/Developer/SDKs/iPhoneSimulator26.5.sdk/Developer/Library/Frameworks -DXcode

Copy /Users/runner/Library/Developer/Xcode/DerivedData/Sanvya-bwihhsrkmjvgkfalnfskjfhhbvju/Build/Intermediates.noindex/GeneratedModuleMaps-iphonesimulator/PowerSyncCoreShim.modulemap /Users/runner/Library/Developer/Xcode/DerivedData/Sanvya-bwihhsrkmjvgkfalnfskjfhhbvju/Build/Intermediates.noindex/PowerSync.build/Debug-iphonesimulator/PowerSyncCoreShim.build/PowerSyncCoreShim.modulemap (in target 'PowerSyncCoreShim' from project 'PowerSync')
    cd /Users/runner/Library/Developer/Xcode/DerivedData/Sanvya-bwihhsrkmjvgkfalnfskjfhhbvju/SourcePackages/checkouts/powersync-swift
    builtin-copy -exclude .DS_Store -exclude CVS -exclude .svn -exclude .git -exclude .hg -resolve-src-symlinks /Users/runner/Library/Developer/Xcode/DerivedData/Sanvya-bwihhsrkmjvgkfalnfskjfhhbvju/Build/Intermediates.noindex/PowerSync.build/Debug-iphonesimulator/PowerSyncCoreShim.build/PowerSyncCoreShim.modulemap /Users/runner/Library/Developer/Xcode/DerivedData/Sanvya-bwihhsrkmjvgkfalnfskjfhhbvju/Build/Intermediates.noindex/GeneratedModuleMaps-iphonesimulator

MkDir /Users/runner/Library/Developer/Xcode/DerivedData/Sanvya-bwihhsrkmjvgkfalnfskjfhhbvju/Build/Products/Debug-iphonesimulator/Sanvya.app/PlugIns (in target 'Sanvya' from project 'Sanvya')
    cd /Users/runner/work/pocketcare-app/pocketcare-app/apps/ios
    /bin/mkdir -p /Users/runner/Library/Developer/Xcode/DerivedData/Sanvya-bwihhsrkmjvgkfalnfskjfhhbvju/Build/Products/Debug-iphonesimulator/Sanvya.app/PlugIns

MkDir /Users/runner/Library/Developer/Xcode/DerivedData/Sanvya-bwihhsrkmjvgkfalnfskjfhhbvju/Build/Products/Debug-iphonesimulator/Sanvya.app/Frameworks (in target 'Sanvya' from project 'Sanvya')
    cd /Users/runner/work/pocketcare-app/pocketcare-app/apps/ios
    /bin/mkdir -p /Users/runner/Library/Developer/Xcode/DerivedData/Sanvya-bwihhsrkmjvgkfalnfskjfhhbvju/Build/Products/Debug-iphonesimulator/Sanvya.app/Frameworks

MkDir /Users/runner/Library/Developer/Xcode/DerivedData/Sanvya-bwihhsrkmjvgkfalnfskjfhhbvju/Build/Products/Debug-iphonesimulator/Sanvya.app (in target 'Sanvya' from project 'Sanvya')
    cd /Users/runner/work/pocketcare-app/pocketcare-app/apps/ios
    /bin/mkdir -p /Users/runner/Library/Developer/Xcode/DerivedData/Sanvya-bwihhsrkmjvgkfalnfskjfhhbvju/Build/Products/Debug-iphonesimulator/Sanvya.app

WriteAuxiliaryFile /Users/runner/Library/Developer/Xcode/DerivedData/Sanvya-bwihhsrkmjvgkfalnfskjfhhbvju/Build/Intermediates.noindex/PowerSync.build/Debug-iphonesimulator/PowerSync.build/PowerSync.modulemap (in target 'PowerSync' from project 'PowerSync')
    cd /Users/runner/Library/Developer/Xcode/DerivedData/Sanvya-bwihhsrkmjvgkfalnfskjfhhbvju/SourcePackages/checkouts/powersync-swift
    write-file /Users/runner/Library/Developer/Xcode/DerivedData/Sanvya-bwihhsrkmjvgkfalnfskjfhhbvju/Build/Intermediates.noindex/PowerSync.build/Debug-iphonesimulator/PowerSync.build/PowerSync.modulemap

WriteAuxiliaryFile /Users/runner/Library/Developer/Xcode/DerivedData/Sanvya-bwihhsrkmjvgkfalnfskjfhhbvju/Build/Intermediates.noindex/PowerSync.build/Debug-iphonesimulator/PowerSync.build/PowerSync.DependencyStaticMetadataFileList (in target 'PowerSync' from project 'PowerSync')
    cd /Users/runner/Library/Developer/Xcode/DerivedData/Sanvya-bwihhsrkmjvgkfalnfskjfhhbvju/SourcePackages/checkouts/powersync-swift
    write-file /Users/runner/Library/Developer/Xcode/DerivedData/Sanvya-bwihhsrkmjvgkfalnfskjfhhbvju/Build/Intermediates.noindex/PowerSync.build/Debug-iphonesimulator/PowerSync.build/PowerSync.DependencyStaticMetadataFileList

WriteAuxiliaryFile /Users/runner/Library/Developer/Xcode/DerivedData/Sanvya-bwihhsrkmjvgkfalnfskjfhhbvju/Build/Intermediates.noindex/PowerSync.build/Debug-iphonesimulator/PowerSync.build/PowerSync.DependencyMetadataFileList (in target 'PowerSync' from project 'PowerSync')
    cd /Users/runner/Library/Developer/Xcode/DerivedData/Sanvya-bwihhsrkmjvgkfalnfskjfhhbvju/SourcePackages/checkouts/powersync-swift
    write-file /Users/runner/Library/Developer/Xcode/DerivedData/Sanvya-bwihhsrkmjvgkfalnfskjfhhbvju/Build/Intermediates.noindex/PowerSync.build/Debug-iphonesimulator/PowerSync.build/PowerSync.DependencyMetadataFileList

WriteAuxiliaryFile /Users/runner/Library/Developer/Xcode/DerivedData/Sanvya-bwihhsrkmjvgkfalnfskjfhhbvju/Build/Intermediates.noindex/PowerSync.build/Debug-iphonesimulator/PowerSync.build/Objects-normal/arm64/PowerSync_const_extract_protocols.json (in target 'PowerSync' from project 'PowerSync')
    cd /Users/runner/Library/Developer/Xcode/DerivedData/Sanvya-bwihhsrkmjvgkfalnfskjfhhbvju/SourcePackages/checkouts/powersync-swift
    write-file /Users/runner/Library/Developer/Xcode/DerivedData/Sanvya-bwihhsrkmjvgkfalnfskjfhhbvju/Build/Intermediates.noindex/PowerSync.build/Debug-iphonesimulator/PowerSync.build/Objects-normal/arm64/PowerSync_const_extract_protocols.json

WriteAuxiliaryFile /Users/runner/Library/Developer/Xcode/DerivedData/Sanvya-bwihhsrkmjvgkfalnfskjfhhbvju/Build/Intermediates.noindex/PowerSync.build/Debug-iphonesimulator/PowerSync.build/Objects-normal/arm64/PowerSync.SwiftFileList (in target 'PowerSync' from project 'PowerSync')
    cd /Users/runner/Library/Developer/Xcode/DerivedData/Sanvya-bwihhsrkmjvgkfalnfskjfhhbvju/SourcePackages/checkouts/powersync-swift
    write-file /Users/runner/Library/Developer/Xcode/DerivedData/Sanvya-bwihhsrkmjvgkfalnfskjfhhbvju/Build/Intermediates.noindex/PowerSync.build/Debug-iphonesimulator/PowerSync.build/Objects-normal/arm64/PowerSync.SwiftFileList

WriteAuxiliaryFile /Users/runner/Library/Developer/Xcode/DerivedData/Sanvya-bwihhsrkmjvgkfalnfskjfhhbvju/Build/Intermediates.noindex/PowerSync.build/Debug-iphonesimulator/PowerSync.build/Objects-normal/arm64/PowerSync.SwiftConstValuesFileList (in target 'PowerSync' from project 'PowerSync')
    cd /Users/runner/Library/Developer/Xcode/DerivedData/Sanvya-bwihhsrkmjvgkfalnfskjfhhbvju/SourcePackages/checkouts/powersync-swift
    write-file /Users/runner/Library/Developer/Xcode/DerivedData/Sanvya-bwihhsrkmjvgkfalnfskjfhhbvju/Build/Intermediates.noindex/PowerSync.build/Debug-iphonesimulator/PowerSync.build/Objects-normal/arm64/PowerSync.SwiftConstValuesFileList

WriteAuxiliaryFile /Users/runner/Library/Developer/Xcode/DerivedData/Sanvya-bwihhsrkmjvgkfalnfskjfhhbvju/Build/Intermediates.noindex/PowerSync.build/Debug-iphonesimulator/PowerSync.build/Objects-normal/arm64/PowerSync.LinkFileList (in target 'PowerSync' from project 'PowerSync')
    cd /Users/runner/Library/Developer/Xcode/DerivedData/Sanvya-bwihhsrkmjvgkfalnfskjfhhbvju/SourcePackages/checkouts/powersync-swift
    write-file /Users/runner/Library/Developer/Xcode/DerivedData/Sanvya-bwihhsrkmjvgkfalnfskjfhhbvju/Build/Intermediates.noindex/PowerSync.build/Debug-iphonesimulator/PowerSync.build/Objects-normal/arm64/PowerSync.LinkFileList

WriteAuxiliaryFile /Users/runner/Library/Developer/Xcode/DerivedData/Sanvya-bwihhsrkmjvgkfalnfskjfhhbvju/Build/Intermediates.noindex/PowerSync.build/Debug-iphonesimulator/PowerSync.build/Objects-normal/arm64/PowerSync-OutputFileMap.json (in target 'PowerSync' from project 'PowerSync')
    cd /Users/runner/Library/Developer/Xcode/DerivedData/Sanvya-bwihhsrkmjvgkfalnfskjfhhbvju/SourcePackages/checkouts/powersync-swift
    write-file /Users/runner/Library/Developer/Xcode/DerivedData/Sanvya-bwihhsrkmjvgkfalnfskjfhhbvju/Build/Intermediates.noindex/PowerSync.build/Debug-iphonesimulator/PowerSync.build/Objects-normal/arm64/PowerSync-OutputFileMap.json

Copy /Users/runner/Library/Developer/Xcode/DerivedData/Sanvya-bwihhsrkmjvgkfalnfskjfhhbvju/Build/Intermediates.noindex/GeneratedModuleMaps-iphonesimulator/PowerSync.modulemap /Users/runner/Library/Developer/Xcode/DerivedData/Sanvya-bwihhsrkmjvgkfalnfskjfhhbvju/Build/Intermediates.noindex/PowerSync.build/Debug-iphonesimulator/PowerSync.build/PowerSync.modulemap (in target 'PowerSync' from project 'PowerSync')
    cd /Users/runner/Library/Developer/Xcode/DerivedData/Sanvya-bwihhsrkmjvgkfalnfskjfhhbvju/SourcePackages/checkouts/powersync-swift
    builtin-copy -exclude .DS_Store -exclude CVS -exclude .svn -exclude .git -exclude .hg -resolve-src-symlinks /Users/runner/Library/Developer/Xcode/DerivedData/Sanvya-bwihhsrkmjvgkfalnfskjfhhbvju/Build/Intermediates.noindex/PowerSync.build/Debug-iphonesimulator/PowerSync.build/PowerSync.modulemap /Users/runner/Library/Developer/Xcode/DerivedData/Sanvya-bwihhsrkmjvgkfalnfskjfhhbvju/Build/Intermediates.noindex/GeneratedModuleMaps-iphonesimulator

RegisterExecutionPolicyException /Users/runner/Library/Developer/Xcode/DerivedData/Sanvya-bwihhsrkmjvgkfalnfskjfhhbvju/Build/Products/Debug-iphonesimulator/Factory_Factory.bundle (in target 'Factory_Factory' from project 'Factory')
    cd /Users/runner/Library/Developer/Xcode/DerivedData/Sanvya-bwihhsrkmjvgkfalnfskjfhhbvju/SourcePackages/checkouts/Factory
    builtin-RegisterExecutionPolicyException /Users/runner/Library/Developer/Xcode/DerivedData/Sanvya-bwihhsrkmjvgkfalnfskjfhhbvju/Build/Products/Debug-iphonesimulator/Factory_Factory.bundle

Touch /Users/runner/Library/Developer/Xcode/DerivedData/Sanvya-bwihhsrkmjvgkfalnfskjfhhbvju/Build/Products/Debug-iphonesimulator/Factory_Factory.bundle (in target 'Factory_Factory' from project 'Factory')
    cd /Users/runner/Library/Developer/Xcode/DerivedData/Sanvya-bwihhsrkmjvgkfalnfskjfhhbvju/SourcePackages/checkouts/Factory
    /usr/bin/touch -c /Users/runner/Library/Developer/Xcode/DerivedData/Sanvya-bwihhsrkmjvgkfalnfskjfhhbvju/Build/Products/Debug-iphonesimulator/Factory_Factory.bundle

SwiftDriver IssueReporting normal arm64 com.apple.xcode.tools.swift.compiler (in target 'IssueReporting' from project 'xctest-dynamic-overlay')
    cd /Users/runner/work/pocketcare-app/pocketcare-app/apps/ios/Sanvya.xcodeproj
    builtin-SwiftDriver -- /Applications/Xcode_26.6.app/Contents/Developer/Toolchains/XcodeDefault.xctoolchain/usr/bin/swiftc -module-name IssueReporting -Onone @/Users/runner/Library/Developer/Xcode/DerivedData/Sanvya-bwihhsrkmjvgkfalnfskjfhhbvju/Build/Intermediates.noindex/xctest-dynamic-overlay.build/Debug-iphonesimulator/IssueReporting.build/Objects-normal/arm64/IssueReporting.SwiftFileList -DSWIFT_PACKAGE -DDEBUG -DSWIFT_MODULE_RESOURCE_BUNDLE_UNAVAILABLE -DXcode -enable-upcoming-feature ExistentialAny -enable-upcoming-feature ImmutableWeakCaptures -enable-upcoming-feature InferIsolatedConformances -enable-upcoming-feature InternalImportsByDefault -enable-upcoming-feature MemberImportVisibility -enable-upcoming-feature NonisolatedNonsendingByDefault -plugin-path /Applications/Xcode_26.6.app/Contents/Developer/Toolchains/XcodeDefault.xctoolchain/usr/lib/swift/host/plugins/testing -enable-experimental-feature DebugDescriptionMacro -sdk /Applications/Xcode_26.6.app/Contents/Developer/Platforms/iPhoneSimulator.platform/Developer/SDKs/iPhoneSimulator26.5.sdk -target arm64-apple-ios13.0-simulator -g -module-cache-path /Users/runner/Library/Developer/Xcode/DerivedData/ModuleCache.noindex -Xfrontend -serialize-debugging-options -enable-testing -suppress-warnings -index-store-path /Users/runner/Library/Developer/Xcode/DerivedData/Sanvya-bwihhsrkmjvgkfalnfskjfhhbvju/Index.noindex/DataStore -Xcc -D_LIBCPP_HARDENING_MODE\=_LIBCPP_HARDENING_MODE_DEBUG -swift-version 6 -I /Users/runner/Library/Developer/Xcode/DerivedData/Sanvya-bwihhsrkmjvgkfalnfskjfhhbvju/Build/Products/Debug-iphonesimulator -Isystem /Applications/Xcode_26.6.app/Contents/Developer/Platforms/iPhoneSimulator.platform/Developer/usr/lib -F /Users/runner/Library/Developer/Xcode/DerivedData/Sanvya-bwihhsrkmjvgkfalnfskjfhhbvju/Build/Products/Debug-iphonesimulator -F /Applications/Xcode_26.6.app/Contents/Developer/Platforms/iPhoneSimulator.platform/Developer/Library/Frameworks -F /Applications/Xcode_26.6.app/Contents/Developer/Platforms/iPhoneSimulator.platform/Developer/SDKs/iPhoneSimulator26.5.sdk/Developer/Library/Frameworks -c -j3 -enable-batch-mode -incremental -Xcc -ivfsstatcache -Xcc /Users/runner/Library/Developer/Xcode/DerivedData/SDKStatCaches.noindex/iphonesimulator26.5-23F81a-688ef53f1462e2c8f657fdc38a81448ff45c64a1807a658693f2a61704f17a36.sdkstatcache -output-file-map /Users/runner/Library/Developer/Xcode/DerivedData/Sanvya-bwihhsrkmjvgkfalnfskjfhhbvju/Build/Intermediates.noindex/xctest-dynamic-overlay.build/Debug-iphonesimulator/IssueReporting.build/Objects-normal/arm64/IssueReporting-OutputFileMap.json -use-frontend-parseable-output -save-temps -no-color-diagnostics -explicit-module-build -module-cache-path /Users/runner/Library/Developer/Xcode/DerivedData/Sanvya-bwihhsrkmjvgkfalnfskjfhhbvju/Build/Intermediates.noindex/SwiftExplicitPrecompiledModules -clang-scanner-module-cache-path /Users/runner/Library/Developer/Xcode/DerivedData/ModuleCache.noindex -sdk-module-cache-path /Users/runner/Library/Developer/Xcode/DerivedData/ModuleCache.noindex -serialize-diagnostics -emit-dependencies -emit-module -emit-module-path /Users/runner/Library/Developer/Xcode/DerivedData/Sanvya-bwihhsrkmjvgkfalnfskjfhhbvju/Build/Intermediates.noindex/xctest-dynamic-overlay.build/Debug-iphonesimulator/IssueReporting.build/Objects-normal/arm64/IssueReporting.swiftmodule -user-module-version 1.11.0 -validate-clang-modules-once -clang-build-session-file /Users/runner/Library/Developer/Xcode/DerivedData/ModuleCache.noindex/Session.modulevalidation -package-name xctest_dynamic_overlay -Xcc -I/Users/runner/Library/Developer/Xcode/DerivedData/Sanvya-bwihhsrkmjvgkfalnfskjfhhbvju/Build/Intermediates.noindex/xctest-dynamic-overlay.build/Debug-iphonesimulator/IssueReporting.build/swift-overrides.hmap -emit-const-values -Xfrontend -const-gather-protocols-file -Xfrontend /Users/runner/Library/Developer/Xcode/DerivedData/Sanvya-bwihhsrkmjvgkfalnfskjfhhbvju/Build/Intermediates.noindex/xctest-dynamic-overlay.build/Debug-iphonesimulator/IssueReporting.build/Objects-normal/arm64/IssueReporting_const_extract_protocols.json -Xcc -I/Users/runner/Library/Developer/Xcode/DerivedData/Sanvya-bwihhsrkmjvgkfalnfskjfhhbvju/Build/Products/Debug-iphonesimulator/include -Xcc -I/Users/runner/Library/Developer/Xcode/DerivedData/Sanvya-bwihhsrkmjvgkfalnfskjfhhbvju/Build/Intermediates.noindex/xctest-dynamic-overlay.build/Debug-iphonesimulator/IssueReporting.build/DerivedSources-normal/arm64 -Xcc -I/Users/runner/Library/Developer/Xcode/DerivedData/Sanvya-bwihhsrkmjvgkfalnfskjfhhbvju/Build/Intermediates.noindex/xctest-dynamic-overlay.build/Debug-iphonesimulator/IssueReporting.build/DerivedSources/arm64 -Xcc -I/Users/runner/Library/Developer/Xcode/DerivedData/Sanvya-bwihhsrkmjvgkfalnfskjfhhbvju/Build/Intermediates.noindex/xctest-dynamic-overlay.build/Debug-iphonesimulator/IssueReporting.build/DerivedSources -Xcc -DSWIFT_PACKAGE -Xcc -DDEBUG\=1 -emit-objc-header -emit-objc-header-path /Users/runner/Library/Developer/Xcode/DerivedData/Sanvya-bwihhsrkmjvgkfalnfskjfhhbvju/Build/Intermediates.noindex/xctest-dynamic-overlay.build/Debug-iphonesimulator/IssueReporting.build/Objects-normal/arm64/IssueReporting-Swift.h -working-directory /Users/runner/work/pocketcare-app/pocketcare-app/apps/ios/Sanvya.xcodeproj -experimental-emit-module-separately -disable-cmo

SwiftDriver InternalCollectionsUtilities normal arm64 com.apple.xcode.tools.swift.compiler (in target 'InternalCollectionsUtilities' from project 'swift-collections')
    cd /Users/runner/work/pocketcare-app/pocketcare-app/apps/ios/Sanvya.xcodeproj
    builtin-SwiftDriver -- /Applications/Xcode_26.6.app/Contents/Developer/Toolchains/XcodeDefault.xctoolchain/usr/bin/swiftc -module-name InternalCollectionsUtilities -Onone @/Users/runner/Library/Developer/Xcode/DerivedData/Sanvya-bwihhsrkmjvgkfalnfskjfhhbvju/Build/Intermediates.noindex/swift-collections.build/Debug-iphonesimulator/InternalCollectionsUtilities.build/Objects-normal/arm64/InternalCollectionsUtilities.SwiftFileList -DSWIFT_PACKAGE -DDEBUG -DSWIFT_MODULE_RESOURCE_BUNDLE_UNAVAILABLE -DCOLLECTIONS_RANDOMIZED_TESTING -DXcode -enable-experimental-feature AvailabilityMacro\=SwiftStdlib\ 5.0:\ macOS\ 10.14.4,\ iOS\ 12.2,\ watchOS\ 5.2,\ tvOS\ 12.2 -enable-experimental-feature AvailabilityMacro\=SwiftStdlib\ 5.1:\ macOS\ 10.15,\ iOS\ 13.0,\ watchOS\ 6.0,\ tvOS\ 13.0 -enable-experimental-feature AvailabilityMacro\=SwiftStdlib\ 5.6:\ macOS\ 12.3,\ iOS\ 15.4,\ watchOS\ 8.5,\ tvOS\ 15.4 -enable-experimental-feature AvailabilityMacro\=SwiftStdlib\ 5.7:\ macOS\ 13.0,\ iOS\ 16.0,\ watchOS\ 9.0,\ tvOS\ 16.0 -enable-experimental-feature AvailabilityMacro\=SwiftStdlib\ 5.8:\ macOS\ 13.3,\ iOS\ 16.4,\ watchOS\ 9.4,\ tvOS\ 16.4 -enable-experimental-feature AvailabilityMacro\=SwiftStdlib\ 5.9:\ macOS\ 14.0,\ iOS\ 17.0,\ watchOS\ 10.0,\ tvOS\ 17.0 -enable-experimental-feature AvailabilityMacro\=SwiftStdlib\ 5.10:\ macOS\ 14.4,\ iOS\ 17.4,\ watchOS\ 10.4,\ tvOS\ 17.4,\ visionOS\ 1.1 -enable-experimental-feature AvailabilityMacro\=SwiftStdlib\ 6.0:\ macOS\ 15.0,\ iOS\ 18.0,\ watchOS\ 11.0,\ tvOS\ 18.0,\ visionOS\ 2.0 -enable-experimental-feature AvailabilityMacro\=SwiftStdlib\ 6.1:\ macOS\ 15.4,\ iOS\ 18.4,\ watchOS\ 11.4,\ tvOS\ 18.4,\ visionOS\ 2.4 -enable-experimental-feature AvailabilityMacro\=SwiftStdlib\ 6.2:\ macOS\ 26.0,\ iOS\ 26.0,\ watchOS\ 26.0,\ tvOS\ 26.0,\ visionOS\ 26.0 -enable-experimental-feature AvailabilityMacro\=SwiftStdlib\ 6.3:\ macOS\ 26.4,\ iOS\ 26.4,\ watchOS\ 26.4,\ tvOS\ 26.4,\ visionOS\ 26.4 -enable-experimental-feature AvailabilityMacro\=SwiftStdlib\ 6.4:\ macOS\ 9999,\ iOS\ 9999,\ watchOS\ 9999,\ tvOS\ 9999,\ visionOS\ 9999 -enable-experimental-feature AvailabilityMacro\=SwiftStdlib\ 6.5:\ macOS\ 9999,\ iOS\ 9999,\ watchOS\ 9999,\ tvOS\ 9999,\ visionOS\ 9999 -enable-upcoming-feature MemberImportVisibility -enable-experimental-feature BuiltinModule -enable-experimental-feature Lifetimes -enable-experimental-feature InoutLifetimeDependence -enable-experimental-feature AddressableParameters -enable-experimental-feature AddressableTypes -enable-experimental-feature SuppressedAssociatedTypesWithDefaults -plugin-path /Applications/Xcode_26.6.app/Contents/Developer/Toolchains/XcodeDefault.xctoolchain/usr/lib/swift/host/plugins/testing -enable-experimental-feature DebugDescriptionMacro -sdk /Applications/Xcode_26.6.app/Contents/Developer/Platforms/iPhoneSimulator.platform/Developer/SDKs/iPhoneSimulator26.5.sdk -target arm64-apple-ios12.0-simulator -g -module-cache-path /Users/runner/Library/Developer/Xcode/DerivedData/ModuleCache.noindex -Xfrontend -serialize-debugging-options -enable-testing -suppress-warnings -index-store-path /Users/runner/Library/Developer/Xcode/DerivedData/Sanvya-bwihhsrkmjvgkfalnfskjfhhbvju/Index.noindex/DataStore -Xcc -D_LIBCPP_HARDENING_MODE\=_LIBCPP_HARDENING_MODE_DEBUG -swift-version 6 -I /Users/runner/Library/Developer/Xcode/DerivedData/Sanvya-bwihhsrkmjvgkfalnfskjfhhbvju/Build/Products/Debug-iphonesimulator -Isystem /Applications/Xcode_26.6.app/Contents/Developer/Platforms/iPhoneSimulator.platform/Developer/usr/lib -F /Users/runner/Library/Developer/Xcode/DerivedData/Sanvya-bwihhsrkmjvgkfalnfskjfhhbvju/Build/Products/Debug-iphonesimulator -F /Applications/Xcode_26.6.app/Contents/Developer/Platforms/iPhoneSimulator.platform/Developer/Library/Frameworks -F /Applications/Xcode_26.6.app/Contents/Developer/Platforms/iPhoneSimulator.platform/Developer/SDKs/iPhoneSimulator26.5.sdk/Developer/Library/Frameworks -c -j3 -enable-batch-mode -incremental -Xcc -ivfsstatcache -Xcc /Users/runner/Library/Developer/Xcode/DerivedData/SDKStatCaches.noindex/iphonesimulator26.5-23F81a-688ef53f1462e2c8f657fdc38a81448ff45c64a1807a658693f2a61704f17a36.sdkstatcache -output-file-map /Users/runner/Library/Developer/Xcode/DerivedData/Sanvya-bwihhsrkmjvgkfalnfskjfhhbvju/Build/Intermediates.noindex/swift-collections.build/Debug-iphonesimulator/InternalCollectionsUtilities.build/Objects-normal/arm64/InternalCollectionsUtilities-OutputFileMap.json -use-frontend-parseable-output -save-temps -no-color-diagnostics -explicit-module-build -module-cache-path /Users/runner/Library/Developer/Xcode/DerivedData/Sanvya-bwihhsrkmjvgkfalnfskjfhhbvju/Build/Intermediates.noindex/SwiftExplicitPrecompiledModules -clang-scanner-module-cache-path /Users/runner/Library/Developer/Xcode/DerivedData/ModuleCache.noindex -sdk-module-cache-path /Users/runner/Library/Developer/Xcode/DerivedData/ModuleCache.noindex -serialize-diagnostics -emit-dependencies -emit-module -emit-module-path /Users/runner/Library/Developer/Xcode/DerivedData/Sanvya-bwihhsrkmjvgkfalnfskjfhhbvju/Build/Intermediates.noindex/swift-collections.build/Debug-iphonesimulator/InternalCollectionsUtilities.build/Objects-normal/arm64/InternalCollectionsUtilities.swiftmodule -user-module-version 1.6.0 -validate-clang-modules-once -clang-build-session-file /Users/runner/Library/Developer/Xcode/DerivedData/ModuleCache.noindex/Session.modulevalidation -package-name swift_collections -Xcc -I/Users/runner/Library/Developer/Xcode/DerivedData/Sanvya-bwihhsrkmjvgkfalnfskjfhhbvju/Build/Intermediates.noindex/swift-collections.build/Debug-iphonesimulator/InternalCollectionsUtilities.build/swift-overrides.hmap -emit-const-values -Xfrontend -const-gather-protocols-file -Xfrontend /Users/runner/Library/Developer/Xcode/DerivedData/Sanvya-bwihhsrkmjvgkfalnfskjfhhbvju/Build/Intermediates.noindex/swift-collections.build/Debug-iphonesimulator/InternalCollectionsUtilities.build/Objects-normal/arm64/InternalCollectionsUtilities_const_extract_protocols.json -Xcc -I/Users/runner/Library/Developer/Xcode/DerivedData/Sanvya-bwihhsrkmjvgkfalnfskjfhhbvju/Build/Products/Debug-iphonesimulator/include -Xcc -I/Users/runner/Library/Developer/Xcode/DerivedData/Sanvya-bwihhsrkmjvgkfalnfskjfhhbvju/Build/Intermediates.noindex/swift-collections.build/Debug-iphonesimulator/InternalCollectionsUtilities.build/DerivedSources-normal/arm64 -Xcc -I/Users/runner/Library/Developer/Xcode/DerivedData/Sanvya-bwihhsrkmjvgkfalnfskjfhhbvju/Build/Intermediates.noindex/swift-collections.build/Debug-iphonesimulator/InternalCollectionsUtilities.build/DerivedSources/arm64 -Xcc -I/Users/runner/Library/Developer/Xcode/DerivedData/Sanvya-bwihhsrkmjvgkfalnfskjfhhbvju/Build/Intermediates.noindex/swift-collections.build/Debug-iphonesimulator/InternalCollectionsUtilities.build/DerivedSources -Xcc -DSWIFT_PACKAGE -Xcc -DDEBUG\=1 -emit-objc-header -emit-objc-header-path /Users/runner/Library/Developer/Xcode/DerivedData/Sanvya-bwihhsrkmjvgkfalnfskjfhhbvju/Build/Intermediates.noindex/swift-collections.build/Debug-iphonesimulator/InternalCollectionsUtilities.build/Objects-normal/arm64/InternalCollectionsUtilities-Swift.h -working-directory /Users/runner/work/pocketcare-app/pocketcare-app/apps/ios/Sanvya.xcodeproj -experimental-emit-module-separately -disable-cmo

SwiftDriver HTTPTypes normal arm64 com.apple.xcode.tools.swift.compiler (in target 'HTTPTypes' from project 'swift-http-types')
    cd /Users/runner/work/pocketcare-app/pocketcare-app/apps/ios/Sanvya.xcodeproj
    builtin-SwiftDriver -- /Applications/Xcode_26.6.app/Contents/Developer/Toolchains/XcodeDefault.xctoolchain/usr/bin/swiftc -module-name HTTPTypes -Onone @/Users/runner/Library/Developer/Xcode/DerivedData/Sanvya-bwihhsrkmjvgkfalnfskjfhhbvju/Build/Intermediates.noindex/swift-http-types.build/Debug-iphonesimulator/HTTPTypes.build/Objects-normal/arm64/HTTPTypes.SwiftFileList -DSWIFT_PACKAGE -DDEBUG -DSWIFT_MODULE_RESOURCE_BUNDLE_UNAVAILABLE -DFoundationURL -DXcode -enable-upcoming-feature InternalImportsByDefault -enable-upcoming-feature MemberImportVisibility -plugin-path /Applications/Xcode_26.6.app/Contents/Developer/Toolchains/XcodeDefault.xctoolchain/usr/lib/swift/host/plugins/testing -enable-experimental-feature DebugDescriptionMacro -sdk /Applications/Xcode_26.6.app/Contents/Developer/Platforms/iPhoneSimulator.platform/Developer/SDKs/iPhoneSimulator26.5.sdk -target arm64-apple-ios12.0-simulator -g -module-cache-path /Users/runner/Library/Developer/Xcode/DerivedData/ModuleCache.noindex -Xfrontend -serialize-debugging-options -enable-testing -suppress-warnings -index-store-path /Users/runner/Library/Developer/Xcode/DerivedData/Sanvya-bwihhsrkmjvgkfalnfskjfhhbvju/Index.noindex/DataStore -Xcc -D_LIBCPP_HARDENING_MODE\=_LIBCPP_HARDENING_MODE_DEBUG -swift-version 6 -I /Users/runner/Library/Developer/Xcode/DerivedData/Sanvya-bwihhsrkmjvgkfalnfskjfhhbvju/Build/Products/Debug-iphonesimulator -Isystem /Applications/Xcode_26.6.app/Contents/Developer/Platforms/iPhoneSimulator.platform/Developer/usr/lib -F /Users/runner/Library/Developer/Xcode/DerivedData/Sanvya-bwihhsrkmjvgkfalnfskjfhhbvju/Build/Products/Debug-iphonesimulator -F /Applications/Xcode_26.6.app/Contents/Developer/Platforms/iPhoneSimulator.platform/Developer/Library/Frameworks -F /Applications/Xcode_26.6.app/Contents/Developer/Platforms/iPhoneSimulator.platform/Developer/SDKs/iPhoneSimulator26.5.sdk/Developer/Library/Frameworks -c -j3 -enable-batch-mode -incremental -Xcc -ivfsstatcache -Xcc /Users/runner/Library/Developer/Xcode/DerivedData/SDKStatCaches.noindex/iphonesimulator26.5-23F81a-688ef53f1462e2c8f657fdc38a81448ff45c64a1807a658693f2a61704f17a36.sdkstatcache -output-file-map /Users/runner/Library/Developer/Xcode/DerivedData/Sanvya-bwihhsrkmjvgkfalnfskjfhhbvju/Build/Intermediates.noindex/swift-http-types.build/Debug-iphonesimulator/HTTPTypes.build/Objects-normal/arm64/HTTPTypes-OutputFileMap.json -use-frontend-parseable-output -save-temps -no-color-diagnostics -explicit-module-build -module-cache-path /Users/runner/Library/Developer/Xcode/DerivedData/Sanvya-bwihhsrkmjvgkfalnfskjfhhbvju/Build/Intermediates.noindex/SwiftExplicitPrecompiledModules -clang-scanner-module-cache-path /Users/runner/Library/Developer/Xcode/DerivedData/ModuleCache.noindex -sdk-module-cache-path /Users/runner/Library/Developer/Xcode/DerivedData/ModuleCache.noindex -serialize-diagnostics -emit-dependencies -emit-module -emit-module-path /Users/runner/Library/Developer/Xcode/DerivedData/Sanvya-bwihhsrkmjvgkfalnfskjfhhbvju/Build/Intermediates.noindex/swift-http-types.build/Debug-iphonesimulator/HTTPTypes.build/Objects-normal/arm64/HTTPTypes.swiftmodule -user-module-version 1.6.0 -validate-clang-modules-once -clang-build-session-file /Users/runner/Library/Developer/Xcode/DerivedData/ModuleCache.noindex/Session.modulevalidation -package-name swift_http_types -Xcc -I/Users/runner/Library/Developer/Xcode/DerivedData/Sanvya-bwihhsrkmjvgkfalnfskjfhhbvju/Build/Intermediates.noindex/swift-http-types.build/Debug-iphonesimulator/HTTPTypes.build/swift-overrides.hmap -emit-const-values -Xfrontend -const-gather-protocols-file -Xfrontend /Users/runner/Library/Developer/Xcode/DerivedData/Sanvya-bwihhsrkmjvgkfalnfskjfhhbvju/Build/Intermediates.noindex/swift-http-types.build/Debug-iphonesimulator/HTTPTypes.build/Objects-normal/arm64/HTTPTypes_const_extract_protocols.json -Xcc -I/Users/runner/Library/Developer/Xcode/DerivedData/Sanvya-bwihhsrkmjvgkfalnfskjfhhbvju/Build/Products/Debug-iphonesimulator/include -Xcc -I/Users/runner/Library/Developer/Xcode/DerivedData/Sanvya-bwihhsrkmjvgkfalnfskjfhhbvju/Build/Intermediates.noindex/swift-http-types.build/Debug-iphonesimulator/HTTPTypes.build/DerivedSources-normal/arm64 -Xcc -I/Users/runner/Library/Developer/Xcode/DerivedData/Sanvya-bwihhsrkmjvgkfalnfskjfhhbvju/Build/Intermediates.noindex/swift-http-types.build/Debug-iphonesimulator/HTTPTypes.build/DerivedSources/arm64 -Xcc -I/Users/runner/Library/Developer/Xcode/DerivedData/Sanvya-bwihhsrkmjvgkfalnfskjfhhbvju/Build/Intermediates.noindex/swift-http-types.build/Debug-iphonesimulator/HTTPTypes.build/DerivedSources -Xcc -DSWIFT_PACKAGE -Xcc -DDEBUG\=1 -emit-objc-header -emit-objc-header-path /Users/runner/Library/Developer/Xcode/DerivedData/Sanvya-bwihhsrkmjvgkfalnfskjfhhbvju/Build/Intermediates.noindex/swift-http-types.build/Debug-iphonesimulator/HTTPTypes.build/Objects-normal/arm64/HTTPTypes-Swift.h -working-directory /Users/runner/work/pocketcare-app/pocketcare-app/apps/ios/Sanvya.xcodeproj -experimental-emit-module-separately -disable-cmo

SwiftDriver Factory normal arm64 com.apple.xcode.tools.swift.compiler (in target 'Factory' from project 'Factory')
    cd /Users/runner/work/pocketcare-app/pocketcare-app/apps/ios/Sanvya.xcodeproj
    builtin-SwiftDriver -- /Applications/Xcode_26.6.app/Contents/Developer/Toolchains/XcodeDefault.xctoolchain/usr/bin/swiftc -module-name Factory -Onone @/Users/runner/Library/Developer/Xcode/DerivedData/Sanvya-bwihhsrkmjvgkfalnfskjfhhbvju/Build/Intermediates.noindex/Factory.build/Debug-iphonesimulator/Factory.build/Objects-normal/arm64/Factory.SwiftFileList -DSWIFT_PACKAGE -DDEBUG -DSWIFT_MODULE_RESOURCE_BUNDLE_AVAILABLE -DXcode -enable-experimental-feature StrictConcurrency -plugin-path /Applications/Xcode_26.6.app/Contents/Developer/Toolchains/XcodeDefault.xctoolchain/usr/lib/swift/host/plugins/testing -enable-experimental-feature DebugDescriptionMacro -sdk /Applications/Xcode_26.6.app/Contents/Developer/Platforms/iPhoneSimulator.platform/Developer/SDKs/iPhoneSimulator26.5.sdk -target arm64-apple-ios13.0-simulator -g -module-cache-path /Users/runner/Library/Developer/Xcode/DerivedData/ModuleCache.noindex -Xfrontend -serialize-debugging-options -enable-testing -suppress-warnings -index-store-path /Users/runner/Library/Developer/Xcode/DerivedData/Sanvya-bwihhsrkmjvgkfalnfskjfhhbvju/Index.noindex/DataStore -Xcc -D_LIBCPP_HARDENING_MODE\=_LIBCPP_HARDENING_MODE_DEBUG -swift-version 6 -I /Users/runner/Library/Developer/Xcode/DerivedData/Sanvya-bwihhsrkmjvgkfalnfskjfhhbvju/Build/Products/Debug-iphonesimulator -Isystem /Applications/Xcode_26.6.app/Contents/Developer/Platforms/iPhoneSimulator.platform/Developer/usr/lib -F /Users/runner/Library/Developer/Xcode/DerivedData/Sanvya-bwihhsrkmjvgkfalnfskjfhhbvju/Build/Products/Debug-iphonesimulator -F /Applications/Xcode_26.6.app/Contents/Developer/Platforms/iPhoneSimulator.platform/Developer/Library/Frameworks -F /Applications/Xcode_26.6.app/Contents/Developer/Platforms/iPhoneSimulator.platform/Developer/SDKs/iPhoneSimulator26.5.sdk/Developer/Library/Frameworks -c -j3 -enable-batch-mode -incremental -Xcc -ivfsstatcache -Xcc /Users/runner/Library/Developer/Xcode/DerivedData/SDKStatCaches.noindex/iphonesimulator26.5-23F81a-688ef53f1462e2c8f657fdc38a81448ff45c64a1807a658693f2a61704f17a36.sdkstatcache -output-file-map /Users/runner/Library/Developer/Xcode/DerivedData/Sanvya-bwihhsrkmjvgkfalnfskjfhhbvju/Build/Intermediates.noindex/Factory.build/Debug-iphonesimulator/Factory.build/Objects-normal/arm64/Factory-OutputFileMap.json -use-frontend-parseable-output -save-temps -no-color-diagnostics -explicit-module-build -module-cache-path /Users/runner/Library/Developer/Xcode/DerivedData/Sanvya-bwihhsrkmjvgkfalnfskjfhhbvju/Build/Intermediates.noindex/SwiftExplicitPrecompiledModules -clang-scanner-module-cache-path /Users/runner/Library/Developer/Xcode/DerivedData/ModuleCache.noindex -sdk-module-cache-path /Users/runner/Library/Developer/Xcode/DerivedData/ModuleCache.noindex -serialize-diagnostics -emit-dependencies -emit-module -emit-module-path /Users/runner/Library/Developer/Xcode/DerivedData/Sanvya-bwihhsrkmjvgkfalnfskjfhhbvju/Build/Intermediates.noindex/Factory.build/Debug-iphonesimulator/Factory.build/Objects-normal/arm64/Factory.swiftmodule -validate-clang-modules-once -clang-build-session-file /Users/runner/Library/Developer/Xcode/DerivedData/ModuleCache.noindex/Session.modulevalidation -package-name factory -Xcc -I/Users/runner/Library/Developer/Xcode/DerivedData/Sanvya-bwihhsrkmjvgkfalnfskjfhhbvju/Build/Intermediates.noindex/Factory.build/Debug-iphonesimulator/Factory.build/swift-overrides.hmap -emit-const-values -Xfrontend -const-gather-protocols-file -Xfrontend /Users/runner/Library/Developer/Xcode/DerivedData/Sanvya-bwihhsrkmjvgkfalnfskjfhhbvju/Build/Intermediates.noindex/Factory.build/Debug-iphonesimulator/Factory.build/Objects-normal/arm64/Factory_const_extract_protocols.json -Xcc -I/Users/runner/Library/Developer/Xcode/DerivedData/Sanvya-bwihhsrkmjvgkfalnfskjfhhbvju/Build/Products/Debug-iphonesimulator/include -Xcc -I/Users/runner/Library/Developer/Xcode/DerivedData/Sanvya-bwihhsrkmjvgkfalnfskjfhhbvju/Build/Intermediates.noindex/Factory.build/Debug-iphonesimulator/Factory.build/DerivedSources-normal/arm64 -Xcc -I/Users/runner/Library/Developer/Xcode/DerivedData/Sanvya-bwihhsrkmjvgkfalnfskjfhhbvju/Build/Intermediates.noindex/Factory.build/Debug-iphonesimulator/Factory.build/DerivedSources/arm64 -Xcc -I/Users/runner/Library/Developer/Xcode/DerivedData/Sanvya-bwihhsrkmjvgkfalnfskjfhhbvju/Build/Intermediates.noindex/Factory.build/Debug-iphonesimulator/Factory.build/DerivedSources -Xcc -DSWIFT_PACKAGE -Xcc -DDEBUG\=1 -emit-objc-header -emit-objc-header-path /Users/runner/Library/Developer/Xcode/DerivedData/Sanvya-bwihhsrkmjvgkfalnfskjfhhbvju/Build/Intermediates.noindex/Factory.build/Debug-iphonesimulator/Factory.build/Objects-normal/arm64/Factory-Swift.h -working-directory /Users/runner/work/pocketcare-app/pocketcare-app/apps/ios/Sanvya.xcodeproj -experimental-emit-module-separately -disable-cmo

SwiftDriver Domain normal arm64 com.apple.xcode.tools.swift.compiler (in target 'Domain' from project 'Domain')
    cd /Users/runner/work/pocketcare-app/pocketcare-app/apps/ios/Sanvya.xcodeproj
    builtin-SwiftDriver -- /Applications/Xcode_26.6.app/Contents/Developer/Toolchains/XcodeDefault.xctoolchain/usr/bin/swiftc -module-name Domain -Onone @/Users/runner/Library/Developer/Xcode/DerivedData/Sanvya-bwihhsrkmjvgkfalnfskjfhhbvju/Build/Intermediates.noindex/Domain.build/Debug-iphonesimulator/Domain.build/Objects-normal/arm64/Domain.SwiftFileList -DSWIFT_PACKAGE -DDEBUG -DSWIFT_MODULE_RESOURCE_BUNDLE_UNAVAILABLE -DXcode -plugin-path /Applications/Xcode_26.6.app/Contents/Developer/Toolchains/XcodeDefault.xctoolchain/usr/lib/swift/host/plugins/testing -enable-experimental-feature DebugDescriptionMacro -sdk /Applications/Xcode_26.6.app/Contents/Developer/Platforms/iPhoneSimulator.platform/Developer/SDKs/iPhoneSimulator26.5.sdk -target arm64-apple-ios17.0-simulator -g -module-cache-path /Users/runner/Library/Developer/Xcode/DerivedData/ModuleCache.noindex -Xfrontend -serialize-debugging-options -enable-testing -index-store-path /Users/runner/Library/Developer/Xcode/DerivedData/Sanvya-bwihhsrkmjvgkfalnfskjfhhbvju/Index.noindex/DataStore -Xcc -D_LIBCPP_HARDENING_MODE\=_LIBCPP_HARDENING_MODE_DEBUG -swift-version 6 -I /Users/runner/Library/Developer/Xcode/DerivedData/Sanvya-bwihhsrkmjvgkfalnfskjfhhbvju/Build/Products/Debug-iphonesimulator -Isystem /Applications/Xcode_26.6.app/Contents/Developer/Platforms/iPhoneSimulator.platform/Developer/usr/lib -F /Users/runner/Library/Developer/Xcode/DerivedData/Sanvya-bwihhsrkmjvgkfalnfskjfhhbvju/Build/Products/Debug-iphonesimulator -F /Applications/Xcode_26.6.app/Contents/Developer/Platforms/iPhoneSimulator.platform/Developer/Library/Frameworks -F /Applications/Xcode_26.6.app/Contents/Developer/Platforms/iPhoneSimulator.platform/Developer/SDKs/iPhoneSimulator26.5.sdk/Developer/Library/Frameworks -c -j3 -enable-batch-mode -incremental -Xcc -ivfsstatcache -Xcc /Users/runner/Library/Developer/Xcode/DerivedData/SDKStatCaches.noindex/iphonesimulator26.5-23F81a-688ef53f1462e2c8f657fdc38a81448ff45c64a1807a658693f2a61704f17a36.sdkstatcache -output-file-map /Users/runner/Library/Developer/Xcode/DerivedData/Sanvya-bwihhsrkmjvgkfalnfskjfhhbvju/Build/Intermediates.noindex/Domain.build/Debug-iphonesimulator/Domain.build/Objects-normal/arm64/Domain-OutputFileMap.json -use-frontend-parseable-output -save-temps -no-color-diagnostics -explicit-module-build -module-cache-path /Users/runner/Library/Developer/Xcode/DerivedData/Sanvya-bwihhsrkmjvgkfalnfskjfhhbvju/Build/Intermediates.noindex/SwiftExplicitPrecompiledModules -clang-scanner-module-cache-path /Users/runner/Library/Developer/Xcode/DerivedData/ModuleCache.noindex -sdk-module-cache-path /Users/runner/Library/Developer/Xcode/DerivedData/ModuleCache.noindex -serialize-diagnostics -emit-dependencies -emit-module -emit-module-path /Users/runner/Library/Developer/Xcode/DerivedData/Sanvya-bwihhsrkmjvgkfalnfskjfhhbvju/Build/Intermediates.noindex/Domain.build/Debug-iphonesimulator/Domain.build/Objects-normal/arm64/Domain.swiftmodule -validate-clang-modules-once -clang-build-session-file /Users/runner/Library/Developer/Xcode/DerivedData/ModuleCache.noindex/Session.modulevalidation -package-name domain -Xcc -I/Users/runner/Library/Developer/Xcode/DerivedData/Sanvya-bwihhsrkmjvgkfalnfskjfhhbvju/Build/Intermediates.noindex/Domain.build/Debug-iphonesimulator/Domain.build/swift-overrides.hmap -emit-const-values -Xfrontend -const-gather-protocols-file -Xfrontend /Users/runner/Library/Developer/Xcode/DerivedData/Sanvya-bwihhsrkmjvgkfalnfskjfhhbvju/Build/Intermediates.noindex/Domain.build/Debug-iphonesimulator/Domain.build/Objects-normal/arm64/Domain_const_extract_protocols.json -Xcc -I/Users/runner/Library/Developer/Xcode/DerivedData/Sanvya-bwihhsrkmjvgkfalnfskjfhhbvju/Build/Products/Debug-iphonesimulator/include -Xcc -I/Users/runner/Library/Developer/Xcode/DerivedData/Sanvya-bwihhsrkmjvgkfalnfskjfhhbvju/Build/Intermediates.noindex/Domain.build/Debug-iphonesimulator/Domain.build/DerivedSources-normal/arm64 -Xcc -I/Users/runner/Library/Developer/Xcode/DerivedData/Sanvya-bwihhsrkmjvgkfalnfskjfhhbvju/Build/Intermediates.noindex/Domain.build/Debug-iphonesimulator/Domain.build/DerivedSources/arm64 -Xcc -I/Users/runner/Library/Developer/Xcode/DerivedData/Sanvya-bwihhsrkmjvgkfalnfskjfhhbvju/Build/Intermediates.noindex/Domain.build/Debug-iphonesimulator/Domain.build/DerivedSources -Xcc -DSWIFT_PACKAGE -Xcc -DDEBUG\=1 -emit-objc-header -emit-objc-header-path /Users/runner/Library/Developer/Xcode/DerivedData/Sanvya-bwihhsrkmjvgkfalnfskjfhhbvju/Build/Intermediates.noindex/Domain.build/Debug-iphonesimulator/Domain.build/Objects-normal/arm64/Domain-Swift.h -working-directory /Users/runner/work/pocketcare-app/pocketcare-app/apps/ios/Sanvya.xcodeproj -experimental-emit-module-separately -disable-cmo

SwiftDriver Crypto normal arm64 com.apple.xcode.tools.swift.compiler (in target 'Crypto' from project 'swift-crypto')
    cd /Users/runner/work/pocketcare-app/pocketcare-app/apps/ios/Sanvya.xcodeproj
    builtin-SwiftDriver -- /Applications/Xcode_26.6.app/Contents/Developer/Toolchains/XcodeDefault.xctoolchain/usr/bin/swiftc -module-name Crypto -Onone @/Users/runner/Library/Developer/Xcode/DerivedData/Sanvya-bwihhsrkmjvgkfalnfskjfhhbvju/Build/Intermediates.noindex/swift-crypto.build/Debug-iphonesimulator/Crypto.build/Objects-normal/arm64/Crypto.SwiftFileList -DSWIFT_PACKAGE -DDEBUG -DSWIFT_MODULE_RESOURCE_BUNDLE_AVAILABLE -DCRYPTO_IN_SWIFTPM -DXcode -enable-upcoming-feature MemberImportVisibility -plugin-path /Applications/Xcode_26.6.app/Contents/Developer/Toolchains/XcodeDefault.xctoolchain/usr/lib/swift/host/plugins/testing -enable-experimental-feature DebugDescriptionMacro -sdk /Applications/Xcode_26.6.app/Contents/Developer/Platforms/iPhoneSimulator.platform/Developer/SDKs/iPhoneSimulator26.5.sdk -target arm64-apple-ios12.0-simulator -g -module-cache-path /Users/runner/Library/Developer/Xcode/DerivedData/ModuleCache.noindex -Xfrontend -serialize-debugging-options -enable-testing -suppress-warnings -index-store-path /Users/runner/Library/Developer/Xcode/DerivedData/Sanvya-bwihhsrkmjvgkfalnfskjfhhbvju/Index.noindex/DataStore -Xcc -D_LIBCPP_HARDENING_MODE\=_LIBCPP_HARDENING_MODE_DEBUG -swift-version 6 -I /Users/runner/Library/Developer/Xcode/DerivedData/Sanvya-bwihhsrkmjvgkfalnfskjfhhbvju/Build/Products/Debug-iphonesimulator -Isystem /Applications/Xcode_26.6.app/Contents/Developer/Platforms/iPhoneSimulator.platform/Developer/usr/lib -F /Users/runner/Library/Developer/Xcode/DerivedData/Sanvya-bwihhsrkmjvgkfalnfskjfhhbvju/Build/Products/Debug-iphonesimulator -F /Applications/Xcode_26.6.app/Contents/Developer/Platforms/iPhoneSimulator.platform/Developer/Library/Frameworks -F /Applications/Xcode_26.6.app/Contents/Developer/Platforms/iPhoneSimulator.platform/Developer/SDKs/iPhoneSimulator26.5.sdk/Developer/Library/Frameworks -c -j3 -enable-batch-mode -incremental -Xcc -ivfsstatcache -Xcc /Users/runner/Library/Developer/Xcode/DerivedData/SDKStatCaches.noindex/iphonesimulator26.5-23F81a-688ef53f1462e2c8f657fdc38a81448ff45c64a1807a658693f2a61704f17a36.sdkstatcache -output-file-map /Users/runner/Library/Developer/Xcode/DerivedData/Sanvya-bwihhsrkmjvgkfalnfskjfhhbvju/Build/Intermediates.noindex/swift-crypto.build/Debug-iphonesimulator/Crypto.build/Objects-normal/arm64/Crypto-OutputFileMap.json -use-frontend-parseable-output -save-temps -no-color-diagnostics -explicit-module-build -module-cache-path /Users/runner/Library/Developer/Xcode/DerivedData/Sanvya-bwihhsrkmjvgkfalnfskjfhhbvju/Build/Intermediates.noindex/SwiftExplicitPrecompiledModules -clang-scanner-module-cache-path /Users/runner/Library/Developer/Xcode/DerivedData/ModuleCache.noindex -sdk-module-cache-path /Users/runner/Library/Developer/Xcode/DerivedData/ModuleCache.noindex -serialize-diagnostics -emit-dependencies -emit-module -emit-module-path /Users/runner/Library/Developer/Xcode/DerivedData/Sanvya-bwihhsrkmjvgkfalnfskjfhhbvju/Build/Intermediates.noindex/swift-crypto.build/Debug-iphonesimulator/Crypto.build/Objects-normal/arm64/Crypto.swiftmodule -user-module-version 4.5.1 -validate-clang-modules-once -clang-build-session-file /Users/runner/Library/Developer/Xcode/DerivedData/ModuleCache.noindex/Session.modulevalidation -package-name swift_crypto -Xcc -I/Users/runner/Library/Developer/Xcode/DerivedData/Sanvya-bwihhsrkmjvgkfalnfskjfhhbvju/Build/Intermediates.noindex/swift-crypto.build/Debug-iphonesimulator/Crypto.build/swift-overrides.hmap -emit-const-values -Xfrontend -const-gather-protocols-file -Xfrontend /Users/runner/Library/Developer/Xcode/DerivedData/Sanvya-bwihhsrkmjvgkfalnfskjfhhbvju/Build/Intermediates.noindex/swift-crypto.build/Debug-iphonesimulator/Crypto.build/Objects-normal/arm64/Crypto_const_extract_protocols.json -Xcc -I/Users/runner/Library/Developer/Xcode/DerivedData/Sanvya-bwihhsrkmjvgkfalnfskjfhhbvju/Build/Products/Debug-iphonesimulator/include -Xcc -I/Users/runner/Library/Developer/Xcode/DerivedData/Sanvya-bwihhsrkmjvgkfalnfskjfhhbvju/Build/Intermediates.noindex/swift-crypto.build/Debug-iphonesimulator/Crypto.build/DerivedSources-normal/arm64 -Xcc -I/Users/runner/Library/Developer/Xcode/DerivedData/Sanvya-bwihhsrkmjvgkfalnfskjfhhbvju/Build/Intermediates.noindex/swift-crypto.build/Debug-iphonesimulator/Crypto.build/DerivedSources/arm64 -Xcc -I/Users/runner/Library/Developer/Xcode/DerivedData/Sanvya-bwihhsrkmjvgkfalnfskjfhhbvju/Build/Intermediates.noindex/swift-crypto.build/Debug-iphonesimulator/Crypto.build/DerivedSources -Xcc -DSWIFT_PACKAGE -Xcc -DDEBUG\=1 -emit-objc-header -emit-objc-header-path /Users/runner/Library/Developer/Xcode/DerivedData/Sanvya-bwihhsrkmjvgkfalnfskjfhhbvju/Build/Intermediates.noindex/swift-crypto.build/Debug-iphonesimulator/Crypto.build/Objects-normal/arm64/Crypto-Swift.h -working-directory /Users/runner/work/pocketcare-app/pocketcare-app/apps/ios/Sanvya.xcodeproj -experimental-emit-module-separately -disable-cmo

SwiftDriver ConcurrencyExtras normal arm64 com.apple.xcode.tools.swift.compiler (in target 'ConcurrencyExtras' from project 'swift-concurrency-extras')
    cd /Users/runner/work/pocketcare-app/pocketcare-app/apps/ios/Sanvya.xcodeproj
    builtin-SwiftDriver -- /Applications/Xcode_26.6.app/Contents/Developer/Toolchains/XcodeDefault.xctoolchain/usr/bin/swiftc -module-name ConcurrencyExtras -Onone @/Users/runner/Library/Developer/Xcode/DerivedData/Sanvya-bwihhsrkmjvgkfalnfskjfhhbvju/Build/Intermediates.noindex/swift-concurrency-extras.build/Debug-iphonesimulator/ConcurrencyExtras.build/Objects-normal/arm64/ConcurrencyExtras.SwiftFileList -DSWIFT_PACKAGE -DDEBUG -DSWIFT_MODULE_RESOURCE_BUNDLE_UNAVAILABLE -DXcode -enable-upcoming-feature ExistentialAny -enable-upcoming-feature ImmutableWeakCaptures -enable-upcoming-feature InferIsolatedConformances -enable-upcoming-feature InternalImportsByDefault -enable-upcoming-feature MemberImportVisibility -enable-upcoming-feature NonisolatedNonsendingByDefault -plugin-path /Applications/Xcode_26.6.app/Contents/Developer/Toolchains/XcodeDefault.xctoolchain/usr/lib/swift/host/plugins/testing -enable-experimental-feature DebugDescriptionMacro -sdk /Applications/Xcode_26.6.app/Contents/Developer/Platforms/iPhoneSimulator.platform/Developer/SDKs/iPhoneSimulator26.5.sdk -target arm64-apple-ios13.0-simulator -g -module-cache-path /Users/runner/Library/Developer/Xcode/DerivedData/ModuleCache.noindex -Xfrontend -serialize-debugging-options -enable-testing -suppress-warnings -index-store-path /Users/runner/Library/Developer/Xcode/DerivedData/Sanvya-bwihhsrkmjvgkfalnfskjfhhbvju/Index.noindex/DataStore -Xcc -D_LIBCPP_HARDENING_MODE\=_LIBCPP_HARDENING_MODE_DEBUG -swift-version 6 -I /Users/runner/Library/Developer/Xcode/DerivedData/Sanvya-bwihhsrkmjvgkfalnfskjfhhbvju/Build/Products/Debug-iphonesimulator -Isystem /Applications/Xcode_26.6.app/Contents/Developer/Platforms/iPhoneSimulator.platform/Developer/usr/lib -F /Users/runner/Library/Developer/Xcode/DerivedData/Sanvya-bwihhsrkmjvgkfalnfskjfhhbvju/Build/Products/Debug-iphonesimulator -F /Applications/Xcode_26.6.app/Contents/Developer/Platforms/iPhoneSimulator.platform/Developer/Library/Frameworks -F /Applications/Xcode_26.6.app/Contents/Developer/Platforms/iPhoneSimulator.platform/Developer/SDKs/iPhoneSimulator26.5.sdk/Developer/Library/Frameworks -c -j3 -enable-batch-mode -incremental -Xcc -ivfsstatcache -Xcc /Users/runner/Library/Developer/Xcode/DerivedData/SDKStatCaches.noindex/iphonesimulator26.5-23F81a-688ef53f1462e2c8f657fdc38a81448ff45c64a1807a658693f2a61704f17a36.sdkstatcache -output-file-map /Users/runner/Library/Developer/Xcode/DerivedData/Sanvya-bwihhsrkmjvgkfalnfskjfhhbvju/Build/Intermediates.noindex/swift-concurrency-extras.build/Debug-iphonesimulator/ConcurrencyExtras.build/Objects-normal/arm64/ConcurrencyExtras-OutputFileMap.json -use-frontend-parseable-output -save-temps -no-color-diagnostics -explicit-module-build -module-cache-path /Users/runner/Library/Developer/Xcode/DerivedData/Sanvya-bwihhsrkmjvgkfalnfskjfhhbvju/Build/Intermediates.noindex/SwiftExplicitPrecompiledModules -clang-scanner-module-cache-path /Users/runner/Library/Developer/Xcode/DerivedData/ModuleCache.noindex -sdk-module-cache-path /Users/runner/Library/Developer/Xcode/DerivedData/ModuleCache.noindex -serialize-diagnostics -emit-dependencies -emit-module -emit-module-path /Users/runner/Library/Developer/Xcode/DerivedData/Sanvya-bwihhsrkmjvgkfalnfskjfhhbvju/Build/Intermediates.noindex/swift-concurrency-extras.build/Debug-iphonesimulator/ConcurrencyExtras.build/Objects-normal/arm64/ConcurrencyExtras.swiftmodule -user-module-version 1.4.1 -validate-clang-modules-once -clang-build-session-file /Users/runner/Library/Developer/Xcode/DerivedData/ModuleCache.noindex/Session.modulevalidation -package-name swift_concurrency_extras -Xcc -I/Users/runner/Library/Developer/Xcode/DerivedData/Sanvya-bwihhsrkmjvgkfalnfskjfhhbvju/Build/Intermediates.noindex/swift-concurrency-extras.build/Debug-iphonesimulator/ConcurrencyExtras.build/swift-overrides.hmap -emit-const-values -Xfrontend -const-gather-protocols-file -Xfrontend /Users/runner/Library/Developer/Xcode/DerivedData/Sanvya-bwihhsrkmjvgkfalnfskjfhhbvju/Build/Intermediates.noindex/swift-concurrency-extras.build/Debug-iphonesimulator/ConcurrencyExtras.build/Objects-normal/arm64/ConcurrencyExtras_const_extract_protocols.json -Xcc -I/Users/runner/Library/Developer/Xcode/DerivedData/Sanvya-bwihhsrkmjvgkfalnfskjfhhbvju/Build/Products/Debug-iphonesimulator/include -Xcc -I/Users/runner/Library/Developer/Xcode/DerivedData/Sanvya-bwihhsrkmjvgkfalnfskjfhhbvju/Build/Intermediates.noindex/swift-concurrency-extras.build/Debug-iphonesimulator/ConcurrencyExtras.build/DerivedSources-normal/arm64 -Xcc -I/Users/runner/Library/Developer/Xcode/DerivedData/Sanvya-bwihhsrkmjvgkfalnfskjfhhbvju/Build/Intermediates.noindex/swift-concurrency-extras.build/Debug-iphonesimulator/ConcurrencyExtras.build/DerivedSources/arm64 -Xcc -I/Users/runner/Library/Developer/Xcode/DerivedData/Sanvya-bwihhsrkmjvgkfalnfskjfhhbvju/Build/Intermediates.noindex/swift-concurrency-extras.build/Debug-iphonesimulator/ConcurrencyExtras.build/DerivedSources -Xcc -DSWIFT_PACKAGE -Xcc -DDEBUG\=1 -emit-objc-header -emit-objc-header-path /Users/runner/Library/Developer/Xcode/DerivedData/Sanvya-bwihhsrkmjvgkfalnfskjfhhbvju/Build/Intermediates.noindex/swift-concurrency-extras.build/Debug-iphonesimulator/ConcurrencyExtras.build/Objects-normal/arm64/ConcurrencyExtras-Swift.h -working-directory /Users/runner/work/pocketcare-app/pocketcare-app/apps/ios/Sanvya.xcodeproj -experimental-emit-module-separately -disable-cmo

SwiftExplicitDependencyGeneratePcm arm64 /Users/runner/Library/Developer/Xcode/DerivedData/ModuleCache.noindex/_Builtin_stdbool-9Q43NA71CRJ8K1E7O6SN6IRS1.pcm

SwiftExplicitDependencyGeneratePcm arm64 /Users/runner/Library/Developer/Xcode/DerivedData/ModuleCache.noindex/SwiftShims-1Z57RMST49GOHQ7HT35VF8JTE.pcm

SwiftExplicitDependencyGeneratePcm arm64 /Users/runner/Library/Developer/Xcode/DerivedData/ModuleCache.noindex/ptrcheck-5MCEEIGEK6GTQ2LXJORJJWOAH.pcm

SwiftExplicitDependencyGeneratePcm arm64 /Users/runner/Library/Developer/Xcode/DerivedData/ModuleCache.noindex/DeveloperToolsSupport-6YHNO5E6Q02O2MUGJJB6WPM6Z.pcm

SwiftExplicitDependencyGeneratePcm arm64 /Users/runner/Library/Developer/Xcode/DerivedData/ModuleCache.noindex/_Builtin_float-13ZS8A0T1VGYSZ0KG8IY4N85S.pcm

SwiftExplicitDependencyGeneratePcm arm64 /Users/runner/Library/Developer/Xcode/DerivedData/ModuleCache.noindex/_AvailabilityInternal-DUNECTYM0CFIEIAM5IK8HO4O3.pcm

SwiftExplicitDependencyGeneratePcm arm64 /Users/runner/Library/Developer/Xcode/DerivedData/ModuleCache.noindex/_SwiftConcurrencyShims-AM724Z7OZ904QMVSVXXDSESKI.pcm

SwiftExplicitDependencyGeneratePcm arm64 /Users/runner/Library/Developer/Xcode/DerivedData/ModuleCache.noindex/ptrauth-8M4SV9V0JB7QLUBDJTXQKMH3U.pcm

SwiftExplicitDependencyGeneratePcm arm64 /Users/runner/Library/Developer/Xcode/DerivedData/ModuleCache.noindex/_Builtin_stdarg-12GUEYZICOVAVDRQEZLGD1T93.pcm

SwiftExplicitDependencyGeneratePcm arm64 /Users/runner/Library/Developer/Xcode/DerivedData/ModuleCache.noindex/_DarwinFoundation1-78PM22INJP5TMMOOH3ALK0UEZ.pcm

SwiftEmitModule normal arm64 Emitting\ module\ for\ InternalCollectionsUtilities (in target 'InternalCollectionsUtilities' from project 'swift-collections')
EmitSwiftModule normal arm64 (in target 'InternalCollectionsUtilities' from project 'swift-collections')
    cd /Users/runner/work/pocketcare-app/pocketcare-app/apps/ios/Sanvya.xcodeproj
    

SwiftExplicitDependencyGeneratePcm arm64 /Users/runner/Library/Developer/Xcode/DerivedData/ModuleCache.noindex/_Builtin_stddef-2YFA57URUWP8SKMCQZBE5979D.pcm

ScanDependencies /Users/runner/Library/Developer/Xcode/DerivedData/Sanvya-bwihhsrkmjvgkfalnfskjfhhbvju/Build/Intermediates.noindex/PowerSync.build/Debug-iphonesimulator/PowerSyncCoreShim.build/Objects-normal/arm64/empty.o /Users/runner/Library/Developer/Xcode/DerivedData/Sanvya-bwihhsrkmjvgkfalnfskjfhhbvju/SourcePackages/checkouts/powersync-swift/Sources/PowerSyncCoreShim/empty.c normal arm64 c com.apple.compilers.llvm.clang.1_0.compiler (in target 'PowerSyncCoreShim' from project 'PowerSync')
    cd /Users/runner/work/pocketcare-app/pocketcare-app/apps/ios/Sanvya.xcodeproj
    
    Using response file: /Users/runner/Library/Developer/Xcode/DerivedData/Sanvya-bwihhsrkmjvgkfalnfskjfhhbvju/Build/Intermediates.noindex/PowerSync.build/Debug-iphonesimulator/PowerSyncCoreShim.build/Objects-normal/arm64/7187679823f38a2a940e0043cdf9d637-common-args.resp
    
    builtin-ScanDependencies -o /Users/runner/Library/Developer/Xcode/DerivedData/Sanvya-bwihhsrkmjvgkfalnfskjfhhbvju/Build/Intermediates.noindex/PowerSync.build/Debug-iphonesimulator/PowerSyncCoreShim.build/Objects-normal/arm64/empty.o.scan -- /Applications/Xcode_26.6.app/Contents/Developer/Toolchains/XcodeDefault.xctoolchain/usr/bin/clang -x c -ivfsstatcache /Users/runner/Library/Developer/Xcode/DerivedData/SDKStatCaches.noindex/iphonesimulator26.5-23F81a-688ef53f1462e2c8f657fdc38a81448ff45c64a1807a658693f2a61704f17a36.sdkstatcache -target arm64-apple-ios15.0-simulator -fmessage-length\=0 -fdiagnostics-show-note-include-stack -fmacro-backtrace-limit\=0 -fno-color-diagnostics -fmodules-prune-interval\=86400 -fmodules-prune-after\=345600 -fbuild-session-file\=/Users/runner/Library/Developer/Xcode/DerivedData/ModuleCache.noindex/Session.modulevalidation -fmodules-validate-once-per-build-session -Wnon-modular-include-in-framework-module -Werror\=non-modular-include-in-framework-module -Wno-trigraphs -Wno-missing-field-initializers -Wno-missing-prototypes -Wno-return-type -Wno-missing-braces -Wparentheses -Wswitch -Wno-unused-function -Wno-unused-label -Wno-unused-parameter -Wno-unused-variable -Wunused-value -Wno-empty-body -Wno-uninitialized -Wno-unknown-pragmas -w -Wno-shadow -Wno-four-char-constants -Wno-conversion -Wno-constant-conversion -Wno-int-conversion -Wno-bool-conversion -Wno-enum-conversion -Wno-float-conversion -Wno-non-literal-null-conversion -Wno-objc-literal-conversion -Wshorten-64-to-32 -Wpointer-sign -Wno-newline-eof -Wno-implicit-fallthrough -isysroot /Applications/Xcode_26.6.app/Contents/Developer/Platforms/iPhoneSimulator.platform/Developer/SDKs/iPhoneSimulator26.5.sdk -fstrict-aliasing -Wdeprecated-declarations -Wno-sign-conversion -Wno-infinite-recursion -Wno-comma -Wno-block-capture-autoreleasing -Wno-strict-prototypes -Wno-semicolon-before-method-body -index-store-path /Users/runner/Library/Developer/Xcode/DerivedData/Sanvya-bwihhsrkmjvgkfalnfskjfhhbvju/Index.noindex/DataStore @/Users/runner/Library/Developer/Xcode/DerivedData/Sanvya-bwihhsrkmjvgkfalnfskjfhhbvju/Build/Intermediates.noindex/PowerSync.build/Debug-iphonesimulator/PowerSyncCoreShim.build/Objects-normal/arm64/7187679823f38a2a940e0043cdf9d637-common-args.resp -MMD -MT dependencies -MF /Users/runner/Library/Developer/Xcode/DerivedData/Sanvya-bwihhsrkmjvgkfalnfskjfhhbvju/Build/Intermediates.noindex/PowerSync.build/Debug-iphonesimulator/PowerSyncCoreShim.build/Objects-normal/arm64/empty.d --serialize-diagnostics /Users/runner/Library/Developer/Xcode/DerivedData/Sanvya-bwihhsrkmjvgkfalnfskjfhhbvju/Build/Intermediates.noindex/PowerSync.build/Debug-iphonesimulator/PowerSyncCoreShim.build/Objects-normal/arm64/empty.dia -c /Users/runner/Library/Developer/Xcode/DerivedData/Sanvya-bwihhsrkmjvgkfalnfskjfhhbvju/SourcePackages/checkouts/powersync-swift/Sources/PowerSyncCoreShim/empty.c -o /Users/runner/Library/Developer/Xcode/DerivedData/Sanvya-bwihhsrkmjvgkfalnfskjfhhbvju/Build/Intermediates.noindex/PowerSync.build/Debug-iphonesimulator/PowerSyncCoreShim.build/Objects-normal/arm64/empty.o -index-unit-output-path /PowerSync.build/Debug-iphonesimulator/PowerSyncCoreShim.build/Objects-normal/arm64/empty.o

SwiftExplicitDependencyGeneratePcm arm64 /Users/runner/Library/Developer/Xcode/DerivedData/ModuleCache.noindex/_Builtin_limits-A0YR3NEF2KVF2MPJSM5QA7JV2.pcm

SwiftExplicitDependencyGeneratePcm arm64 /Users/runner/Library/Developer/Xcode/DerivedData/ModuleCache.noindex/_DarwinFoundation2-9BALM6WYJBMIOY8PW043CAW1X.pcm

CompileC /Users/runner/Library/Developer/Xcode/DerivedData/Sanvya-bwihhsrkmjvgkfalnfskjfhhbvju/Build/Intermediates.noindex/PowerSync.build/Debug-iphonesimulator/PowerSyncCoreShim.build/Objects-normal/arm64/empty.o /Users/runner/Library/Developer/Xcode/DerivedData/Sanvya-bwihhsrkmjvgkfalnfskjfhhbvju/SourcePackages/checkouts/powersync-swift/Sources/PowerSyncCoreShim/empty.c normal arm64 c com.apple.compilers.llvm.clang.1_0.compiler (in target 'PowerSyncCoreShim' from project 'PowerSync')
    cd /Users/runner/work/pocketcare-app/pocketcare-app/apps/ios/Sanvya.xcodeproj
    
    Using response file: /Users/runner/Library/Developer/Xcode/DerivedData/Sanvya-bwihhsrkmjvgkfalnfskjfhhbvju/Build/Intermediates.noindex/PowerSync.build/Debug-iphonesimulator/PowerSyncCoreShim.build/Objects-normal/arm64/7187679823f38a2a940e0043cdf9d637-common-args.resp
    
    /Applications/Xcode_26.6.app/Contents/Developer/Toolchains/XcodeDefault.xctoolchain/usr/bin/clang -x c -ivfsstatcache /Users/runner/Library/Developer/Xcode/DerivedData/SDKStatCaches.noindex/iphonesimulator26.5-23F81a-688ef53f1462e2c8f657fdc38a81448ff45c64a1807a658693f2a61704f17a36.sdkstatcache -target arm64-apple-ios15.0-simulator -fmessage-length\=0 -fdiagnostics-show-note-include-stack -fmacro-backtrace-limit\=0 -fno-color-diagnostics -fmodules-prune-interval\=86400 -fmodules-prune-after\=345600 -fbuild-session-file\=/Users/runner/Library/Developer/Xcode/DerivedData/ModuleCache.noindex/Session.modulevalidation -fmodules-validate-once-per-build-session -Wnon-modular-include-in-framework-module -Werror\=non-modular-include-in-framework-module -Wno-trigraphs -Wno-missing-field-initializers -Wno-missing-prototypes -Wno-return-type -Wno-missing-braces -Wparentheses -Wswitch -Wno-unused-function -Wno-unused-label -Wno-unused-parameter -Wno-unused-variable -Wunused-value -Wno-empty-body -Wno-uninitialized -Wno-unknown-pragmas -w -Wno-shadow -Wno-four-char-constants -Wno-conversion -Wno-constant-conversion -Wno-int-conversion -Wno-bool-conversion -Wno-enum-conversion -Wno-float-conversion -Wno-non-literal-null-conversion -Wno-objc-literal-conversion -Wshorten-64-to-32 -Wpointer-sign -Wno-newline-eof -Wno-implicit-fallthrough -isysroot /Applications/Xcode_26.6.app/Contents/Developer/Platforms/iPhoneSimulator.platform/Developer/SDKs/iPhoneSimulator26.5.sdk -fstrict-aliasing -Wdeprecated-declarations -Wno-sign-conversion -Wno-infinite-recursion -Wno-comma -Wno-block-capture-autoreleasing -Wno-strict-prototypes -Wno-semicolon-before-method-body -index-store-path /Users/runner/Library/Developer/Xcode/DerivedData/Sanvya-bwihhsrkmjvgkfalnfskjfhhbvju/Index.noindex/DataStore @/Users/runner/Library/Developer/Xcode/DerivedData/Sanvya-bwihhsrkmjvgkfalnfskjfhhbvju/Build/Intermediates.noindex/PowerSync.build/Debug-iphonesimulator/PowerSyncCoreShim.build/Objects-normal/arm64/7187679823f38a2a940e0043cdf9d637-common-args.resp -MMD -MT dependencies -MF /Users/runner/Library/Developer/Xcode/DerivedData/Sanvya-bwihhsrkmjvgkfalnfskjfhhbvju/Build/Intermediates.noindex/PowerSync.build/Debug-iphonesimulator/PowerSyncCoreShim.build/Objects-normal/arm64/empty.d --serialize-diagnostics /Users/runner/Library/Developer/Xcode/DerivedData/Sanvya-bwihhsrkmjvgkfalnfskjfhhbvju/Build/Intermediates.noindex/PowerSync.build/Debug-iphonesimulator/PowerSyncCoreShim.build/Objects-normal/arm64/empty.dia -c /Users/runner/Library/Developer/Xcode/DerivedData/Sanvya-bwihhsrkmjvgkfalnfskjfhhbvju/SourcePackages/checkouts/powersync-swift/Sources/PowerSyncCoreShim/empty.c -o /Users/runner/Library/Developer/Xcode/DerivedData/Sanvya-bwihhsrkmjvgkfalnfskjfhhbvju/Build/Intermediates.noindex/PowerSync.build/Debug-iphonesimulator/PowerSyncCoreShim.build/Objects-normal/arm64/empty.o -index-unit-output-path /PowerSync.build/Debug-iphonesimulator/PowerSyncCoreShim.build/Objects-normal/arm64/empty.o

SwiftCompile normal arm64 Compiling\ RandomAccessCollection+Offsets.swift,\ Span+Extras.swift,\ String+Padding.swift,\ _UnsafeBitSet+Index.swift,\ _UnsafeBitSet+_Word.swift,\ _UnsafeBitSet.swift /Users/runner/Library/Developer/Xcode/DerivedData/Sanvya-bwihhsrkmjvgkfalnfskjfhhbvju/SourcePackages/checkouts/swift-collections/Sources/InternalCollectionsUtilities/RandomAccessCollection+Offsets.swift /Users/runner/Library/Developer/Xcode/DerivedData/Sanvya-bwihhsrkmjvgkfalnfskjfhhbvju/SourcePackages/checkouts/swift-collections/Sources/InternalCollectionsUtilities/Span+Extras.swift /Users/runner/Library/Developer/Xcode/DerivedData/Sanvya-bwihhsrkmjvgkfalnfskjfhhbvju/SourcePackages/checkouts/swift-collections/Sources/InternalCollectionsUtilities/String+Padding.swift /Users/runner/Library/Developer/Xcode/DerivedData/Sanvya-bwihhsrkmjvgkfalnfskjfhhbvju/SourcePackages/checkouts/swift-collections/Sources/InternalCollectionsUtilities/UnsafeBitSet/_UnsafeBitSet+Index.swift /Users/runner/Library/Developer/Xcode/DerivedData/Sanvya-bwihhsrkmjvgkfalnfskjfhhbvju/SourcePackages/checkouts/swift-collections/Sources/InternalCollectionsUtilities/UnsafeBitSet/_UnsafeBitSet+_Word.swift /Users/runner/Library/Developer/Xcode/DerivedData/Sanvya-bwihhsrkmjvgkfalnfskjfhhbvju/SourcePackages/checkouts/swift-collections/Sources/InternalCollectionsUtilities/UnsafeBitSet/_UnsafeBitSet.swift (in target 'InternalCollectionsUtilities' from project 'swift-collections')
SwiftCompile normal arm64 /Users/runner/Library/Developer/Xcode/DerivedData/Sanvya-bwihhsrkmjvgkfalnfskjfhhbvju/SourcePackages/checkouts/swift-collections/Sources/InternalCollectionsUtilities/RandomAccessCollection+Offsets.swift (in target 'InternalCollectionsUtilities' from project 'swift-collections')
    cd /Users/runner/work/pocketcare-app/pocketcare-app/apps/ios/Sanvya.xcodeproj
    

SwiftCompile normal arm64 /Users/runner/Library/Developer/Xcode/DerivedData/Sanvya-bwihhsrkmjvgkfalnfskjfhhbvju/SourcePackages/checkouts/swift-collections/Sources/InternalCollectionsUtilities/Span+Extras.swift (in target 'InternalCollectionsUtilities' from project 'swift-collections')
    cd /Users/runner/work/pocketcare-app/pocketcare-app/apps/ios/Sanvya.xcodeproj
    

SwiftCompile normal arm64 /Users/runner/Library/Developer/Xcode/DerivedData/Sanvya-bwihhsrkmjvgkfalnfskjfhhbvju/SourcePackages/checkouts/swift-collections/Sources/InternalCollectionsUtilities/String+Padding.swift (in target 'InternalCollectionsUtilities' from project 'swift-collections')
    cd /Users/runner/work/pocketcare-app/pocketcare-app/apps/ios/Sanvya.xcodeproj
    

SwiftCompile normal arm64 /Users/runner/Library/Developer/Xcode/DerivedData/Sanvya-bwihhsrkmjvgkfalnfskjfhhbvju/SourcePackages/checkouts/swift-collections/Sources/InternalCollectionsUtilities/UnsafeBitSet/_UnsafeBitSet+Index.swift (in target 'InternalCollectionsUtilities' from project 'swift-collections')
    cd /Users/runner/work/pocketcare-app/pocketcare-app/apps/ios/Sanvya.xcodeproj
    

SwiftCompile normal arm64 /Users/runner/Library/Developer/Xcode/DerivedData/Sanvya-bwihhsrkmjvgkfalnfskjfhhbvju/SourcePackages/checkouts/swift-collections/Sources/InternalCollectionsUtilities/UnsafeBitSet/_UnsafeBitSet+_Word.swift (in target 'InternalCollectionsUtilities' from project 'swift-collections')
    cd /Users/runner/work/pocketcare-app/pocketcare-app/apps/ios/Sanvya.xcodeproj
    

SwiftCompile normal arm64 /Users/runner/Library/Developer/Xcode/DerivedData/Sanvya-bwihhsrkmjvgkfalnfskjfhhbvju/SourcePackages/checkouts/swift-collections/Sources/InternalCollectionsUtilities/UnsafeBitSet/_UnsafeBitSet.swift (in target 'InternalCollectionsUtilities' from project 'swift-collections')
    cd /Users/runner/work/pocketcare-app/pocketcare-app/apps/ios/Sanvya.xcodeproj
    

Ld /Users/runner/Library/Developer/Xcode/DerivedData/Sanvya-bwihhsrkmjvgkfalnfskjfhhbvju/Build/Products/Debug-iphonesimulator/PowerSyncCoreShim.o normal (in target 'PowerSyncCoreShim' from project 'PowerSync')
    cd /Users/runner/Library/Developer/Xcode/DerivedData/Sanvya-bwihhsrkmjvgkfalnfskjfhhbvju/SourcePackages/checkouts/powersync-swift
    /Applications/Xcode_26.6.app/Contents/Developer/Toolchains/XcodeDefault.xctoolchain/usr/bin/clang -Xlinker -reproducible -target arm64-apple-ios15.0-simulator -r -isysroot /Applications/Xcode_26.6.app/Contents/Developer/Platforms/iPhoneSimulator.platform/Developer/SDKs/iPhoneSimulator26.5.sdk -O0 -w -F/Users/runner/Library/Developer/Xcode/DerivedData/Sanvya-bwihhsrkmjvgkfalnfskjfhhbvju/Build/Intermediates.noindex/EagerLinkingTBDs/Debug-iphonesimulator -F/Users/runner/Library/Developer/Xcode/DerivedData/Sanvya-bwihhsrkmjvgkfalnfskjfhhbvju/Build/Products/Debug-iphonesimulator -iframework /Applications/Xcode_26.6.app/Contents/Developer/Platforms/iPhoneSimulator.platform/Developer/Library/Frameworks -iframework /Applications/Xcode_26.6.app/Contents/Developer/Platforms/iPhoneSimulator.platform/Developer/SDKs/iPhoneSimulator26.5.sdk/Developer/Library/Frameworks -filelist /Users/runner/Library/Developer/Xcode/DerivedData/Sanvya-bwihhsrkmjvgkfalnfskjfhhbvju/Build/Intermediates.noindex/PowerSync.build/Debug-iphonesimulator/PowerSyncCoreShim.build/Objects-normal/arm64/PowerSyncCoreShim.LinkFileList -nostdlib -Xlinker -object_path_lto -Xlinker /Users/runner/Library/Developer/Xcode/DerivedData/Sanvya-bwihhsrkmjvgkfalnfskjfhhbvju/Build/Intermediates.noindex/PowerSync.build/Debug-iphonesimulator/PowerSyncCoreShim.build/Objects-normal/arm64/PowerSyncCoreShim_lto.o -Xlinker -no_deduplicate -Xlinker -objc_abi_version -Xlinker 2 -Xlinker -dependency_info -Xlinker /Users/runner/Library/Developer/Xcode/DerivedData/Sanvya-bwihhsrkmjvgkfalnfskjfhhbvju/Build/Intermediates.noindex/PowerSync.build/Debug-iphonesimulator/PowerSyncCoreShim.build/Objects-normal/arm64/PowerSyncCoreShim_dependency_info.dat -o /Users/runner/Library/Developer/Xcode/DerivedData/Sanvya-bwihhsrkmjvgkfalnfskjfhhbvju/Build/Products/Debug-iphonesimulator/PowerSyncCoreShim.o

SwiftExplicitDependencyGeneratePcm arm64 /Users/runner/Library/Developer/Xcode/DerivedData/ModuleCache.noindex/sys_types-CBEZ4ZK8NWFNBS53D5TBNZVX8.pcm

SwiftExplicitDependencyGeneratePcm arm64 /Users/runner/Library/Developer/Xcode/DerivedData/ModuleCache.noindex/_Builtin_stdint-519ULR4EEB07BZQH90UVGIIJJ.pcm

SwiftExplicitDependencyGeneratePcm arm64 /Users/runner/Library/Developer/Xcode/DerivedData/ModuleCache.noindex/_Builtin_tgmath-8YBK693QE4PFWGMALHI3B37Z0.pcm

SwiftExplicitDependencyGeneratePcm arm64 /Users/runner/Library/Developer/Xcode/DerivedData/ModuleCache.noindex/_Builtin_intrinsics-BBM2U24JK8RC18EBGH7IDHBRQ.pcm

SwiftDriverJobDiscovery normal arm64 Emitting module for InternalCollectionsUtilities (in target 'InternalCollectionsUtilities' from project 'swift-collections')

SwiftDriver\ Compilation\ Requirements InternalCollectionsUtilities normal arm64 com.apple.xcode.tools.swift.compiler (in target 'InternalCollectionsUtilities' from project 'swift-collections')
    cd /Users/runner/work/pocketcare-app/pocketcare-app/apps/ios/Sanvya.xcodeproj
    builtin-Swift-Compilation-Requirements -- /Applications/Xcode_26.6.app/Contents/Developer/Toolchains/XcodeDefault.xctoolchain/usr/bin/swiftc -module-name InternalCollectionsUtilities -Onone @/Users/runner/Library/Developer/Xcode/DerivedData/Sanvya-bwihhsrkmjvgkfalnfskjfhhbvju/Build/Intermediates.noindex/swift-collections.build/Debug-iphonesimulator/InternalCollectionsUtilities.build/Objects-normal/arm64/InternalCollectionsUtilities.SwiftFileList -DSWIFT_PACKAGE -DDEBUG -DSWIFT_MODULE_RESOURCE_BUNDLE_UNAVAILABLE -DCOLLECTIONS_RANDOMIZED_TESTING -DXcode -enable-experimental-feature AvailabilityMacro\=SwiftStdlib\ 5.0:\ macOS\ 10.14.4,\ iOS\ 12.2,\ watchOS\ 5.2,\ tvOS\ 12.2 -enable-experimental-feature AvailabilityMacro\=SwiftStdlib\ 5.1:\ macOS\ 10.15,\ iOS\ 13.0,\ watchOS\ 6.0,\ tvOS\ 13.0 -enable-experimental-feature AvailabilityMacro\=SwiftStdlib\ 5.6:\ macOS\ 12.3,\ iOS\ 15.4,\ watchOS\ 8.5,\ tvOS\ 15.4 -enable-experimental-feature AvailabilityMacro\=SwiftStdlib\ 5.7:\ macOS\ 13.0,\ iOS\ 16.0,\ watchOS\ 9.0,\ tvOS\ 16.0 -enable-experimental-feature AvailabilityMacro\=SwiftStdlib\ 5.8:\ macOS\ 13.3,\ iOS\ 16.4,\ watchOS\ 9.4,\ tvOS\ 16.4 -enable-experimental-feature AvailabilityMacro\=SwiftStdlib\ 5.9:\ macOS\ 14.0,\ iOS\ 17.0,\ watchOS\ 10.0,\ tvOS\ 17.0 -enable-experimental-feature AvailabilityMacro\=SwiftStdlib\ 5.10:\ macOS\ 14.4,\ iOS\ 17.4,\ watchOS\ 10.4,\ tvOS\ 17.4,\ visionOS\ 1.1 -enable-experimental-feature AvailabilityMacro\=SwiftStdlib\ 6.0:\ macOS\ 15.0,\ iOS\ 18.0,\ watchOS\ 11.0,\ tvOS\ 18.0,\ visionOS\ 2.0 -enable-experimental-feature AvailabilityMacro\=SwiftStdlib\ 6.1:\ macOS\ 15.4,\ iOS\ 18.4,\ watchOS\ 11.4,\ tvOS\ 18.4,\ visionOS\ 2.4 -enable-experimental-feature AvailabilityMacro\=SwiftStdlib\ 6.2:\ macOS\ 26.0,\ iOS\ 26.0,\ watchOS\ 26.0,\ tvOS\ 26.0,\ visionOS\ 26.0 -enable-experimental-feature AvailabilityMacro\=SwiftStdlib\ 6.3:\ macOS\ 26.4,\ iOS\ 26.4,\ watchOS\ 26.4,\ tvOS\ 26.4,\ visionOS\ 26.4 -enable-experimental-feature AvailabilityMacro\=SwiftStdlib\ 6.4:\ macOS\ 9999,\ iOS\ 9999,\ watchOS\ 9999,\ tvOS\ 9999,\ visionOS\ 9999 -enable-experimental-feature AvailabilityMacro\=SwiftStdlib\ 6.5:\ macOS\ 9999,\ iOS\ 9999,\ watchOS\ 9999,\ tvOS\ 9999,\ visionOS\ 9999 -enable-upcoming-feature MemberImportVisibility -enable-experimental-feature BuiltinModule -enable-experimental-feature Lifetimes -enable-experimental-feature InoutLifetimeDependence -enable-experimental-feature AddressableParameters -enable-experimental-feature AddressableTypes -enable-experimental-feature SuppressedAssociatedTypesWithDefaults -plugin-path /Applications/Xcode_26.6.app/Contents/Developer/Toolchains/XcodeDefault.xctoolchain/usr/lib/swift/host/plugins/testing -enable-experimental-feature DebugDescriptionMacro -sdk /Applications/Xcode_26.6.app/Contents/Developer/Platforms/iPhoneSimulator.platform/Developer/SDKs/iPhoneSimulator26.5.sdk -target arm64-apple-ios12.0-simulator -g -module-cache-path /Users/runner/Library/Developer/Xcode/DerivedData/ModuleCache.noindex -Xfrontend -serialize-debugging-options -enable-testing -suppress-warnings -index-store-path /Users/runner/Library/Developer/Xcode/DerivedData/Sanvya-bwihhsrkmjvgkfalnfskjfhhbvju/Index.noindex/DataStore -Xcc -D_LIBCPP_HARDENING_MODE\=_LIBCPP_HARDENING_MODE_DEBUG -swift-version 6 -I /Users/runner/Library/Developer/Xcode/DerivedData/Sanvya-bwihhsrkmjvgkfalnfskjfhhbvju/Build/Products/Debug-iphonesimulator -Isystem /Applications/Xcode_26.6.app/Contents/Developer/Platforms/iPhoneSimulator.platform/Developer/usr/lib -F /Users/runner/Library/Developer/Xcode/DerivedData/Sanvya-bwihhsrkmjvgkfalnfskjfhhbvju/Build/Products/Debug-iphonesimulator -F /Applications/Xcode_26.6.app/Contents/Developer/Platforms/iPhoneSimulator.platform/Developer/Library/Frameworks -F /Applications/Xcode_26.6.app/Contents/Developer/Platforms/iPhoneSimulator.platform/Developer/SDKs/iPhoneSimulator26.5.sdk/Developer/Library/Frameworks -c -j3 -enable-batch-mode -incremental -Xcc -ivfsstatcache -Xcc /Users/runner/Library/Developer/Xcode/DerivedData/SDKStatCaches.noindex/iphonesimulator26.5-23F81a-688ef53f1462e2c8f657fdc38a81448ff45c64a1807a658693f2a61704f17a36.sdkstatcache -output-file-map /Users/runner/Library/Developer/Xcode/DerivedData/Sanvya-bwihhsrkmjvgkfalnfskjfhhbvju/Build/Intermediates.noindex/swift-collections.build/Debug-iphonesimulator/InternalCollectionsUtilities.build/Objects-normal/arm64/InternalCollectionsUtilities-OutputFileMap.json -use-frontend-parseable-output -save-temps -no-color-diagnostics -explicit-module-build -module-cache-path /Users/runner/Library/Developer/Xcode/DerivedData/Sanvya-bwihhsrkmjvgkfalnfskjfhhbvju/Build/Intermediates.noindex/SwiftExplicitPrecompiledModules -clang-scanner-module-cache-path /Users/runner/Library/Developer/Xcode/DerivedData/ModuleCache.noindex -sdk-module-cache-path /Users/runner/Library/Developer/Xcode/DerivedData/ModuleCache.noindex -serialize-diagnostics -emit-dependencies -emit-module -emit-module-path /Users/runner/Library/Developer/Xcode/DerivedData/Sanvya-bwihhsrkmjvgkfalnfskjfhhbvju/Build/Intermediates.noindex/swift-collections.build/Debug-iphonesimulator/InternalCollectionsUtilities.build/Objects-normal/arm64/InternalCollectionsUtilities.swiftmodule -user-module-version 1.6.0 -validate-clang-modules-once -clang-build-session-file /Users/runner/Library/Developer/Xcode/DerivedData/ModuleCache.noindex/Session.modulevalidation -package-name swift_collections -Xcc -I/Users/runner/Library/Developer/Xcode/DerivedData/Sanvya-bwihhsrkmjvgkfalnfskjfhhbvju/Build/Intermediates.noindex/swift-collections.build/Debug-iphonesimulator/InternalCollectionsUtilities.build/swift-overrides.hmap -emit-const-values -Xfrontend -const-gather-protocols-file -Xfrontend /Users/runner/Library/Developer/Xcode/DerivedData/Sanvya-bwihhsrkmjvgkfalnfskjfhhbvju/Build/Intermediates.noindex/swift-collections.build/Debug-iphonesimulator/InternalCollectionsUtilities.build/Objects-normal/arm64/InternalCollectionsUtilities_const_extract_protocols.json -Xcc -I/Users/runner/Library/Developer/Xcode/DerivedData/Sanvya-bwihhsrkmjvgkfalnfskjfhhbvju/Build/Products/Debug-iphonesimulator/include -Xcc -I/Users/runner/Library/Developer/Xcode/DerivedData/Sanvya-bwihhsrkmjvgkfalnfskjfhhbvju/Build/Intermediates.noindex/swift-collections.build/Debug-iphonesimulator/InternalCollectionsUtilities.build/DerivedSources-normal/arm64 -Xcc -I/Users/runner/Library/Developer/Xcode/DerivedData/Sanvya-bwihhsrkmjvgkfalnfskjfhhbvju/Build/Intermediates.noindex/swift-collections.build/Debug-iphonesimulator/InternalCollectionsUtilities.build/DerivedSources/arm64 -Xcc -I/Users/runner/Library/Developer/Xcode/DerivedData/Sanvya-bwihhsrkmjvgkfalnfskjfhhbvju/Build/Intermediates.noindex/swift-collections.build/Debug-iphonesimulator/InternalCollectionsUtilities.build/DerivedSources -Xcc -DSWIFT_PACKAGE -Xcc -DDEBUG\=1 -emit-objc-header -emit-objc-header-path /Users/runner/Library/Developer/Xcode/DerivedData/Sanvya-bwihhsrkmjvgkfalnfskjfhhbvju/Build/Intermediates.noindex/swift-collections.build/Debug-iphonesimulator/InternalCollectionsUtilities.build/Objects-normal/arm64/InternalCollectionsUtilities-Swift.h -working-directory /Users/runner/work/pocketcare-app/pocketcare-app/apps/ios/Sanvya.xcodeproj -experimental-emit-module-separately -disable-cmo

SwiftExplicitDependencyGeneratePcm arm64 /Users/runner/Library/Developer/Xcode/DerivedData/ModuleCache.noindex/_Builtin_stdatomic-6GXCQWWBW2A7PGHTD9QPLW8PG.pcm

SwiftMergeGeneratedHeaders /Users/runner/Library/Developer/Xcode/DerivedData/Sanvya-bwihhsrkmjvgkfalnfskjfhhbvju/Build/Intermediates.noindex/GeneratedModuleMaps-iphonesimulator/InternalCollectionsUtilities-Swift.h /Users/runner/Library/Developer/Xcode/DerivedData/Sanvya-bwihhsrkmjvgkfalnfskjfhhbvju/Build/Intermediates.noindex/swift-collections.build/Debug-iphonesimulator/InternalCollectionsUtilities.build/Objects-normal/arm64/InternalCollectionsUtilities-Swift.h (in target 'InternalCollectionsUtilities' from project 'swift-collections')
    cd /Users/runner/Library/Developer/Xcode/DerivedData/Sanvya-bwihhsrkmjvgkfalnfskjfhhbvju/SourcePackages/checkouts/swift-collections
    builtin-swiftHeaderTool -arch arm64 /Users/runner/Library/Developer/Xcode/DerivedData/Sanvya-bwihhsrkmjvgkfalnfskjfhhbvju/Build/Intermediates.noindex/swift-collections.build/Debug-iphonesimulator/InternalCollectionsUtilities.build/Objects-normal/arm64/InternalCollectionsUtilities-Swift.h -o /Users/runner/Library/Developer/Xcode/DerivedData/Sanvya-bwihhsrkmjvgkfalnfskjfhhbvju/Build/Intermediates.noindex/GeneratedModuleMaps-iphonesimulator/InternalCollectionsUtilities-Swift.h

Copy /Users/runner/Library/Developer/Xcode/DerivedData/Sanvya-bwihhsrkmjvgkfalnfskjfhhbvju/Build/Products/Debug-iphonesimulator/InternalCollectionsUtilities.swiftmodule/arm64-apple-ios-simulator.swiftmodule /Users/runner/Library/Developer/Xcode/DerivedData/Sanvya-bwihhsrkmjvgkfalnfskjfhhbvju/Build/Intermediates.noindex/swift-collections.build/Debug-iphonesimulator/InternalCollectionsUtilities.build/Objects-normal/arm64/InternalCollectionsUtilities.swiftmodule (in target 'InternalCollectionsUtilities' from project 'swift-collections')
    cd /Users/runner/Library/Developer/Xcode/DerivedData/Sanvya-bwihhsrkmjvgkfalnfskjfhhbvju/SourcePackages/checkouts/swift-collections
    builtin-copy -exclude .DS_Store -exclude CVS -exclude .svn -exclude .git -exclude .hg -resolve-src-symlinks -rename /Users/runner/Library/Developer/Xcode/DerivedData/Sanvya-bwihhsrkmjvgkfalnfskjfhhbvju/Build/Intermediates.noindex/swift-collections.build/Debug-iphonesimulator/InternalCollectionsUtilities.build/Objects-normal/arm64/InternalCollectionsUtilities.swiftmodule /Users/runner/Library/Developer/Xcode/DerivedData/Sanvya-bwihhsrkmjvgkfalnfskjfhhbvju/Build/Products/Debug-iphonesimulator/InternalCollectionsUtilities.swiftmodule/arm64-apple-ios-simulator.swiftmodule

Copy /Users/runner/Library/Developer/Xcode/DerivedData/Sanvya-bwihhsrkmjvgkfalnfskjfhhbvju/Build/Products/Debug-iphonesimulator/InternalCollectionsUtilities.swiftmodule/arm64-apple-ios-simulator.swiftdoc /Users/runner/Library/Developer/Xcode/DerivedData/Sanvya-bwihhsrkmjvgkfalnfskjfhhbvju/Build/Intermediates.noindex/swift-collections.build/Debug-iphonesimulator/InternalCollectionsUtilities.build/Objects-normal/arm64/InternalCollectionsUtilities.swiftdoc (in target 'InternalCollectionsUtilities' from project 'swift-collections')
    cd /Users/runner/Library/Developer/Xcode/DerivedData/Sanvya-bwihhsrkmjvgkfalnfskjfhhbvju/SourcePackages/checkouts/swift-collections
    builtin-copy -exclude .DS_Store -exclude CVS -exclude .svn -exclude .git -exclude .hg -resolve-src-symlinks -rename /Users/runner/Library/Developer/Xcode/DerivedData/Sanvya-bwihhsrkmjvgkfalnfskjfhhbvju/Build/Intermediates.noindex/swift-collections.build/Debug-iphonesimulator/InternalCollectionsUtilities.build/Objects-normal/arm64/InternalCollectionsUtilities.swiftdoc /Users/runner/Library/Developer/Xcode/DerivedData/Sanvya-bwihhsrkmjvgkfalnfskjfhhbvju/Build/Products/Debug-iphonesimulator/InternalCollectionsUtilities.swiftmodule/arm64-apple-ios-simulator.swiftdoc

Copy /Users/runner/Library/Developer/Xcode/DerivedData/Sanvya-bwihhsrkmjvgkfalnfskjfhhbvju/Build/Products/Debug-iphonesimulator/InternalCollectionsUtilities.swiftmodule/arm64-apple-ios-simulator.abi.json /Users/runner/Library/Developer/Xcode/DerivedData/Sanvya-bwihhsrkmjvgkfalnfskjfhhbvju/Build/Intermediates.noindex/swift-collections.build/Debug-iphonesimulator/InternalCollectionsUtilities.build/Objects-normal/arm64/InternalCollectionsUtilities.abi.json (in target 'InternalCollectionsUtilities' from project 'swift-collections')
    cd /Users/runner/Library/Developer/Xcode/DerivedData/Sanvya-bwihhsrkmjvgkfalnfskjfhhbvju/SourcePackages/checkouts/swift-collections
    builtin-copy -exclude .DS_Store -exclude CVS -exclude .svn -exclude .git -exclude .hg -resolve-src-symlinks -rename /Users/runner/Library/Developer/Xcode/DerivedData/Sanvya-bwihhsrkmjvgkfalnfskjfhhbvju/Build/Intermediates.noindex/swift-collections.build/Debug-iphonesimulator/InternalCollectionsUtilities.build/Objects-normal/arm64/InternalCollectionsUtilities.abi.json /Users/runner/Library/Developer/Xcode/DerivedData/Sanvya-bwihhsrkmjvgkfalnfskjfhhbvju/Build/Products/Debug-iphonesimulator/InternalCollectionsUtilities.swiftmodule/arm64-apple-ios-simulator.abi.json

Copy /Users/runner/Library/Developer/Xcode/DerivedData/Sanvya-bwihhsrkmjvgkfalnfskjfhhbvju/Build/Products/Debug-iphonesimulator/InternalCollectionsUtilities.swiftmodule/Project/arm64-apple-ios-simulator.swiftsourceinfo /Users/runner/Library/Developer/Xcode/DerivedData/Sanvya-bwihhsrkmjvgkfalnfskjfhhbvju/Build/Intermediates.noindex/swift-collections.build/Debug-iphonesimulator/InternalCollectionsUtilities.build/Objects-normal/arm64/InternalCollectionsUtilities.swiftsourceinfo (in target 'InternalCollectionsUtilities' from project 'swift-collections')
    cd /Users/runner/Library/Developer/Xcode/DerivedData/Sanvya-bwihhsrkmjvgkfalnfskjfhhbvju/SourcePackages/checkouts/swift-collections
    builtin-copy -exclude .DS_Store -exclude CVS -exclude .svn -exclude .git -exclude .hg -resolve-src-symlinks -rename /Users/runner/Library/Developer/Xcode/DerivedData/Sanvya-bwihhsrkmjvgkfalnfskjfhhbvju/Build/Intermediates.noindex/swift-collections.build/Debug-iphonesimulator/InternalCollectionsUtilities.build/Objects-normal/arm64/InternalCollectionsUtilities.swiftsourceinfo /Users/runner/Library/Developer/Xcode/DerivedData/Sanvya-bwihhsrkmjvgkfalnfskjfhhbvju/Build/Products/Debug-iphonesimulator/InternalCollectionsUtilities.swiftmodule/Project/arm64-apple-ios-simulator.swiftsourceinfo

SwiftExplicitDependencyGeneratePcm arm64 /Users/runner/Library/Developer/Xcode/DerivedData/ModuleCache.noindex/_DarwinFoundation3-3L3I4LXJUUKZRBZURS8GEGXS2.pcm

SwiftExplicitDependencyGeneratePcm arm64 /Users/runner/Library/Developer/Xcode/DerivedData/ModuleCache.noindex/_Builtin_inttypes-5EQK6Y5FJ3ALIAKHPNG7RSPWX.pcm

SwiftExplicitDependencyGeneratePcm arm64 /Users/runner/Library/Developer/Xcode/DerivedData/ModuleCache.noindex/simd-AVFP7M98XMN62UC9FE955Y4Q2.pcm

SwiftExplicitDependencyGeneratePcm arm64 /Users/runner/Library/Developer/Xcode/DerivedData/ModuleCache.noindex/Darwin-5BVXTUCJVBHZQ2P8G9FX4ZUTN.pcm

SwiftExplicitDependencyGeneratePcm arm64 /Users/runner/Library/Developer/Xcode/DerivedData/ModuleCache.noindex/MachO-1FGX65R2JTFOWYY7YJQ9DAHVQ.pcm

SwiftExplicitDependencyGeneratePcm arm64 /Users/runner/Library/Developer/Xcode/DerivedData/ModuleCache.noindex/ObjectiveC-DKXXJEP6ZRPOSNC7MIHGHUEC4.pcm

SwiftDriverJobDiscovery normal arm64 Compiling RandomAccessCollection+Offsets.swift, Span+Extras.swift, String+Padding.swift, _UnsafeBitSet+Index.swift, _UnsafeBitSet+_Word.swift, _UnsafeBitSet.swift (in target 'InternalCollectionsUtilities' from project 'swift-collections')

SwiftCompile normal arm64 Compiling\ Debugging.swift,\ Descriptions.swift,\ FixedWidthInteger+roundUpToPowerOfTwo.swift,\ Integer\ rank.swift,\ UInt+first\ and\ last\ set\ bit.swift,\ UInt+reversed.swift,\ LifetimeOverride.swift /Users/runner/Library/Developer/Xcode/DerivedData/Sanvya-bwihhsrkmjvgkfalnfskjfhhbvju/SourcePackages/checkouts/swift-collections/Sources/InternalCollectionsUtilities/Debugging.swift /Users/runner/Library/Developer/Xcode/DerivedData/Sanvya-bwihhsrkmjvgkfalnfskjfhhbvju/SourcePackages/checkouts/swift-collections/Sources/InternalCollectionsUtilities/Descriptions.swift /Users/runner/Library/Developer/Xcode/DerivedData/Sanvya-bwihhsrkmjvgkfalnfskjfhhbvju/SourcePackages/checkouts/swift-collections/Sources/InternalCollectionsUtilities/IntegerTricks/FixedWidthInteger+roundUpToPowerOfTwo.swift /Users/runner/Library/Developer/Xcode/DerivedData/Sanvya-bwihhsrkmjvgkfalnfskjfhhbvju/SourcePackages/checkouts/swift-collections/Sources/InternalCollectionsUtilities/IntegerTricks/Integer\ rank.swift /Users/runner/Library/Developer/Xcode/DerivedData/Sanvya-bwihhsrkmjvgkfalnfskjfhhbvju/SourcePackages/checkouts/swift-collections/Sources/InternalCollectionsUtilities/IntegerTricks/UInt+first\ and\ last\ set\ bit.swift /Users/runner/Library/Developer/Xcode/DerivedData/Sanvya-bwihhsrkmjvgkfalnfskjfhhbvju/SourcePackages/checkouts/swift-collections/Sources/InternalCollectionsUtilities/IntegerTricks/UInt+reversed.swift /Users/runner/Library/Developer/Xcode/DerivedData/Sanvya-bwihhsrkmjvgkfalnfskjfhhbvju/SourcePackages/checkouts/swift-collections/Sources/InternalCollectionsUtilities/LifetimeOverride.swift (in target 'InternalCollectionsUtilities' from project 'swift-collections')

SwiftCompile normal arm64 /Users/runner/Library/Developer/Xcode/DerivedData/Sanvya-bwihhsrkmjvgkfalnfskjfhhbvju/SourcePackages/checkouts/swift-collections/Sources/InternalCollectionsUtilities/Debugging.swift (in target 'InternalCollectionsUtilities' from project 'swift-collections')
    cd /Users/runner/work/pocketcare-app/pocketcare-app/apps/ios/Sanvya.xcodeproj
    

SwiftCompile normal arm64 /Users/runner/Library/Developer/Xcode/DerivedData/Sanvya-bwihhsrkmjvgkfalnfskjfhhbvju/SourcePackages/checkouts/swift-collections/Sources/InternalCollectionsUtilities/Descriptions.swift (in target 'InternalCollectionsUtilities' from project 'swift-collections')
    cd /Users/runner/work/pocketcare-app/pocketcare-app/apps/ios/Sanvya.xcodeproj
    

SwiftCompile normal arm64 /Users/runner/Library/Developer/Xcode/DerivedData/Sanvya-bwihhsrkmjvgkfalnfskjfhhbvju/SourcePackages/checkouts/swift-collections/Sources/InternalCollectionsUtilities/IntegerTricks/FixedWidthInteger+roundUpToPowerOfTwo.swift (in target 'InternalCollectionsUtilities' from project 'swift-collections')
    cd /Users/runner/work/pocketcare-app/pocketcare-app/apps/ios/Sanvya.xcodeproj
    

SwiftCompile normal arm64 /Users/runner/Library/Developer/Xcode/DerivedData/Sanvya-bwihhsrkmjvgkfalnfskjfhhbvju/SourcePackages/checkouts/swift-collections/Sources/InternalCollectionsUtilities/IntegerTricks/Integer\ rank.swift (in target 'InternalCollectionsUtilities' from project 'swift-collections')
    cd /Users/runner/work/pocketcare-app/pocketcare-app/apps/ios/Sanvya.xcodeproj
    

SwiftCompile normal arm64 /Users/runner/Library/Developer/Xcode/DerivedData/Sanvya-bwihhsrkmjvgkfalnfskjfhhbvju/SourcePackages/checkouts/swift-collections/Sources/InternalCollectionsUtilities/IntegerTricks/UInt+first\ and\ last\ set\ bit.swift (in target 'InternalCollectionsUtilities' from project 'swift-collections')
    cd /Users/runner/work/pocketcare-app/pocketcare-app/apps/ios/Sanvya.xcodeproj
    

SwiftCompile normal arm64 /Users/runner/Library/Developer/Xcode/DerivedData/Sanvya-bwihhsrkmjvgkfalnfskjfhhbvju/SourcePackages/checkouts/swift-collections/Sources/InternalCollectionsUtilities/IntegerTricks/UInt+reversed.swift (in target 'InternalCollectionsUtilities' from project 'swift-collections')
    cd /Users/runner/work/pocketcare-app/pocketcare-app/apps/ios/Sanvya.xcodeproj
    

SwiftCompile normal arm64 /Users/runner/Library/Developer/Xcode/DerivedData/Sanvya-bwihhsrkmjvgkfalnfskjfhhbvju/SourcePackages/checkouts/swift-collections/Sources/InternalCollectionsUtilities/LifetimeOverride.swift (in target 'InternalCollectionsUtilities' from project 'swift-collections')
    cd /Users/runner/work/pocketcare-app/pocketcare-app/apps/ios/Sanvya.xcodeproj
    

SwiftCompile normal arm64 Compiling\ UnsafeBufferPointer+Extras.swift,\ UnsafeMutableBufferPointer+Extras.swift,\ UnsafeMutableRawBufferPointer+Extras.swift,\ UnsafeRawBufferPointer+Extras.swift,\ _SortedCollection.swift,\ _UniqueCollection.swift /Users/runner/Library/Developer/Xcode/DerivedData/Sanvya-bwihhsrkmjvgkfalnfskjfhhbvju/SourcePackages/checkouts/swift-collections/Sources/InternalCollectionsUtilities/UnsafeBufferPointer+Extras.swift /Users/runner/Library/Developer/Xcode/DerivedData/Sanvya-bwihhsrkmjvgkfalnfskjfhhbvju/SourcePackages/checkouts/swift-collections/Sources/InternalCollectionsUtilities/UnsafeMutableBufferPointer+Extras.swift /Users/runner/Library/Developer/Xcode/DerivedData/Sanvya-bwihhsrkmjvgkfalnfskjfhhbvju/SourcePackages/checkouts/swift-collections/Sources/InternalCollectionsUtilities/UnsafeMutableRawBufferPointer+Extras.swift /Users/runner/Library/Developer/Xcode/DerivedData/Sanvya-bwihhsrkmjvgkfalnfskjfhhbvju/SourcePackages/checkouts/swift-collections/Sources/InternalCollectionsUtilities/UnsafeRawBufferPointer+Extras.swift /Users/runner/Library/Developer/Xcode/DerivedData/Sanvya-bwihhsrkmjvgkfalnfskjfhhbvju/SourcePackages/checkouts/swift-collections/Sources/InternalCollectionsUtilities/_SortedCollection.swift /Users/runner/Library/Developer/Xcode/DerivedData/Sanvya-bwihhsrkmjvgkfalnfskjfhhbvju/SourcePackages/checkouts/swift-collections/Sources/InternalCollectionsUtilities/_UniqueCollection.swift (in target 'InternalCollectionsUtilities' from project 'swift-collections')

SwiftCompile normal arm64 /Users/runner/Library/Developer/Xcode/DerivedData/Sanvya-bwihhsrkmjvgkfalnfskjfhhbvju/SourcePackages/checkouts/swift-collections/Sources/InternalCollectionsUtilities/UnsafeBufferPointer+Extras.swift (in target 'InternalCollectionsUtilities' from project 'swift-collections')
    cd /Users/runner/work/pocketcare-app/pocketcare-app/apps/ios/Sanvya.xcodeproj
    

SwiftCompile normal arm64 /Users/runner/Library/Developer/Xcode/DerivedData/Sanvya-bwihhsrkmjvgkfalnfskjfhhbvju/SourcePackages/checkouts/swift-collections/Sources/InternalCollectionsUtilities/UnsafeMutableBufferPointer+Extras.swift (in target 'InternalCollectionsUtilities' from project 'swift-collections')
    cd /Users/runner/work/pocketcare-app/pocketcare-app/apps/ios/Sanvya.xcodeproj
    

SwiftCompile normal arm64 /Users/runner/Library/Developer/Xcode/DerivedData/Sanvya-bwihhsrkmjvgkfalnfskjfhhbvju/SourcePackages/checkouts/swift-collections/Sources/InternalCollectionsUtilities/UnsafeMutableRawBufferPointer+Extras.swift (in target 'InternalCollectionsUtilities' from project 'swift-collections')
    cd /Users/runner/work/pocketcare-app/pocketcare-app/apps/ios/Sanvya.xcodeproj
    

SwiftCompile normal arm64 /Users/runner/Library/Developer/Xcode/DerivedData/Sanvya-bwihhsrkmjvgkfalnfskjfhhbvju/SourcePackages/checkouts/swift-collections/Sources/InternalCollectionsUtilities/UnsafeRawBufferPointer+Extras.swift (in target 'InternalCollectionsUtilities' from project 'swift-collections')
    cd /Users/runner/work/pocketcare-app/pocketcare-app/apps/ios/Sanvya.xcodeproj
    

SwiftCompile normal arm64 /Users/runner/Library/Developer/Xcode/DerivedData/Sanvya-bwihhsrkmjvgkfalnfskjfhhbvju/SourcePackages/checkouts/swift-collections/Sources/InternalCollectionsUtilities/_SortedCollection.swift (in target 'InternalCollectionsUtilities' from project 'swift-collections')
    cd /Users/runner/work/pocketcare-app/pocketcare-app/apps/ios/Sanvya.xcodeproj
    

SwiftCompile normal arm64 /Users/runner/Library/Developer/Xcode/DerivedData/Sanvya-bwihhsrkmjvgkfalnfskjfhhbvju/SourcePackages/checkouts/swift-collections/Sources/InternalCollectionsUtilities/_UniqueCollection.swift (in target 'InternalCollectionsUtilities' from project 'swift-collections')
    cd /Users/runner/work/pocketcare-app/pocketcare-app/apps/ios/Sanvya.xcodeproj
    

SwiftExplicitDependencyGeneratePcm arm64 /Users/runner/Library/Developer/Xcode/DerivedData/ModuleCache.noindex/os_object-DNV245PVHZBM4XQZPT70ZEVMC.pcm

SwiftExplicitDependencyGeneratePcm arm64 /Users/runner/Library/Developer/Xcode/DerivedData/ModuleCache.noindex/Spatial-357SYZOE03WJLYVHOILYFKUHH.pcm

SwiftExplicitDependencyGeneratePcm arm64 /Users/runner/Library/Developer/Xcode/DerivedData/ModuleCache.noindex/os_workgroup-8OMIXMJN3OMODZFZCVJIOMIK5.pcm

SwiftDriverJobDiscovery normal arm64 Compiling UnsafeBufferPointer+Extras.swift, UnsafeMutableBufferPointer+Extras.swift, UnsafeMutableRawBufferPointer+Extras.swift, UnsafeRawBufferPointer+Extras.swift, _SortedCollection.swift, _UniqueCollection.swift (in target 'InternalCollectionsUtilities' from project 'swift-collections')

ScanDependencies /Users/runner/Library/Developer/Xcode/DerivedData/Sanvya-bwihhsrkmjvgkfalnfskjfhhbvju/Build/Intermediates.noindex/CSQLite.build/Debug-iphonesimulator/CSQLite.build/Objects-normal/arm64/sqlite3_entry.o /Users/runner/Library/Developer/Xcode/DerivedData/Sanvya-bwihhsrkmjvgkfalnfskjfhhbvju/SourcePackages/checkouts/CSQLite/Sources/CSQLite/sqlite3_entry.c normal arm64 c com.apple.compilers.llvm.clang.1_0.compiler (in target 'CSQLite' from project 'CSQLite')
    cd /Users/runner/work/pocketcare-app/pocketcare-app/apps/ios/Sanvya.xcodeproj
    
    Using response file: /Users/runner/Library/Developer/Xcode/DerivedData/Sanvya-bwihhsrkmjvgkfalnfskjfhhbvju/Build/Intermediates.noindex/CSQLite.build/Debug-iphonesimulator/CSQLite.build/Objects-normal/arm64/7187679823f38a2a940e0043cdf9d637-common-args.resp
    
    builtin-ScanDependencies -o /Users/runner/Library/Developer/Xcode/DerivedData/Sanvya-bwihhsrkmjvgkfalnfskjfhhbvju/Build/Intermediates.noindex/CSQLite.build/Debug-iphonesimulator/CSQLite.build/Objects-normal/arm64/sqlite3_entry.o.scan -- /Applications/Xcode_26.6.app/Contents/Developer/Toolchains/XcodeDefault.xctoolchain/usr/bin/clang -x c -ivfsstatcache /Users/runner/Library/Developer/Xcode/DerivedData/SDKStatCaches.noindex/iphonesimulator26.5-23F81a-688ef53f1462e2c8f657fdc38a81448ff45c64a1807a658693f2a61704f17a36.sdkstatcache -target arm64-apple-ios12.0-simulator -fmessage-length\=0 -fdiagnostics-show-note-include-stack -fmacro-backtrace-limit\=0 -fno-color-diagnostics -fmodules-prune-interval\=86400 -fmodules-prune-after\=345600 -fbuild-session-file\=/Users/runner/Library/Developer/Xcode/DerivedData/ModuleCache.noindex/Session.modulevalidation -fmodules-validate-once-per-build-session -Wnon-modular-include-in-framework-module -Werror\=non-modular-include-in-framework-module -Wno-trigraphs -Wno-missing-field-initializers -Wno-missing-prototypes -Wno-return-type -Wno-missing-braces -Wparentheses -Wswitch -Wno-unused-function -Wno-unused-label -Wno-unused-parameter -Wno-unused-variable -Wunused-value -Wno-empty-body -Wno-uninitialized -Wno-unknown-pragmas -w -Wno-shadow -Wno-four-char-constants -Wno-conversion -Wno-constant-conversion -Wno-int-conversion -Wno-bool-conversion -Wno-enum-conversion -Wno-float-conversion -Wno-non-literal-null-conversion -Wno-objc-literal-conversion -Wshorten-64-to-32 -Wpointer-sign -Wno-newline-eof -Wno-implicit-fallthrough -isysroot /Applications/Xcode_26.6.app/Contents/Developer/Platforms/iPhoneSimulator.platform/Developer/SDKs/iPhoneSimulator26.5.sdk -fstrict-aliasing -Wdeprecated-declarations -Wno-sign-conversion -Wno-infinite-recursion -Wno-comma -Wno-block-capture-autoreleasing -Wno-strict-prototypes -Wno-semicolon-before-method-body -index-store-path /Users/runner/Library/Developer/Xcode/DerivedData/Sanvya-bwihhsrkmjvgkfalnfskjfhhbvju/Index.noindex/DataStore @/Users/runner/Library/Developer/Xcode/DerivedData/Sanvya-bwihhsrkmjvgkfalnfskjfhhbvju/Build/Intermediates.noindex/CSQLite.build/Debug-iphonesimulator/CSQLite.build/Objects-normal/arm64/7187679823f38a2a940e0043cdf9d637-common-args.resp -MMD -MT dependencies -MF /Users/runner/Library/Developer/Xcode/DerivedData/Sanvya-bwihhsrkmjvgkfalnfskjfhhbvju/Build/Intermediates.noindex/CSQLite.build/Debug-iphonesimulator/CSQLite.build/Objects-normal/arm64/sqlite3_entry.d --serialize-diagnostics /Users/runner/Library/Developer/Xcode/DerivedData/Sanvya-bwihhsrkmjvgkfalnfskjfhhbvju/Build/Intermediates.noindex/CSQLite.build/Debug-iphonesimulator/CSQLite.build/Objects-normal/arm64/sqlite3_entry.dia -c /Users/runner/Library/Developer/Xcode/DerivedData/Sanvya-bwihhsrkmjvgkfalnfskjfhhbvju/SourcePackages/checkouts/CSQLite/Sources/CSQLite/sqlite3_entry.c -o /Users/runner/Library/Developer/Xcode/DerivedData/Sanvya-bwihhsrkmjvgkfalnfskjfhhbvju/Build/Intermediates.noindex/CSQLite.build/Debug-iphonesimulator/CSQLite.build/Objects-normal/arm64/sqlite3_entry.o -index-unit-output-path /CSQLite.build/Debug-iphonesimulator/CSQLite.build/Objects-normal/arm64/sqlite3_entry.o

SwiftDriverJobDiscovery normal arm64 Compiling Debugging.swift, Descriptions.swift, FixedWidthInteger+roundUpToPowerOfTwo.swift, Integer rank.swift, UInt+first and last set bit.swift, UInt+reversed.swift, LifetimeOverride.swift (in target 'InternalCollectionsUtilities' from project 'swift-collections')

SwiftDriver\ Compilation InternalCollectionsUtilities normal arm64 com.apple.xcode.tools.swift.compiler (in target 'InternalCollectionsUtilities' from project 'swift-collections')
    cd /Users/runner/work/pocketcare-app/pocketcare-app/apps/ios/Sanvya.xcodeproj
    builtin-Swift-Compilation -- /Applications/Xcode_26.6.app/Contents/Developer/Toolchains/XcodeDefault.xctoolchain/usr/bin/swiftc -module-name InternalCollectionsUtilities -Onone @/Users/runner/Library/Developer/Xcode/DerivedData/Sanvya-bwihhsrkmjvgkfalnfskjfhhbvju/Build/Intermediates.noindex/swift-collections.build/Debug-iphonesimulator/InternalCollectionsUtilities.build/Objects-normal/arm64/InternalCollectionsUtilities.SwiftFileList -DSWIFT_PACKAGE -DDEBUG -DSWIFT_MODULE_RESOURCE_BUNDLE_UNAVAILABLE -DCOLLECTIONS_RANDOMIZED_TESTING -DXcode -enable-experimental-feature AvailabilityMacro\=SwiftStdlib\ 5.0:\ macOS\ 10.14.4,\ iOS\ 12.2,\ watchOS\ 5.2,\ tvOS\ 12.2 -enable-experimental-feature AvailabilityMacro\=SwiftStdlib\ 5.1:\ macOS\ 10.15,\ iOS\ 13.0,\ watchOS\ 6.0,\ tvOS\ 13.0 -enable-experimental-feature AvailabilityMacro\=SwiftStdlib\ 5.6:\ macOS\ 12.3,\ iOS\ 15.4,\ watchOS\ 8.5,\ tvOS\ 15.4 -enable-experimental-feature AvailabilityMacro\=SwiftStdlib\ 5.7:\ macOS\ 13.0,\ iOS\ 16.0,\ watchOS\ 9.0,\ tvOS\ 16.0 -enable-experimental-feature AvailabilityMacro\=SwiftStdlib\ 5.8:\ macOS\ 13.3,\ iOS\ 16.4,\ watchOS\ 9.4,\ tvOS\ 16.4 -enable-experimental-feature AvailabilityMacro\=SwiftStdlib\ 5.9:\ macOS\ 14.0,\ iOS\ 17.0,\ watchOS\ 10.0,\ tvOS\ 17.0 -enable-experimental-feature AvailabilityMacro\=SwiftStdlib\ 5.10:\ macOS\ 14.4,\ iOS\ 17.4,\ watchOS\ 10.4,\ tvOS\ 17.4,\ visionOS\ 1.1 -enable-experimental-feature AvailabilityMacro\=SwiftStdlib\ 6.0:\ macOS\ 15.0,\ iOS\ 18.0,\ watchOS\ 11.0,\ tvOS\ 18.0,\ visionOS\ 2.0 -enable-experimental-feature AvailabilityMacro\=SwiftStdlib\ 6.1:\ macOS\ 15.4,\ iOS\ 18.4,\ watchOS\ 11.4,\ tvOS\ 18.4,\ visionOS\ 2.4 -enable-experimental-feature AvailabilityMacro\=SwiftStdlib\ 6.2:\ macOS\ 26.0,\ iOS\ 26.0,\ watchOS\ 26.0,\ tvOS\ 26.0,\ visionOS\ 26.0 -enable-experimental-feature AvailabilityMacro\=SwiftStdlib\ 6.3:\ macOS\ 26.4,\ iOS\ 26.4,\ watchOS\ 26.4,\ tvOS\ 26.4,\ visionOS\ 26.4 -enable-experimental-feature AvailabilityMacro\=SwiftStdlib\ 6.4:\ macOS\ 9999,\ iOS\ 9999,\ watchOS\ 9999,\ tvOS\ 9999,\ visionOS\ 9999 -enable-experimental-feature AvailabilityMacro\=SwiftStdlib\ 6.5:\ macOS\ 9999,\ iOS\ 9999,\ watchOS\ 9999,\ tvOS\ 9999,\ visionOS\ 9999 -enable-upcoming-feature MemberImportVisibility -enable-experimental-feature BuiltinModule -enable-experimental-feature Lifetimes -enable-experimental-feature InoutLifetimeDependence -enable-experimental-feature AddressableParameters -enable-experimental-feature AddressableTypes -enable-experimental-feature SuppressedAssociatedTypesWithDefaults -plugin-path /Applications/Xcode_26.6.app/Contents/Developer/Toolchains/XcodeDefault.xctoolchain/usr/lib/swift/host/plugins/testing -enable-experimental-feature DebugDescriptionMacro -sdk /Applications/Xcode_26.6.app/Contents/Developer/Platforms/iPhoneSimulator.platform/Developer/SDKs/iPhoneSimulator26.5.sdk -target arm64-apple-ios12.0-simulator -g -module-cache-path /Users/runner/Library/Developer/Xcode/DerivedData/ModuleCache.noindex -Xfrontend -serialize-debugging-options -enable-testing -suppress-warnings -index-store-path /Users/runner/Library/Developer/Xcode/DerivedData/Sanvya-bwihhsrkmjvgkfalnfskjfhhbvju/Index.noindex/DataStore -Xcc -D_LIBCPP_HARDENING_MODE\=_LIBCPP_HARDENING_MODE_DEBUG -swift-version 6 -I /Users/runner/Library/Developer/Xcode/DerivedData/Sanvya-bwihhsrkmjvgkfalnfskjfhhbvju/Build/Products/Debug-iphonesimulator -Isystem /Applications/Xcode_26.6.app/Contents/Developer/Platforms/iPhoneSimulator.platform/Developer/usr/lib -F /Users/runner/Library/Developer/Xcode/DerivedData/Sanvya-bwihhsrkmjvgkfalnfskjfhhbvju/Build/Products/Debug-iphonesimulator -F /Applications/Xcode_26.6.app/Contents/Developer/Platforms/iPhoneSimulator.platform/Developer/Library/Frameworks -F /Applications/Xcode_26.6.app/Contents/Developer/Platforms/iPhoneSimulator.platform/Developer/SDKs/iPhoneSimulator26.5.sdk/Developer/Library/Frameworks -c -j3 -enable-batch-mode -incremental -Xcc -ivfsstatcache -Xcc /Users/runner/Library/Developer/Xcode/DerivedData/SDKStatCaches.noindex/iphonesimulator26.5-23F81a-688ef53f1462e2c8f657fdc38a81448ff45c64a1807a658693f2a61704f17a36.sdkstatcache -output-file-map /Users/runner/Library/Developer/Xcode/DerivedData/Sanvya-bwihhsrkmjvgkfalnfskjfhhbvju/Build/Intermediates.noindex/swift-collections.build/Debug-iphonesimulator/InternalCollectionsUtilities.build/Objects-normal/arm64/InternalCollectionsUtilities-OutputFileMap.json -use-frontend-parseable-output -save-temps -no-color-diagnostics -explicit-module-build -module-cache-path /Users/runner/Library/Developer/Xcode/DerivedData/Sanvya-bwihhsrkmjvgkfalnfskjfhhbvju/Build/Intermediates.noindex/SwiftExplicitPrecompiledModules -clang-scanner-module-cache-path /Users/runner/Library/Developer/Xcode/DerivedData/ModuleCache.noindex -sdk-module-cache-path /Users/runner/Library/Developer/Xcode/DerivedData/ModuleCache.noindex -serialize-diagnostics -emit-dependencies -emit-module -emit-module-path /Users/runner/Library/Developer/Xcode/DerivedData/Sanvya-bwihhsrkmjvgkfalnfskjfhhbvju/Build/Intermediates.noindex/swift-collections.build/Debug-iphonesimulator/InternalCollectionsUtilities.build/Objects-normal/arm64/InternalCollectionsUtilities.swiftmodule -user-module-version 1.6.0 -validate-clang-modules-once -clang-build-session-file /Users/runner/Library/Developer/Xcode/DerivedData/ModuleCache.noindex/Session.modulevalidation -package-name swift_collections -Xcc -I/Users/runner/Library/Developer/Xcode/DerivedData/Sanvya-bwihhsrkmjvgkfalnfskjfhhbvju/Build/Intermediates.noindex/swift-collections.build/Debug-iphonesimulator/InternalCollectionsUtilities.build/swift-overrides.hmap -emit-const-values -Xfrontend -const-gather-protocols-file -Xfrontend /Users/runner/Library/Developer/Xcode/DerivedData/Sanvya-bwihhsrkmjvgkfalnfskjfhhbvju/Build/Intermediates.noindex/swift-collections.build/Debug-iphonesimulator/InternalCollectionsUtilities.build/Objects-normal/arm64/InternalCollectionsUtilities_const_extract_protocols.json -Xcc -I/Users/runner/Library/Developer/Xcode/DerivedData/Sanvya-bwihhsrkmjvgkfalnfskjfhhbvju/Build/Products/Debug-iphonesimulator/include -Xcc -I/Users/runner/Library/Developer/Xcode/DerivedData/Sanvya-bwihhsrkmjvgkfalnfskjfhhbvju/Build/Intermediates.noindex/swift-collections.build/Debug-iphonesimulator/InternalCollectionsUtilities.build/DerivedSources-normal/arm64 -Xcc -I/Users/runner/Library/Developer/Xcode/DerivedData/Sanvya-bwihhsrkmjvgkfalnfskjfhhbvju/Build/Intermediates.noindex/swift-collections.build/Debug-iphonesimulator/InternalCollectionsUtilities.build/DerivedSources/arm64 -Xcc -I/Users/runner/Library/Developer/Xcode/DerivedData/Sanvya-bwihhsrkmjvgkfalnfskjfhhbvju/Build/Intermediates.noindex/swift-collections.build/Debug-iphonesimulator/InternalCollectionsUtilities.build/DerivedSources -Xcc -DSWIFT_PACKAGE -Xcc -DDEBUG\=1 -emit-objc-header -emit-objc-header-path /Users/runner/Library/Developer/Xcode/DerivedData/Sanvya-bwihhsrkmjvgkfalnfskjfhhbvju/Build/Intermediates.noindex/swift-collections.build/Debug-iphonesimulator/InternalCollectionsUtilities.build/Objects-normal/arm64/InternalCollectionsUtilities-Swift.h -working-directory /Users/runner/work/pocketcare-app/pocketcare-app/apps/ios/Sanvya.xcodeproj -experimental-emit-module-separately -disable-cmo

Ld /Users/runner/Library/Developer/Xcode/DerivedData/Sanvya-bwihhsrkmjvgkfalnfskjfhhbvju/Build/Products/Debug-iphonesimulator/InternalCollectionsUtilities.o normal (in target 'InternalCollectionsUtilities' from project 'swift-collections')
    cd /Users/runner/Library/Developer/Xcode/DerivedData/Sanvya-bwihhsrkmjvgkfalnfskjfhhbvju/SourcePackages/checkouts/swift-collections
    /Applications/Xcode_26.6.app/Contents/Developer/Toolchains/XcodeDefault.xctoolchain/usr/bin/clang -Xlinker -reproducible -target arm64-apple-ios12.0-simulator -r -isysroot /Applications/Xcode_26.6.app/Contents/Developer/Platforms/iPhoneSimulator.platform/Developer/SDKs/iPhoneSimulator26.5.sdk -O0 -w -F/Users/runner/Library/Developer/Xcode/DerivedData/Sanvya-bwihhsrkmjvgkfalnfskjfhhbvju/Build/Intermediates.noindex/EagerLinkingTBDs/Debug-iphonesimulator -F/Users/runner/Library/Developer/Xcode/DerivedData/Sanvya-bwihhsrkmjvgkfalnfskjfhhbvju/Build/Products/Debug-iphonesimulator -iframework /Applications/Xcode_26.6.app/Contents/Developer/Platforms/iPhoneSimulator.platform/Developer/Library/Frameworks -iframework /Applications/Xcode_26.6.app/Contents/Developer/Platforms/iPhoneSimulator.platform/Developer/SDKs/iPhoneSimulator26.5.sdk/Developer/Library/Frameworks -filelist /Users/runner/Library/Developer/Xcode/DerivedData/Sanvya-bwihhsrkmjvgkfalnfskjfhhbvju/Build/Intermediates.noindex/swift-collections.build/Debug-iphonesimulator/InternalCollectionsUtilities.build/Objects-normal/arm64/InternalCollectionsUtilities.LinkFileList -nostdlib -Xlinker -object_path_lto -Xlinker /Users/runner/Library/Developer/Xcode/DerivedData/Sanvya-bwihhsrkmjvgkfalnfskjfhhbvju/Build/Intermediates.noindex/swift-collections.build/Debug-iphonesimulator/InternalCollectionsUtilities.build/Objects-normal/arm64/InternalCollectionsUtilities_lto.o -Xlinker -no_deduplicate -Xlinker -objc_abi_version -Xlinker 2 -Xlinker -dependency_info -Xlinker /Users/runner/Library/Developer/Xcode/DerivedData/Sanvya-bwihhsrkmjvgkfalnfskjfhhbvju/Build/Intermediates.noindex/swift-collections.build/Debug-iphonesimulator/InternalCollectionsUtilities.build/Objects-normal/arm64/InternalCollectionsUtilities_dependency_info.dat -fobjc-link-runtime -L/Applications/Xcode_26.6.app/Contents/Developer/Toolchains/XcodeDefault.xctoolchain/usr/lib/swift/iphonesimulator -L/usr/lib/swift -Xlinker -add_ast_path -Xlinker /Users/runner/Library/Developer/Xcode/DerivedData/Sanvya-bwihhsrkmjvgkfalnfskjfhhbvju/Build/Intermediates.noindex/swift-collections.build/Debug-iphonesimulator/InternalCollectionsUtilities.build/Objects-normal/arm64/InternalCollectionsUtilities.swiftmodule @/Users/runner/Library/Developer/Xcode/DerivedData/Sanvya-bwihhsrkmjvgkfalnfskjfhhbvju/Build/Intermediates.noindex/swift-collections.build/Debug-iphonesimulator/InternalCollectionsUtilities.build/Objects-normal/arm64/InternalCollectionsUtilities-linker-args.resp -o /Users/runner/Library/Developer/Xcode/DerivedData/Sanvya-bwihhsrkmjvgkfalnfskjfhhbvju/Build/Products/Debug-iphonesimulator/InternalCollectionsUtilities.o

SwiftExplicitDependencyGeneratePcm arm64 /Users/runner/Library/Developer/Xcode/DerivedData/ModuleCache.noindex/Dispatch-7REI5S87JA8BK9MFDVUCRA2N7.pcm

SwiftDriver OrderedCollections normal arm64 com.apple.xcode.tools.swift.compiler (in target 'OrderedCollections' from project 'swift-collections')
    cd /Users/runner/work/pocketcare-app/pocketcare-app/apps/ios/Sanvya.xcodeproj
    builtin-SwiftDriver -- /Applications/Xcode_26.6.app/Contents/Developer/Toolchains/XcodeDefault.xctoolchain/usr/bin/swiftc -module-name OrderedCollections -Onone @/Users/runner/Library/Developer/Xcode/DerivedData/Sanvya-bwihhsrkmjvgkfalnfskjfhhbvju/Build/Intermediates.noindex/swift-collections.build/Debug-iphonesimulator/OrderedCollections.build/Objects-normal/arm64/OrderedCollections.SwiftFileList -DSWIFT_PACKAGE -DDEBUG -DSWIFT_MODULE_RESOURCE_BUNDLE_UNAVAILABLE -DCOLLECTIONS_RANDOMIZED_TESTING -DXcode -enable-experimental-feature AvailabilityMacro\=SwiftStdlib\ 5.0:\ macOS\ 10.14.4,\ iOS\ 12.2,\ watchOS\ 5.2,\ tvOS\ 12.2 -enable-experimental-feature AvailabilityMacro\=SwiftStdlib\ 5.1:\ macOS\ 10.15,\ iOS\ 13.0,\ watchOS\ 6.0,\ tvOS\ 13.0 -enable-experimental-feature AvailabilityMacro\=SwiftStdlib\ 5.6:\ macOS\ 12.3,\ iOS\ 15.4,\ watchOS\ 8.5,\ tvOS\ 15.4 -enable-experimental-feature AvailabilityMacro\=SwiftStdlib\ 5.7:\ macOS\ 13.0,\ iOS\ 16.0,\ watchOS\ 9.0,\ tvOS\ 16.0 -enable-experimental-feature AvailabilityMacro\=SwiftStdlib\ 5.8:\ macOS\ 13.3,\ iOS\ 16.4,\ watchOS\ 9.4,\ tvOS\ 16.4 -enable-experimental-feature AvailabilityMacro\=SwiftStdlib\ 5.9:\ macOS\ 14.0,\ iOS\ 17.0,\ watchOS\ 10.0,\ tvOS\ 17.0 -enable-experimental-feature AvailabilityMacro\=SwiftStdlib\ 5.10:\ macOS\ 14.4,\ iOS\ 17.4,\ watchOS\ 10.4,\ tvOS\ 17.4,\ visionOS\ 1.1 -enable-experimental-feature AvailabilityMacro\=SwiftStdlib\ 6.0:\ macOS\ 15.0,\ iOS\ 18.0,\ watchOS\ 11.0,\ tvOS\ 18.0,\ visionOS\ 2.0 -enable-experimental-feature AvailabilityMacro\=SwiftStdlib\ 6.1:\ macOS\ 15.4,\ iOS\ 18.4,\ watchOS\ 11.4,\ tvOS\ 18.4,\ visionOS\ 2.4 -enable-experimental-feature AvailabilityMacro\=SwiftStdlib\ 6.2:\ macOS\ 26.0,\ iOS\ 26.0,\ watchOS\ 26.0,\ tvOS\ 26.0,\ visionOS\ 26.0 -enable-experimental-feature AvailabilityMacro\=SwiftStdlib\ 6.3:\ macOS\ 26.4,\ iOS\ 26.4,\ watchOS\ 26.4,\ tvOS\ 26.4,\ visionOS\ 26.4 -enable-experimental-feature AvailabilityMacro\=SwiftStdlib\ 6.4:\ macOS\ 9999,\ iOS\ 9999,\ watchOS\ 9999,\ tvOS\ 9999,\ visionOS\ 9999 -enable-experimental-feature AvailabilityMacro\=SwiftStdlib\ 6.5:\ macOS\ 9999,\ iOS\ 9999,\ watchOS\ 9999,\ tvOS\ 9999,\ visionOS\ 9999 -enable-upcoming-feature MemberImportVisibility -enable-experimental-feature BuiltinModule -enable-experimental-feature Lifetimes -enable-experimental-feature InoutLifetimeDependence -enable-experimental-feature AddressableParameters -enable-experimental-feature AddressableTypes -enable-experimental-feature SuppressedAssociatedTypesWithDefaults -plugin-path /Applications/Xcode_26.6.app/Contents/Developer/Toolchains/XcodeDefault.xctoolchain/usr/lib/swift/host/plugins/testing -enable-experimental-feature DebugDescriptionMacro -sdk /Applications/Xcode_26.6.app/Contents/Developer/Platforms/iPhoneSimulator.platform/Developer/SDKs/iPhoneSimulator26.5.sdk -target arm64-apple-ios12.0-simulator -g -module-cache-path /Users/runner/Library/Developer/Xcode/DerivedData/ModuleCache.noindex -Xfrontend -serialize-debugging-options -enable-testing -suppress-warnings -index-store-path /Users/runner/Library/Developer/Xcode/DerivedData/Sanvya-bwihhsrkmjvgkfalnfskjfhhbvju/Index.noindex/DataStore -Xcc -D_LIBCPP_HARDENING_MODE\=_LIBCPP_HARDENING_MODE_DEBUG -swift-version 6 -I /Users/runner/Library/Developer/Xcode/DerivedData/Sanvya-bwihhsrkmjvgkfalnfskjfhhbvju/Build/Products/Debug-iphonesimulator -Isystem /Applications/Xcode_26.6.app/Contents/Developer/Platforms/iPhoneSimulator.platform/Developer/usr/lib -F /Users/runner/Library/Developer/Xcode/DerivedData/Sanvya-bwihhsrkmjvgkfalnfskjfhhbvju/Build/Products/Debug-iphonesimulator/PackageFrameworks -F /Users/runner/Library/Developer/Xcode/DerivedData/Sanvya-bwihhsrkmjvgkfalnfskjfhhbvju/Build/Products/Debug-iphonesimulator -F /Applications/Xcode_26.6.app/Contents/Developer/Platforms/iPhoneSimulator.platform/Developer/Library/Frameworks -F /Applications/Xcode_26.6.app/Contents/Developer/Platforms/iPhoneSimulator.platform/Developer/SDKs/iPhoneSimulator26.5.sdk/Developer/Library/Frameworks -c -j3 -enable-batch-mode -incremental -Xcc -ivfsstatcache -Xcc /Users/runner/Library/Developer/Xcode/DerivedData/SDKStatCaches.noindex/iphonesimulator26.5-23F81a-688ef53f1462e2c8f657fdc38a81448ff45c64a1807a658693f2a61704f17a36.sdkstatcache -output-file-map /Users/runner/Library/Developer/Xcode/DerivedData/Sanvya-bwihhsrkmjvgkfalnfskjfhhbvju/Build/Intermediates.noindex/swift-collections.build/Debug-iphonesimulator/OrderedCollections.build/Objects-normal/arm64/OrderedCollections-OutputFileMap.json -use-frontend-parseable-output -save-temps -no-color-diagnostics -explicit-module-build -module-cache-path /Users/runner/Library/Developer/Xcode/DerivedData/Sanvya-bwihhsrkmjvgkfalnfskjfhhbvju/Build/Intermediates.noindex/SwiftExplicitPrecompiledModules -clang-scanner-module-cache-path /Users/runner/Library/Developer/Xcode/DerivedData/ModuleCache.noindex -sdk-module-cache-path /Users/runner/Library/Developer/Xcode/DerivedData/ModuleCache.noindex -serialize-diagnostics -emit-dependencies -emit-module -emit-module-path /Users/runner/Library/Developer/Xcode/DerivedData/Sanvya-bwihhsrkmjvgkfalnfskjfhhbvju/Build/Intermediates.noindex/swift-collections.build/Debug-iphonesimulator/OrderedCollections.build/Objects-normal/arm64/OrderedCollections.swiftmodule -user-module-version 1.6.0 -validate-clang-modules-once -clang-build-session-file /Users/runner/Library/Developer/Xcode/DerivedData/ModuleCache.noindex/Session.modulevalidation -package-name swift_collections -Xcc -I/Users/runner/Library/Developer/Xcode/DerivedData/Sanvya-bwihhsrkmjvgkfalnfskjfhhbvju/Build/Intermediates.noindex/swift-collections.build/Debug-iphonesimulator/OrderedCollections.build/swift-overrides.hmap -emit-const-values -Xfrontend -const-gather-protocols-file -Xfrontend /Users/runner/Library/Developer/Xcode/DerivedData/Sanvya-bwihhsrkmjvgkfalnfskjfhhbvju/Build/Intermediates.noindex/swift-collections.build/Debug-iphonesimulator/OrderedCollections.build/Objects-normal/arm64/OrderedCollections_const_extract_protocols.json -Xcc -I/Users/runner/Library/Developer/Xcode/DerivedData/Sanvya-bwihhsrkmjvgkfalnfskjfhhbvju/Build/Products/Debug-iphonesimulator/include -Xcc -I/Users/runner/Library/Developer/Xcode/DerivedData/Sanvya-bwihhsrkmjvgkfalnfskjfhhbvju/Build/Intermediates.noindex/swift-collections.build/Debug-iphonesimulator/OrderedCollections.build/DerivedSources-normal/arm64 -Xcc -I/Users/runner/Library/Developer/Xcode/DerivedData/Sanvya-bwihhsrkmjvgkfalnfskjfhhbvju/Build/Intermediates.noindex/swift-collections.build/Debug-iphonesimulator/OrderedCollections.build/DerivedSources/arm64 -Xcc -I/Users/runner/Library/Developer/Xcode/DerivedData/Sanvya-bwihhsrkmjvgkfalnfskjfhhbvju/Build/Intermediates.noindex/swift-collections.build/Debug-iphonesimulator/OrderedCollections.build/DerivedSources -Xcc -DSWIFT_PACKAGE -Xcc -DDEBUG\=1 -emit-objc-header -emit-objc-header-path /Users/runner/Library/Developer/Xcode/DerivedData/Sanvya-bwihhsrkmjvgkfalnfskjfhhbvju/Build/Intermediates.noindex/swift-collections.build/Debug-iphonesimulator/OrderedCollections.build/Objects-normal/arm64/OrderedCollections-Swift.h -working-directory /Users/runner/work/pocketcare-app/pocketcare-app/apps/ios/Sanvya.xcodeproj -experimental-emit-module-separately -disable-cmo

SwiftExplicitDependencyGeneratePcm arm64 /Users/runner/Library/Developer/Xcode/DerivedData/ModuleCache.noindex/XPC-7MXMVXCUA9QGXOSNEE69ID20F.pcm

SwiftExplicitDependencyGeneratePcm arm64 /Users/runner/Library/Developer/Xcode/DerivedData/ModuleCache.noindex/CoreFoundation-BGB4THMRAQKTGKEDZ0DU3Z2BX.pcm

SwiftEmitModule normal arm64 Emitting\ module\ for\ OrderedCollections (in target 'OrderedCollections' from project 'swift-collections')
EmitSwiftModule normal arm64 (in target 'OrderedCollections' from project 'swift-collections')
    cd /Users/runner/work/pocketcare-app/pocketcare-app/apps/ios/Sanvya.xcodeproj
    

SwiftExplicitDependencyGeneratePcm arm64 /Users/runner/Library/Developer/Xcode/DerivedData/ModuleCache.noindex/os-325X43EUQCEJ59JK47Q7LAE3V.pcm

PrecompileModule /Users/runner/Library/Developer/Xcode/DerivedData/Sanvya-bwihhsrkmjvgkfalnfskjfhhbvju/Build/Intermediates.noindex/ExplicitPrecompiledModules/_Builtin_stddef-8MQWHZIS5GRM15GOIGDMJ9LL8.scan
    cd /
    builtin-precompileModule /Users/runner/Library/Developer/Xcode/DerivedData/Sanvya-bwihhsrkmjvgkfalnfskjfhhbvju/Build/Intermediates.noindex/ExplicitPrecompiledModules/_Builtin_stddef-8MQWHZIS5GRM15GOIGDMJ9LL8.scan

SwiftExplicitDependencyGeneratePcm arm64 /Users/runner/Library/Developer/Xcode/DerivedData/ModuleCache.noindex/CFNetwork-U3TTSOAREDX3U9EIJP9BVMG0.pcm

SwiftExplicitDependencyGeneratePcm arm64 /Users/runner/Library/Developer/Xcode/DerivedData/ModuleCache.noindex/Security-C8SKGMJ1DT5RG9MNST7ZMER96.pcm

SwiftExplicitDependencyGeneratePcm arm64 /Users/runner/Library/Developer/Xcode/DerivedData/ModuleCache.noindex/CoreGraphics-5OD3P84821TEJ02C8GX1JERE9.pcm

PrecompileModule /Users/runner/Library/Developer/Xcode/DerivedData/Sanvya-bwihhsrkmjvgkfalnfskjfhhbvju/Build/Intermediates.noindex/ExplicitPrecompiledModules/_Builtin_stdarg-4GXT0B24IQTZ75U3WJXQK2R6Q.scan
    cd /
    builtin-precompileModule /Users/runner/Library/Developer/Xcode/DerivedData/Sanvya-bwihhsrkmjvgkfalnfskjfhhbvju/Build/Intermediates.noindex/ExplicitPrecompiledModules/_Builtin_stdarg-4GXT0B24IQTZ75U3WJXQK2R6Q.scan

SwiftExplicitDependencyGeneratePcm arm64 /Users/runner/Library/Developer/Xcode/DerivedData/ModuleCache.noindex/Foundation-2KT89XI3IKJX6TOLHA9IZQ7AG.pcm

PrecompileModule /Users/runner/Library/Developer/Xcode/DerivedData/Sanvya-bwihhsrkmjvgkfalnfskjfhhbvju/Build/Intermediates.noindex/ExplicitPrecompiledModules/_Builtin_stdbool-5LX0DBDOI0ADVMYKEQIMX2NRL.scan
    cd /
    builtin-precompileModule /Users/runner/Library/Developer/Xcode/DerivedData/Sanvya-bwihhsrkmjvgkfalnfskjfhhbvju/Build/Intermediates.noindex/ExplicitPrecompiledModules/_Builtin_stdbool-5LX0DBDOI0ADVMYKEQIMX2NRL.scan

SwiftExplicitDependencyGeneratePcm arm64 /Users/runner/Library/Developer/Xcode/DerivedData/ModuleCache.noindex/ImageIO-ANM3AXK18QHKBTCRLYGWZUNF0.pcm

SwiftExplicitDependencyGeneratePcm arm64 /Users/runner/Library/Developer/Xcode/DerivedData/ModuleCache.noindex/CoreText-2NXN4ENWD1DJFC75KR34F18HP.pcm

PrecompileModule /Users/runner/Library/Developer/Xcode/DerivedData/Sanvya-bwihhsrkmjvgkfalnfskjfhhbvju/Build/Intermediates.noindex/ExplicitPrecompiledModules/_AvailabilityInternal-CJXO8D9S940XINY17GUXNHMOJ.scan
    cd /
    builtin-precompileModule /Users/runner/Library/Developer/Xcode/DerivedData/Sanvya-bwihhsrkmjvgkfalnfskjfhhbvju/Build/Intermediates.noindex/ExplicitPrecompiledModules/_AvailabilityInternal-CJXO8D9S940XINY17GUXNHMOJ.scan

PrecompileModule /Users/runner/Library/Developer/Xcode/DerivedData/Sanvya-bwihhsrkmjvgkfalnfskjfhhbvju/Build/Intermediates.noindex/ExplicitPrecompiledModules/ptrcheck-EMWI7GW9WHHHPIV4RFK31RS70.scan
    cd /
    builtin-precompileModule /Users/runner/Library/Developer/Xcode/DerivedData/Sanvya-bwihhsrkmjvgkfalnfskjfhhbvju/Build/Intermediates.noindex/ExplicitPrecompiledModules/ptrcheck-EMWI7GW9WHHHPIV4RFK31RS70.scan

RegisterExecutionPolicyException /Users/runner/Library/Developer/Xcode/DerivedData/Sanvya-bwihhsrkmjvgkfalnfskjfhhbvju/Build/Products/Debug-iphonesimulator/PowerSyncCoreShim.o (in target 'PowerSyncCoreShim' from project 'PowerSync')
    cd /Users/runner/Library/Developer/Xcode/DerivedData/Sanvya-bwihhsrkmjvgkfalnfskjfhhbvju/SourcePackages/checkouts/powersync-swift
    builtin-RegisterExecutionPolicyException /Users/runner/Library/Developer/Xcode/DerivedData/Sanvya-bwihhsrkmjvgkfalnfskjfhhbvju/Build/Products/Debug-iphonesimulator/PowerSyncCoreShim.o

PrecompileModule /Users/runner/Library/Developer/Xcode/DerivedData/Sanvya-bwihhsrkmjvgkfalnfskjfhhbvju/Build/Intermediates.noindex/ExplicitPrecompiledModules/_DarwinFoundation1-82CF6BU66HNURWMAT21PLFKDR.scan
    cd /
    builtin-precompileModule /Users/runner/Library/Developer/Xcode/DerivedData/Sanvya-bwihhsrkmjvgkfalnfskjfhhbvju/Build/Intermediates.noindex/ExplicitPrecompiledModules/_DarwinFoundation1-82CF6BU66HNURWMAT21PLFKDR.scan

SwiftCompile normal arm64 Compiling\ _HashTable+Bucket.swift,\ _HashTable+BucketIterator.swift,\ _HashTable+Constants.swift,\ _HashTable+CustomStringConvertible.swift,\ _HashTable+Testing.swift,\ _HashTable+UnsafeHandle.swift,\ _HashTable.swift,\ _Hashtable+Header.swift,\ OrderedDictionary+Codable.swift,\ OrderedDictionary+CustomReflectable.swift,\ OrderedDictionary+Deprecations.swift,\ OrderedDictionary+Descriptions.swift,\ OrderedDictionary+Elements.SubSequence.swift,\ OrderedDictionary+Elements.swift,\ OrderedDictionary+Equatable.swift,\ OrderedDictionary+ExpressibleByDictionaryLiteral.swift,\ OrderedDictionary+Hashable.swift,\ OrderedDictionary+Initializers.swift,\ OrderedDictionary+Invariants.swift,\ OrderedDictionary+Move.swift,\ OrderedDictionary+Partial\ MutableCollection.swift /Users/runner/Library/Developer/Xcode/DerivedData/Sanvya-bwihhsrkmjvgkfalnfskjfhhbvju/SourcePackages/checkouts/swift-collections/Sources/OrderedCollections/HashTable/_HashTable+Bucket.swift /Users/runner/Library/Developer/Xcode/DerivedData/Sanvya-bwihhsrkmjvgkfalnfskjfhhbvju/SourcePackages/checkouts/swift-collections/Sources/OrderedCollections/HashTable/_HashTable+BucketIterator.swift /Users/runner/Library/Developer/Xcode/DerivedData/Sanvya-bwihhsrkmjvgkfalnfskjfhhbvju/SourcePackages/checkouts/swift-collections/Sources/OrderedCollections/HashTable/_HashTable+Constants.swift /Users/runner/Library/Developer/Xcode/DerivedData/Sanvya-bwihhsrkmjvgkfalnfskjfhhbvju/SourcePackages/checkouts/swift-collections/Sources/OrderedCollections/HashTable/_HashTable+CustomStringConvertible.swift /Users/runner/Library/Developer/Xcode/DerivedData/Sanvya-bwihhsrkmjvgkfalnfskjfhhbvju/SourcePackages/checkouts/swift-collections/Sources/OrderedCollections/HashTable/_HashTable+Testing.swift /Users/runner/Library/Developer/Xcode/DerivedData/Sanvya-bwihhsrkmjvgkfalnfskjfhhbvju/SourcePackages/checkouts/swift-collections/Sources/OrderedCollections/HashTable/_HashTable+UnsafeHandle.swift /Users/runner/Library/Developer/Xcode/DerivedData/Sanvya-bwihhsrkmjvgkfalnfskjfhhbvju/SourcePackages/checkouts/swift-collections/Sources/OrderedCollections/HashTable/_HashTable.swift /Users/runner/Library/Developer/Xcode/DerivedData/Sanvya-bwihhsrkmjvgkfalnfskjfhhbvju/SourcePackages/checkouts/swift-collections/Sources/OrderedCollections/HashTable/_Hashtable+Header.swift /Users/runner/Library/Developer/Xcode/DerivedData/Sanvya-bwihhsrkmjvgkfalnfskjfhhbvju/SourcePackages/checkouts/swift-collections/Sources/OrderedCollections/OrderedDictionary/OrderedDictionary+Codable.swift /Users/runner/Library/Developer/Xcode/DerivedData/Sanvya-bwihhsrkmjvgkfalnfskjfhhbvju/SourcePackages/checkouts/swift-collections/Sources/OrderedCollections/OrderedDictionary/OrderedDictionary+CustomReflectable.swift /Users/runner/Library/Developer/Xcode/DerivedData/Sanvya-bwihhsrkmjvgkfalnfskjfhhbvju/SourcePackages/checkouts/swift-collections/Sources/OrderedCollections/OrderedDictionary/OrderedDictionary+Deprecations.swift /Users/runner/Library/Developer/Xcode/DerivedData/Sanvya-bwihhsrkmjvgkfalnfskjfhhbvju/SourcePackages/checkouts/swift-collections/Sources/OrderedCollections/OrderedDictionary/OrderedDictionary+Descriptions.swift /Users/runner/Library/Developer/Xcode/DerivedData/Sanvya-bwihhsrkmjvgkfalnfskjfhhbvju/SourcePackages/checkouts/swift-collections/Sources/OrderedCollections/OrderedDictionary/OrderedDictionary+Elements.SubSequence.swift /Users/runner/Library/Developer/Xcode/DerivedData/Sanvya-bwihhsrkmjvgkfalnfskjfhhbvju/SourcePackages/checkouts/swift-collections/Sources/OrderedCollections/OrderedDictionary/OrderedDictionary+Elements.swift /Users/runner/Library/Developer/Xcode/DerivedData/Sanvya-bwihhsrkmjvgkfalnfskjfhhbvju/SourcePackages/checkouts/swift-collections/Sources/OrderedCollections/OrderedDictionary/OrderedDictionary+Equatable.swift /Users/runner/Library/Developer/Xcode/DerivedData/Sanvya-bwihhsrkmjvgkfalnfskjfhhbvju/SourcePackages/checkouts/swift-collections/Sources/OrderedCollections/OrderedDictionary/OrderedDictionary+ExpressibleByDictionaryLiteral.swift /Users/runner/Library/Developer/Xcode/DerivedData/Sanvya-bwihhsrkmjvgkfalnfskjfhhbvju/SourcePackages/checkouts/swift-collections/Sources/OrderedCollections/OrderedDictionary/OrderedDictionary+Hashable.swift /Users/runner/Library/Developer/Xcode/DerivedData/Sanvya-bwihhsrkmjvgkfalnfskjfhhbvju/SourcePackages/checkouts/swift-collections/Sources/OrderedCollections/OrderedDictionary/OrderedDictionary+Initializers.swift /Users/runner/Library/Developer/Xcode/DerivedData/Sanvya-bwihhsrkmjvgkfalnfskjfhhbvju/SourcePackages/checkouts/swift-collections/Sources/OrderedCollections/OrderedDictionary/OrderedDictionary+Invariants.swift /Users/runner/Library/Developer/Xcode/DerivedData/Sanvya-bwihhsrkmjvgkfalnfskjfhhbvju/SourcePackages/checkouts/swift-collections/Sources/OrderedCollections/OrderedDictionary/OrderedDictionary+Move.swift /Users/runner/Library/Developer/Xcode/DerivedData/Sanvya-bwihhsrkmjvgkfalnfskjfhhbvju/SourcePackages/checkouts/swift-collections/Sources/OrderedCollections/OrderedDictionary/OrderedDictionary+Partial\ MutableCollection.swift (in target 'OrderedCollections' from project 'swift-collections')
SwiftCompile normal arm64 /Users/runner/Library/Developer/Xcode/DerivedData/Sanvya-bwihhsrkmjvgkfalnfskjfhhbvju/SourcePackages/checkouts/swift-collections/Sources/OrderedCollections/HashTable/_HashTable+Bucket.swift (in target 'OrderedCollections' from project 'swift-collections')
    cd /Users/runner/work/pocketcare-app/pocketcare-app/apps/ios/Sanvya.xcodeproj
    

SwiftCompile normal arm64 /Users/runner/Library/Developer/Xcode/DerivedData/Sanvya-bwihhsrkmjvgkfalnfskjfhhbvju/SourcePackages/checkouts/swift-collections/Sources/OrderedCollections/HashTable/_HashTable+BucketIterator.swift (in target 'OrderedCollections' from project 'swift-collections')
    cd /Users/runner/work/pocketcare-app/pocketcare-app/apps/ios/Sanvya.xcodeproj
    

SwiftCompile normal arm64 /Users/runner/Library/Developer/Xcode/DerivedData/Sanvya-bwihhsrkmjvgkfalnfskjfhhbvju/SourcePackages/checkouts/swift-collections/Sources/OrderedCollections/HashTable/_HashTable+Constants.swift (in target 'OrderedCollections' from project 'swift-collections')
    cd /Users/runner/work/pocketcare-app/pocketcare-app/apps/ios/Sanvya.xcodeproj
    

SwiftCompile normal arm64 /Users/runner/Library/Developer/Xcode/DerivedData/Sanvya-bwihhsrkmjvgkfalnfskjfhhbvju/SourcePackages/checkouts/swift-collections/Sources/OrderedCollections/HashTable/_HashTable+CustomStringConvertible.swift (in target 'OrderedCollections' from project 'swift-collections')
    cd /Users/runner/work/pocketcare-app/pocketcare-app/apps/ios/Sanvya.xcodeproj
    

SwiftCompile normal arm64 /Users/runner/Library/Developer/Xcode/DerivedData/Sanvya-bwihhsrkmjvgkfalnfskjfhhbvju/SourcePackages/checkouts/swift-collections/Sources/OrderedCollections/HashTable/_HashTable+Testing.swift (in target 'OrderedCollections' from project 'swift-collections')
    cd /Users/runner/work/pocketcare-app/pocketcare-app/apps/ios/Sanvya.xcodeproj
    

SwiftCompile normal arm64 /Users/runner/Library/Developer/Xcode/DerivedData/Sanvya-bwihhsrkmjvgkfalnfskjfhhbvju/SourcePackages/checkouts/swift-collections/Sources/OrderedCollections/HashTable/_HashTable+UnsafeHandle.swift (in target 'OrderedCollections' from project 'swift-collections')
    cd /Users/runner/work/pocketcare-app/pocketcare-app/apps/ios/Sanvya.xcodeproj
    

SwiftCompile normal arm64 /Users/runner/Library/Developer/Xcode/DerivedData/Sanvya-bwihhsrkmjvgkfalnfskjfhhbvju/SourcePackages/checkouts/swift-collections/Sources/OrderedCollections/HashTable/_HashTable.swift (in target 'OrderedCollections' from project 'swift-collections')
    cd /Users/runner/work/pocketcare-app/pocketcare-app/apps/ios/Sanvya.xcodeproj
    

SwiftCompile normal arm64 /Users/runner/Library/Developer/Xcode/DerivedData/Sanvya-bwihhsrkmjvgkfalnfskjfhhbvju/SourcePackages/checkouts/swift-collections/Sources/OrderedCollections/HashTable/_Hashtable+Header.swift (in target 'OrderedCollections' from project 'swift-collections')
    cd /Users/runner/work/pocketcare-app/pocketcare-app/apps/ios/Sanvya.xcodeproj
    

SwiftCompile normal arm64 /Users/runner/Library/Developer/Xcode/DerivedData/Sanvya-bwihhsrkmjvgkfalnfskjfhhbvju/SourcePackages/checkouts/swift-collections/Sources/OrderedCollections/OrderedDictionary/OrderedDictionary+Codable.swift (in target 'OrderedCollections' from project 'swift-collections')
    cd /Users/runner/work/pocketcare-app/pocketcare-app/apps/ios/Sanvya.xcodeproj
    

SwiftCompile normal arm64 /Users/runner/Library/Developer/Xcode/DerivedData/Sanvya-bwihhsrkmjvgkfalnfskjfhhbvju/SourcePackages/checkouts/swift-collections/Sources/OrderedCollections/OrderedDictionary/OrderedDictionary+CustomReflectable.swift (in target 'OrderedCollections' from project 'swift-collections')
    cd /Users/runner/work/pocketcare-app/pocketcare-app/apps/ios/Sanvya.xcodeproj
    

SwiftCompile normal arm64 /Users/runner/Library/Developer/Xcode/DerivedData/Sanvya-bwihhsrkmjvgkfalnfskjfhhbvju/SourcePackages/checkouts/swift-collections/Sources/OrderedCollections/OrderedDictionary/OrderedDictionary+Deprecations.swift (in target 'OrderedCollections' from project 'swift-collections')
    cd /Users/runner/work/pocketcare-app/pocketcare-app/apps/ios/Sanvya.xcodeproj
    

SwiftCompile normal arm64 /Users/runner/Library/Developer/Xcode/DerivedData/Sanvya-bwihhsrkmjvgkfalnfskjfhhbvju/SourcePackages/checkouts/swift-collections/Sources/OrderedCollections/OrderedDictionary/OrderedDictionary+Descriptions.swift (in target 'OrderedCollections' from project 'swift-collections')
    cd /Users/runner/work/pocketcare-app/pocketcare-app/apps/ios/Sanvya.xcodeproj
    

SwiftCompile normal arm64 /Users/runner/Library/Developer/Xcode/DerivedData/Sanvya-bwihhsrkmjvgkfalnfskjfhhbvju/SourcePackages/checkouts/swift-collections/Sources/OrderedCollections/OrderedDictionary/OrderedDictionary+Elements.SubSequence.swift (in target 'OrderedCollections' from project 'swift-collections')
    cd /Users/runner/work/pocketcare-app/pocketcare-app/apps/ios/Sanvya.xcodeproj
    

SwiftCompile normal arm64 /Users/runner/Library/Developer/Xcode/DerivedData/Sanvya-bwihhsrkmjvgkfalnfskjfhhbvju/SourcePackages/checkouts/swift-collections/Sources/OrderedCollections/OrderedDictionary/OrderedDictionary+Elements.swift (in target 'OrderedCollections' from project 'swift-collections')
    cd /Users/runner/work/pocketcare-app/pocketcare-app/apps/ios/Sanvya.xcodeproj
    

SwiftCompile normal arm64 /Users/runner/Library/Developer/Xcode/DerivedData/Sanvya-bwihhsrkmjvgkfalnfskjfhhbvju/SourcePackages/checkouts/swift-collections/Sources/OrderedCollections/OrderedDictionary/OrderedDictionary+Equatable.swift (in target 'OrderedCollections' from project 'swift-collections')
    cd /Users/runner/work/pocketcare-app/pocketcare-app/apps/ios/Sanvya.xcodeproj
    

SwiftCompile normal arm64 /Users/runner/Library/Developer/Xcode/DerivedData/Sanvya-bwihhsrkmjvgkfalnfskjfhhbvju/SourcePackages/checkouts/swift-collections/Sources/OrderedCollections/OrderedDictionary/OrderedDictionary+ExpressibleByDictionaryLiteral.swift (in target 'OrderedCollections' from project 'swift-collections')
    cd /Users/runner/work/pocketcare-app/pocketcare-app/apps/ios/Sanvya.xcodeproj
    

SwiftCompile normal arm64 /Users/runner/Library/Developer/Xcode/DerivedData/Sanvya-bwihhsrkmjvgkfalnfskjfhhbvju/SourcePackages/checkouts/swift-collections/Sources/OrderedCollections/OrderedDictionary/OrderedDictionary+Hashable.swift (in target 'OrderedCollections' from project 'swift-collections')
    cd /Users/runner/work/pocketcare-app/pocketcare-app/apps/ios/Sanvya.xcodeproj
    

SwiftCompile normal arm64 /Users/runner/Library/Developer/Xcode/DerivedData/Sanvya-bwihhsrkmjvgkfalnfskjfhhbvju/SourcePackages/checkouts/swift-collections/Sources/OrderedCollections/OrderedDictionary/OrderedDictionary+Initializers.swift (in target 'OrderedCollections' from project 'swift-collections')
    cd /Users/runner/work/pocketcare-app/pocketcare-app/apps/ios/Sanvya.xcodeproj
    

SwiftCompile normal arm64 /Users/runner/Library/Developer/Xcode/DerivedData/Sanvya-bwihhsrkmjvgkfalnfskjfhhbvju/SourcePackages/checkouts/swift-collections/Sources/OrderedCollections/OrderedDictionary/OrderedDictionary+Invariants.swift (in target 'OrderedCollections' from project 'swift-collections')
    cd /Users/runner/work/pocketcare-app/pocketcare-app/apps/ios/Sanvya.xcodeproj
    

SwiftCompile normal arm64 /Users/runner/Library/Developer/Xcode/DerivedData/Sanvya-bwihhsrkmjvgkfalnfskjfhhbvju/SourcePackages/checkouts/swift-collections/Sources/OrderedCollections/OrderedDictionary/OrderedDictionary+Move.swift (in target 'OrderedCollections' from project 'swift-collections')
    cd /Users/runner/work/pocketcare-app/pocketcare-app/apps/ios/Sanvya.xcodeproj
    

SwiftCompile normal arm64 /Users/runner/Library/Developer/Xcode/DerivedData/Sanvya-bwihhsrkmjvgkfalnfskjfhhbvju/SourcePackages/checkouts/swift-collections/Sources/OrderedCollections/OrderedDictionary/OrderedDictionary+Partial\ MutableCollection.swift (in target 'OrderedCollections' from project 'swift-collections')
    cd /Users/runner/work/pocketcare-app/pocketcare-app/apps/ios/Sanvya.xcodeproj
    

SwiftEmitModule normal arm64 Emitting\ module\ for\ IssueReporting (in target 'IssueReporting' from project 'xctest-dynamic-overlay')

EmitSwiftModule normal arm64 (in target 'IssueReporting' from project 'xctest-dynamic-overlay')
    cd /Users/runner/work/pocketcare-app/pocketcare-app/apps/ios/Sanvya.xcodeproj
    

SwiftEmitModule normal arm64 Emitting\ module\ for\ HTTPTypes (in target 'HTTPTypes' from project 'swift-http-types')

EmitSwiftModule normal arm64 (in target 'HTTPTypes' from project 'swift-http-types')
    cd /Users/runner/work/pocketcare-app/pocketcare-app/apps/ios/Sanvya.xcodeproj
    

SwiftDriverJobDiscovery normal arm64 Emitting module for OrderedCollections (in target 'OrderedCollections' from project 'swift-collections')

SwiftDriver\ Compilation\ Requirements OrderedCollections normal arm64 com.apple.xcode.tools.swift.compiler (in target 'OrderedCollections' from project 'swift-collections')
    cd /Users/runner/work/pocketcare-app/pocketcare-app/apps/ios/Sanvya.xcodeproj
    builtin-Swift-Compilation-Requirements -- /Applications/Xcode_26.6.app/Contents/Developer/Toolchains/XcodeDefault.xctoolchain/usr/bin/swiftc -module-name OrderedCollections -Onone @/Users/runner/Library/Developer/Xcode/DerivedData/Sanvya-bwihhsrkmjvgkfalnfskjfhhbvju/Build/Intermediates.noindex/swift-collections.build/Debug-iphonesimulator/OrderedCollections.build/Objects-normal/arm64/OrderedCollections.SwiftFileList -DSWIFT_PACKAGE -DDEBUG -DSWIFT_MODULE_RESOURCE_BUNDLE_UNAVAILABLE -DCOLLECTIONS_RANDOMIZED_TESTING -DXcode -enable-experimental-feature AvailabilityMacro\=SwiftStdlib\ 5.0:\ macOS\ 10.14.4,\ iOS\ 12.2,\ watchOS\ 5.2,\ tvOS\ 12.2 -enable-experimental-feature AvailabilityMacro\=SwiftStdlib\ 5.1:\ macOS\ 10.15,\ iOS\ 13.0,\ watchOS\ 6.0,\ tvOS\ 13.0 -enable-experimental-feature AvailabilityMacro\=SwiftStdlib\ 5.6:\ macOS\ 12.3,\ iOS\ 15.4,\ watchOS\ 8.5,\ tvOS\ 15.4 -enable-experimental-feature AvailabilityMacro\=SwiftStdlib\ 5.7:\ macOS\ 13.0,\ iOS\ 16.0,\ watchOS\ 9.0,\ tvOS\ 16.0 -enable-experimental-feature AvailabilityMacro\=SwiftStdlib\ 5.8:\ macOS\ 13.3,\ iOS\ 16.4,\ watchOS\ 9.4,\ tvOS\ 16.4 -enable-experimental-feature AvailabilityMacro\=SwiftStdlib\ 5.9:\ macOS\ 14.0,\ iOS\ 17.0,\ watchOS\ 10.0,\ tvOS\ 17.0 -enable-experimental-feature AvailabilityMacro\=SwiftStdlib\ 5.10:\ macOS\ 14.4,\ iOS\ 17.4,\ watchOS\ 10.4,\ tvOS\ 17.4,\ visionOS\ 1.1 -enable-experimental-feature AvailabilityMacro\=SwiftStdlib\ 6.0:\ macOS\ 15.0,\ iOS\ 18.0,\ watchOS\ 11.0,\ tvOS\ 18.0,\ visionOS\ 2.0 -enable-experimental-feature AvailabilityMacro\=SwiftStdlib\ 6.1:\ macOS\ 15.4,\ iOS\ 18.4,\ watchOS\ 11.4,\ tvOS\ 18.4,\ visionOS\ 2.4 -enable-experimental-feature AvailabilityMacro\=SwiftStdlib\ 6.2:\ macOS\ 26.0,\ iOS\ 26.0,\ watchOS\ 26.0,\ tvOS\ 26.0,\ visionOS\ 26.0 -enable-experimental-feature AvailabilityMacro\=SwiftStdlib\ 6.3:\ macOS\ 26.4,\ iOS\ 26.4,\ watchOS\ 26.4,\ tvOS\ 26.4,\ visionOS\ 26.4 -enable-experimental-feature AvailabilityMacro\=SwiftStdlib\ 6.4:\ macOS\ 9999,\ iOS\ 9999,\ watchOS\ 9999,\ tvOS\ 9999,\ visionOS\ 9999 -enable-experimental-feature AvailabilityMacro\=SwiftStdlib\ 6.5:\ macOS\ 9999,\ iOS\ 9999,\ watchOS\ 9999,\ tvOS\ 9999,\ visionOS\ 9999 -enable-upcoming-feature MemberImportVisibility -enable-experimental-feature BuiltinModule -enable-experimental-feature Lifetimes -enable-experimental-feature InoutLifetimeDependence -enable-experimental-feature AddressableParameters -enable-experimental-feature AddressableTypes -enable-experimental-feature SuppressedAssociatedTypesWithDefaults -plugin-path /Applications/Xcode_26.6.app/Contents/Developer/Toolchains/XcodeDefault.xctoolchain/usr/lib/swift/host/plugins/testing -enable-experimental-feature DebugDescriptionMacro -sdk /Applications/Xcode_26.6.app/Contents/Developer/Platforms/iPhoneSimulator.platform/Developer/SDKs/iPhoneSimulator26.5.sdk -target arm64-apple-ios12.0-simulator -g -module-cache-path /Users/runner/Library/Developer/Xcode/DerivedData/ModuleCache.noindex -Xfrontend -serialize-debugging-options -enable-testing -suppress-warnings -index-store-path /Users/runner/Library/Developer/Xcode/DerivedData/Sanvya-bwihhsrkmjvgkfalnfskjfhhbvju/Index.noindex/DataStore -Xcc -D_LIBCPP_HARDENING_MODE\=_LIBCPP_HARDENING_MODE_DEBUG -swift-version 6 -I /Users/runner/Library/Developer/Xcode/DerivedData/Sanvya-bwihhsrkmjvgkfalnfskjfhhbvju/Build/Products/Debug-iphonesimulator -Isystem /Applications/Xcode_26.6.app/Contents/Developer/Platforms/iPhoneSimulator.platform/Developer/usr/lib -F /Users/runner/Library/Developer/Xcode/DerivedData/Sanvya-bwihhsrkmjvgkfalnfskjfhhbvju/Build/Products/Debug-iphonesimulator/PackageFrameworks -F /Users/runner/Library/Developer/Xcode/DerivedData/Sanvya-bwihhsrkmjvgkfalnfskjfhhbvju/Build/Products/Debug-iphonesimulator -F /Applications/Xcode_26.6.app/Contents/Developer/Platforms/iPhoneSimulator.platform/Developer/Library/Frameworks -F /Applications/Xcode_26.6.app/Contents/Developer/Platforms/iPhoneSimulator.platform/Developer/SDKs/iPhoneSimulator26.5.sdk/Developer/Library/Frameworks -c -j3 -enable-batch-mode -incremental -Xcc -ivfsstatcache -Xcc /Users/runner/Library/Developer/Xcode/DerivedData/SDKStatCaches.noindex/iphonesimulator26.5-23F81a-688ef53f1462e2c8f657fdc38a81448ff45c64a1807a658693f2a61704f17a36.sdkstatcache -output-file-map /Users/runner/Library/Developer/Xcode/DerivedData/Sanvya-bwihhsrkmjvgkfalnfskjfhhbvju/Build/Intermediates.noindex/swift-collections.build/Debug-iphonesimulator/OrderedCollections.build/Objects-normal/arm64/OrderedCollections-OutputFileMap.json -use-frontend-parseable-output -save-temps -no-color-diagnostics -explicit-module-build -module-cache-path /Users/runner/Library/Developer/Xcode/DerivedData/Sanvya-bwihhsrkmjvgkfalnfskjfhhbvju/Build/Intermediates.noindex/SwiftExplicitPrecompiledModules -clang-scanner-module-cache-path /Users/runner/Library/Developer/Xcode/DerivedData/ModuleCache.noindex -sdk-module-cache-path /Users/runner/Library/Developer/Xcode/DerivedData/ModuleCache.noindex -serialize-diagnostics -emit-dependencies -emit-module -emit-module-path /Users/runner/Library/Developer/Xcode/DerivedData/Sanvya-bwihhsrkmjvgkfalnfskjfhhbvju/Build/Intermediates.noindex/swift-collections.build/Debug-iphonesimulator/OrderedCollections.build/Objects-normal/arm64/OrderedCollections.swiftmodule -user-module-version 1.6.0 -validate-clang-modules-once -clang-build-session-file /Users/runner/Library/Developer/Xcode/DerivedData/ModuleCache.noindex/Session.modulevalidation -package-name swift_collections -Xcc -I/Users/runner/Library/Developer/Xcode/DerivedData/Sanvya-bwihhsrkmjvgkfalnfskjfhhbvju/Build/Intermediates.noindex/swift-collections.build/Debug-iphonesimulator/OrderedCollections.build/swift-overrides.hmap -emit-const-values -Xfrontend -const-gather-protocols-file -Xfrontend /Users/runner/Library/Developer/Xcode/DerivedData/Sanvya-bwihhsrkmjvgkfalnfskjfhhbvju/Build/Intermediates.noindex/swift-collections.build/Debug-iphonesimulator/OrderedCollections.build/Objects-normal/arm64/OrderedCollections_const_extract_protocols.json -Xcc -I/Users/runner/Library/Developer/Xcode/DerivedData/Sanvya-bwihhsrkmjvgkfalnfskjfhhbvju/Build/Products/Debug-iphonesimulator/include -Xcc -I/Users/runner/Library/Developer/Xcode/DerivedData/Sanvya-bwihhsrkmjvgkfalnfskjfhhbvju/Build/Intermediates.noindex/swift-collections.build/Debug-iphonesimulator/OrderedCollections.build/DerivedSources-normal/arm64 -Xcc -I/Users/runner/Library/Developer/Xcode/DerivedData/Sanvya-bwihhsrkmjvgkfalnfskjfhhbvju/Build/Intermediates.noindex/swift-collections.build/Debug-iphonesimulator/OrderedCollections.build/DerivedSources/arm64 -Xcc -I/Users/runner/Library/Developer/Xcode/DerivedData/Sanvya-bwihhsrkmjvgkfalnfskjfhhbvju/Build/Intermediates.noindex/swift-collections.build/Debug-iphonesimulator/OrderedCollections.build/DerivedSources -Xcc -DSWIFT_PACKAGE -Xcc -DDEBUG\=1 -emit-objc-header -emit-objc-header-path /Users/runner/Library/Developer/Xcode/DerivedData/Sanvya-bwihhsrkmjvgkfalnfskjfhhbvju/Build/Intermediates.noindex/swift-collections.build/Debug-iphonesimulator/OrderedCollections.build/Objects-normal/arm64/OrderedCollections-Swift.h -working-directory /Users/runner/work/pocketcare-app/pocketcare-app/apps/ios/Sanvya.xcodeproj -experimental-emit-module-separately -disable-cmo

SwiftDriverJobDiscovery normal arm64 Emitting module for IssueReporting (in target 'IssueReporting' from project 'xctest-dynamic-overlay')

SwiftDriver\ Compilation\ Requirements IssueReporting normal arm64 com.apple.xcode.tools.swift.compiler (in target 'IssueReporting' from project 'xctest-dynamic-overlay')
    cd /Users/runner/work/pocketcare-app/pocketcare-app/apps/ios/Sanvya.xcodeproj
    builtin-Swift-Compilation-Requirements -- /Applications/Xcode_26.6.app/Contents/Developer/Toolchains/XcodeDefault.xctoolchain/usr/bin/swiftc -module-name IssueReporting -Onone @/Users/runner/Library/Developer/Xcode/DerivedData/Sanvya-bwihhsrkmjvgkfalnfskjfhhbvju/Build/Intermediates.noindex/xctest-dynamic-overlay.build/Debug-iphonesimulator/IssueReporting.build/Objects-normal/arm64/IssueReporting.SwiftFileList -DSWIFT_PACKAGE -DDEBUG -DSWIFT_MODULE_RESOURCE_BUNDLE_UNAVAILABLE -DXcode -enable-upcoming-feature ExistentialAny -enable-upcoming-feature ImmutableWeakCaptures -enable-upcoming-feature InferIsolatedConformances -enable-upcoming-feature InternalImportsByDefault -enable-upcoming-feature MemberImportVisibility -enable-upcoming-feature NonisolatedNonsendingByDefault -plugin-path /Applications/Xcode_26.6.app/Contents/Developer/Toolchains/XcodeDefault.xctoolchain/usr/lib/swift/host/plugins/testing -enable-experimental-feature DebugDescriptionMacro -sdk /Applications/Xcode_26.6.app/Contents/Developer/Platforms/iPhoneSimulator.platform/Developer/SDKs/iPhoneSimulator26.5.sdk -target arm64-apple-ios13.0-simulator -g -module-cache-path /Users/runner/Library/Developer/Xcode/DerivedData/ModuleCache.noindex -Xfrontend -serialize-debugging-options -enable-testing -suppress-warnings -index-store-path /Users/runner/Library/Developer/Xcode/DerivedData/Sanvya-bwihhsrkmjvgkfalnfskjfhhbvju/Index.noindex/DataStore -Xcc -D_LIBCPP_HARDENING_MODE\=_LIBCPP_HARDENING_MODE_DEBUG -swift-version 6 -I /Users/runner/Library/Developer/Xcode/DerivedData/Sanvya-bwihhsrkmjvgkfalnfskjfhhbvju/Build/Products/Debug-iphonesimulator -Isystem /Applications/Xcode_26.6.app/Contents/Developer/Platforms/iPhoneSimulator.platform/Developer/usr/lib -F /Users/runner/Library/Developer/Xcode/DerivedData/Sanvya-bwihhsrkmjvgkfalnfskjfhhbvju/Build/Products/Debug-iphonesimulator -F /Applications/Xcode_26.6.app/Contents/Developer/Platforms/iPhoneSimulator.platform/Developer/Library/Frameworks -F /Applications/Xcode_26.6.app/Contents/Developer/Platforms/iPhoneSimulator.platform/Developer/SDKs/iPhoneSimulator26.5.sdk/Developer/Library/Frameworks -c -j3 -enable-batch-mode -incremental -Xcc -ivfsstatcache -Xcc /Users/runner/Library/Developer/Xcode/DerivedData/SDKStatCaches.noindex/iphonesimulator26.5-23F81a-688ef53f1462e2c8f657fdc38a81448ff45c64a1807a658693f2a61704f17a36.sdkstatcache -output-file-map /Users/runner/Library/Developer/Xcode/DerivedData/Sanvya-bwihhsrkmjvgkfalnfskjfhhbvju/Build/Intermediates.noindex/xctest-dynamic-overlay.build/Debug-iphonesimulator/IssueReporting.build/Objects-normal/arm64/IssueReporting-OutputFileMap.json -use-frontend-parseable-output -save-temps -no-color-diagnostics -explicit-module-build -module-cache-path /Users/runner/Library/Developer/Xcode/DerivedData/Sanvya-bwihhsrkmjvgkfalnfskjfhhbvju/Build/Intermediates.noindex/SwiftExplicitPrecompiledModules -clang-scanner-module-cache-path /Users/runner/Library/Developer/Xcode/DerivedData/ModuleCache.noindex -sdk-module-cache-path /Users/runner/Library/Developer/Xcode/DerivedData/ModuleCache.noindex -serialize-diagnostics -emit-dependencies -emit-module -emit-module-path /Users/runner/Library/Developer/Xcode/DerivedData/Sanvya-bwihhsrkmjvgkfalnfskjfhhbvju/Build/Intermediates.noindex/xctest-dynamic-overlay.build/Debug-iphonesimulator/IssueReporting.build/Objects-normal/arm64/IssueReporting.swiftmodule -user-module-version 1.11.0 -validate-clang-modules-once -clang-build-session-file /Users/runner/Library/Developer/Xcode/DerivedData/ModuleCache.noindex/Session.modulevalidation -package-name xctest_dynamic_overlay -Xcc -I/Users/runner/Library/Developer/Xcode/DerivedData/Sanvya-bwihhsrkmjvgkfalnfskjfhhbvju/Build/Intermediates.noindex/xctest-dynamic-overlay.build/Debug-iphonesimulator/IssueReporting.build/swift-overrides.hmap -emit-const-values -Xfrontend -const-gather-protocols-file -Xfrontend /Users/runner/Library/Developer/Xcode/DerivedData/Sanvya-bwihhsrkmjvgkfalnfskjfhhbvju/Build/Intermediates.noindex/xctest-dynamic-overlay.build/Debug-iphonesimulator/IssueReporting.build/Objects-normal/arm64/IssueReporting_const_extract_protocols.json -Xcc -I/Users/runner/Library/Developer/Xcode/DerivedData/Sanvya-bwihhsrkmjvgkfalnfskjfhhbvju/Build/Products/Debug-iphonesimulator/include -Xcc -I/Users/runner/Library/Developer/Xcode/DerivedData/Sanvya-bwihhsrkmjvgkfalnfskjfhhbvju/Build/Intermediates.noindex/xctest-dynamic-overlay.build/Debug-iphonesimulator/IssueReporting.build/DerivedSources-normal/arm64 -Xcc -I/Users/runner/Library/Developer/Xcode/DerivedData/Sanvya-bwihhsrkmjvgkfalnfskjfhhbvju/Build/Intermediates.noindex/xctest-dynamic-overlay.build/Debug-iphonesimulator/IssueReporting.build/DerivedSources/arm64 -Xcc -I/Users/runner/Library/Developer/Xcode/DerivedData/Sanvya-bwihhsrkmjvgkfalnfskjfhhbvju/Build/Intermediates.noindex/xctest-dynamic-overlay.build/Debug-iphonesimulator/IssueReporting.build/DerivedSources -Xcc -DSWIFT_PACKAGE -Xcc -DDEBUG\=1 -emit-objc-header -emit-objc-header-path /Users/runner/Library/Developer/Xcode/DerivedData/Sanvya-bwihhsrkmjvgkfalnfskjfhhbvju/Build/Intermediates.noindex/xctest-dynamic-overlay.build/Debug-iphonesimulator/IssueReporting.build/Objects-normal/arm64/IssueReporting-Swift.h -working-directory /Users/runner/work/pocketcare-app/pocketcare-app/apps/ios/Sanvya.xcodeproj -experimental-emit-module-separately -disable-cmo

SwiftMergeGeneratedHeaders /Users/runner/Library/Developer/Xcode/DerivedData/Sanvya-bwihhsrkmjvgkfalnfskjfhhbvju/Build/Intermediates.noindex/GeneratedModuleMaps-iphonesimulator/OrderedCollections-Swift.h /Users/runner/Library/Developer/Xcode/DerivedData/Sanvya-bwihhsrkmjvgkfalnfskjfhhbvju/Build/Intermediates.noindex/swift-collections.build/Debug-iphonesimulator/OrderedCollections.build/Objects-normal/arm64/OrderedCollections-Swift.h (in target 'OrderedCollections' from project 'swift-collections')
    cd /Users/runner/Library/Developer/Xcode/DerivedData/Sanvya-bwihhsrkmjvgkfalnfskjfhhbvju/SourcePackages/checkouts/swift-collections
    builtin-swiftHeaderTool -arch arm64 /Users/runner/Library/Developer/Xcode/DerivedData/Sanvya-bwihhsrkmjvgkfalnfskjfhhbvju/Build/Intermediates.noindex/swift-collections.build/Debug-iphonesimulator/OrderedCollections.build/Objects-normal/arm64/OrderedCollections-Swift.h -o /Users/runner/Library/Developer/Xcode/DerivedData/Sanvya-bwihhsrkmjvgkfalnfskjfhhbvju/Build/Intermediates.noindex/GeneratedModuleMaps-iphonesimulator/OrderedCollections-Swift.h

Copy /Users/runner/Library/Developer/Xcode/DerivedData/Sanvya-bwihhsrkmjvgkfalnfskjfhhbvju/Build/Products/Debug-iphonesimulator/OrderedCollections.swiftmodule/arm64-apple-ios-simulator.swiftmodule /Users/runner/Library/Developer/Xcode/DerivedData/Sanvya-bwihhsrkmjvgkfalnfskjfhhbvju/Build/Intermediates.noindex/swift-collections.build/Debug-iphonesimulator/OrderedCollections.build/Objects-normal/arm64/OrderedCollections.swiftmodule (in target 'OrderedCollections' from project 'swift-collections')
    cd /Users/runner/Library/Developer/Xcode/DerivedData/Sanvya-bwihhsrkmjvgkfalnfskjfhhbvju/SourcePackages/checkouts/swift-collections
    builtin-copy -exclude .DS_Store -exclude CVS -exclude .svn -exclude .git -exclude .hg -resolve-src-symlinks -rename /Users/runner/Library/Developer/Xcode/DerivedData/Sanvya-bwihhsrkmjvgkfalnfskjfhhbvju/Build/Intermediates.noindex/swift-collections.build/Debug-iphonesimulator/OrderedCollections.build/Objects-normal/arm64/OrderedCollections.swiftmodule /Users/runner/Library/Developer/Xcode/DerivedData/Sanvya-bwihhsrkmjvgkfalnfskjfhhbvju/Build/Products/Debug-iphonesimulator/OrderedCollections.swiftmodule/arm64-apple-ios-simulator.swiftmodule

Copy /Users/runner/Library/Developer/Xcode/DerivedData/Sanvya-bwihhsrkmjvgkfalnfskjfhhbvju/Build/Products/Debug-iphonesimulator/OrderedCollections.swiftmodule/arm64-apple-ios-simulator.swiftdoc /Users/runner/Library/Developer/Xcode/DerivedData/Sanvya-bwihhsrkmjvgkfalnfskjfhhbvju/Build/Intermediates.noindex/swift-collections.build/Debug-iphonesimulator/OrderedCollections.build/Objects-normal/arm64/OrderedCollections.swiftdoc (in target 'OrderedCollections' from project 'swift-collections')
    cd /Users/runner/Library/Developer/Xcode/DerivedData/Sanvya-bwihhsrkmjvgkfalnfskjfhhbvju/SourcePackages/checkouts/swift-collections
    builtin-copy -exclude .DS_Store -exclude CVS -exclude .svn -exclude .git -exclude .hg -resolve-src-symlinks -rename /Users/runner/Library/Developer/Xcode/DerivedData/Sanvya-bwihhsrkmjvgkfalnfskjfhhbvju/Build/Intermediates.noindex/swift-collections.build/Debug-iphonesimulator/OrderedCollections.build/Objects-normal/arm64/OrderedCollections.swiftdoc /Users/runner/Library/Developer/Xcode/DerivedData/Sanvya-bwihhsrkmjvgkfalnfskjfhhbvju/Build/Products/Debug-iphonesimulator/OrderedCollections.swiftmodule/arm64-apple-ios-simulator.swiftdoc

Copy /Users/runner/Library/Developer/Xcode/DerivedData/Sanvya-bwihhsrkmjvgkfalnfskjfhhbvju/Build/Products/Debug-iphonesimulator/OrderedCollections.swiftmodule/arm64-apple-ios-simulator.abi.json /Users/runner/Library/Developer/Xcode/DerivedData/Sanvya-bwihhsrkmjvgkfalnfskjfhhbvju/Build/Intermediates.noindex/swift-collections.build/Debug-iphonesimulator/OrderedCollections.build/Objects-normal/arm64/OrderedCollections.abi.json (in target 'OrderedCollections' from project 'swift-collections')
    cd /Users/runner/Library/Developer/Xcode/DerivedData/Sanvya-bwihhsrkmjvgkfalnfskjfhhbvju/SourcePackages/checkouts/swift-collections
    builtin-copy -exclude .DS_Store -exclude CVS -exclude .svn -exclude .git -exclude .hg -resolve-src-symlinks -rename /Users/runner/Library/Developer/Xcode/DerivedData/Sanvya-bwihhsrkmjvgkfalnfskjfhhbvju/Build/Intermediates.noindex/swift-collections.build/Debug-iphonesimulator/OrderedCollections.build/Objects-normal/arm64/OrderedCollections.abi.json /Users/runner/Library/Developer/Xcode/DerivedData/Sanvya-bwihhsrkmjvgkfalnfskjfhhbvju/Build/Products/Debug-iphonesimulator/OrderedCollections.swiftmodule/arm64-apple-ios-simulator.abi.json

Copy /Users/runner/Library/Developer/Xcode/DerivedData/Sanvya-bwihhsrkmjvgkfalnfskjfhhbvju/Build/Products/Debug-iphonesimulator/OrderedCollections.swiftmodule/Project/arm64-apple-ios-simulator.swiftsourceinfo /Users/runner/Library/Developer/Xcode/DerivedData/Sanvya-bwihhsrkmjvgkfalnfskjfhhbvju/Build/Intermediates.noindex/swift-collections.build/Debug-iphonesimulator/OrderedCollections.build/Objects-normal/arm64/OrderedCollections.swiftsourceinfo (in target 'OrderedCollections' from project 'swift-collections')
    cd /Users/runner/Library/Developer/Xcode/DerivedData/Sanvya-bwihhsrkmjvgkfalnfskjfhhbvju/SourcePackages/checkouts/swift-collections
    builtin-copy -exclude .DS_Store -exclude CVS -exclude .svn -exclude .git -exclude .hg -resolve-src-symlinks -rename /Users/runner/Library/Developer/Xcode/DerivedData/Sanvya-bwihhsrkmjvgkfalnfskjfhhbvju/Build/Intermediates.noindex/swift-collections.build/Debug-iphonesimulator/OrderedCollections.build/Objects-normal/arm64/OrderedCollections.swiftsourceinfo /Users/runner/Library/Developer/Xcode/DerivedData/Sanvya-bwihhsrkmjvgkfalnfskjfhhbvju/Build/Products/Debug-iphonesimulator/OrderedCollections.swiftmodule/Project/arm64-apple-ios-simulator.swiftsourceinfo

SwiftMergeGeneratedHeaders /Users/runner/Library/Developer/Xcode/DerivedData/Sanvya-bwihhsrkmjvgkfalnfskjfhhbvju/Build/Intermediates.noindex/GeneratedModuleMaps-iphonesimulator/IssueReporting-Swift.h /Users/runner/Library/Developer/Xcode/DerivedData/Sanvya-bwihhsrkmjvgkfalnfskjfhhbvju/Build/Intermediates.noindex/xctest-dynamic-overlay.build/Debug-iphonesimulator/IssueReporting.build/Objects-normal/arm64/IssueReporting-Swift.h (in target 'IssueReporting' from project 'xctest-dynamic-overlay')
    cd /Users/runner/Library/Developer/Xcode/DerivedData/Sanvya-bwihhsrkmjvgkfalnfskjfhhbvju/SourcePackages/checkouts/xctest-dynamic-overlay
    builtin-swiftHeaderTool -arch arm64 /Users/runner/Library/Developer/Xcode/DerivedData/Sanvya-bwihhsrkmjvgkfalnfskjfhhbvju/Build/Intermediates.noindex/xctest-dynamic-overlay.build/Debug-iphonesimulator/IssueReporting.build/Objects-normal/arm64/IssueReporting-Swift.h -o /Users/runner/Library/Developer/Xcode/DerivedData/Sanvya-bwihhsrkmjvgkfalnfskjfhhbvju/Build/Intermediates.noindex/GeneratedModuleMaps-iphonesimulator/IssueReporting-Swift.h

Copy /Users/runner/Library/Developer/Xcode/DerivedData/Sanvya-bwihhsrkmjvgkfalnfskjfhhbvju/Build/Products/Debug-iphonesimulator/IssueReporting.swiftmodule/arm64-apple-ios-simulator.swiftmodule /Users/runner/Library/Developer/Xcode/DerivedData/Sanvya-bwihhsrkmjvgkfalnfskjfhhbvju/Build/Intermediates.noindex/xctest-dynamic-overlay.build/Debug-iphonesimulator/IssueReporting.build/Objects-normal/arm64/IssueReporting.swiftmodule (in target 'IssueReporting' from project 'xctest-dynamic-overlay')
    cd /Users/runner/Library/Developer/Xcode/DerivedData/Sanvya-bwihhsrkmjvgkfalnfskjfhhbvju/SourcePackages/checkouts/xctest-dynamic-overlay
    builtin-copy -exclude .DS_Store -exclude CVS -exclude .svn -exclude .git -exclude .hg -resolve-src-symlinks -rename /Users/runner/Library/Developer/Xcode/DerivedData/Sanvya-bwihhsrkmjvgkfalnfskjfhhbvju/Build/Intermediates.noindex/xctest-dynamic-overlay.build/Debug-iphonesimulator/IssueReporting.build/Objects-normal/arm64/IssueReporting.swiftmodule /Users/runner/Library/Developer/Xcode/DerivedData/Sanvya-bwihhsrkmjvgkfalnfskjfhhbvju/Build/Products/Debug-iphonesimulator/IssueReporting.swiftmodule/arm64-apple-ios-simulator.swiftmodule

Copy /Users/runner/Library/Developer/Xcode/DerivedData/Sanvya-bwihhsrkmjvgkfalnfskjfhhbvju/Build/Products/Debug-iphonesimulator/IssueReporting.swiftmodule/arm64-apple-ios-simulator.swiftdoc /Users/runner/Library/Developer/Xcode/DerivedData/Sanvya-bwihhsrkmjvgkfalnfskjfhhbvju/Build/Intermediates.noindex/xctest-dynamic-overlay.build/Debug-iphonesimulator/IssueReporting.build/Objects-normal/arm64/IssueReporting.swiftdoc (in target 'IssueReporting' from project 'xctest-dynamic-overlay')
    cd /Users/runner/Library/Developer/Xcode/DerivedData/Sanvya-bwihhsrkmjvgkfalnfskjfhhbvju/SourcePackages/checkouts/xctest-dynamic-overlay
    builtin-copy -exclude .DS_Store -exclude CVS -exclude .svn -exclude .git -exclude .hg -resolve-src-symlinks -rename /Users/runner/Library/Developer/Xcode/DerivedData/Sanvya-bwihhsrkmjvgkfalnfskjfhhbvju/Build/Intermediates.noindex/xctest-dynamic-overlay.build/Debug-iphonesimulator/IssueReporting.build/Objects-normal/arm64/IssueReporting.swiftdoc /Users/runner/Library/Developer/Xcode/DerivedData/Sanvya-bwihhsrkmjvgkfalnfskjfhhbvju/Build/Products/Debug-iphonesimulator/IssueReporting.swiftmodule/arm64-apple-ios-simulator.swiftdoc

Copy /Users/runner/Library/Developer/Xcode/DerivedData/Sanvya-bwihhsrkmjvgkfalnfskjfhhbvju/Build/Products/Debug-iphonesimulator/IssueReporting.swiftmodule/arm64-apple-ios-simulator.abi.json /Users/runner/Library/Developer/Xcode/DerivedData/Sanvya-bwihhsrkmjvgkfalnfskjfhhbvju/Build/Intermediates.noindex/xctest-dynamic-overlay.build/Debug-iphonesimulator/IssueReporting.build/Objects-normal/arm64/IssueReporting.abi.json (in target 'IssueReporting' from project 'xctest-dynamic-overlay')
    cd /Users/runner/Library/Developer/Xcode/DerivedData/Sanvya-bwihhsrkmjvgkfalnfskjfhhbvju/SourcePackages/checkouts/xctest-dynamic-overlay
    builtin-copy -exclude .DS_Store -exclude CVS -exclude .svn -exclude .git -exclude .hg -resolve-src-symlinks -rename /Users/runner/Library/Developer/Xcode/DerivedData/Sanvya-bwihhsrkmjvgkfalnfskjfhhbvju/Build/Intermediates.noindex/xctest-dynamic-overlay.build/Debug-iphonesimulator/IssueReporting.build/Objects-normal/arm64/IssueReporting.abi.json /Users/runner/Library/Developer/Xcode/DerivedData/Sanvya-bwihhsrkmjvgkfalnfskjfhhbvju/Build/Products/Debug-iphonesimulator/IssueReporting.swiftmodule/arm64-apple-ios-simulator.abi.json

Copy /Users/runner/Library/Developer/Xcode/DerivedData/Sanvya-bwihhsrkmjvgkfalnfskjfhhbvju/Build/Products/Debug-iphonesimulator/IssueReporting.swiftmodule/Project/arm64-apple-ios-simulator.swiftsourceinfo /Users/runner/Library/Developer/Xcode/DerivedData/Sanvya-bwihhsrkmjvgkfalnfskjfhhbvju/Build/Intermediates.noindex/xctest-dynamic-overlay.build/Debug-iphonesimulator/IssueReporting.build/Objects-normal/arm64/IssueReporting.swiftsourceinfo (in target 'IssueReporting' from project 'xctest-dynamic-overlay')
    cd /Users/runner/Library/Developer/Xcode/DerivedData/Sanvya-bwihhsrkmjvgkfalnfskjfhhbvju/SourcePackages/checkouts/xctest-dynamic-overlay
    builtin-copy -exclude .DS_Store -exclude CVS -exclude .svn -exclude .git -exclude .hg -resolve-src-symlinks -rename /Users/runner/Library/Developer/Xcode/DerivedData/Sanvya-bwihhsrkmjvgkfalnfskjfhhbvju/Build/Intermediates.noindex/xctest-dynamic-overlay.build/Debug-iphonesimulator/IssueReporting.build/Objects-normal/arm64/IssueReporting.swiftsourceinfo /Users/runner/Library/Developer/Xcode/DerivedData/Sanvya-bwihhsrkmjvgkfalnfskjfhhbvju/Build/Products/Debug-iphonesimulator/IssueReporting.swiftmodule/Project/arm64-apple-ios-simulator.swiftsourceinfo

SwiftEmitModule normal arm64 Emitting\ module\ for\ Domain (in target 'Domain' from project 'Domain')
EmitSwiftModule normal arm64 (in target 'Domain' from project 'Domain')
    cd /Users/runner/work/pocketcare-app/pocketcare-app/apps/ios/Sanvya.xcodeproj
    
/Users/runner/work/pocketcare-app/pocketcare-app/apps/ios/Domain/Sources/Domain/Budget.swift:176:14: error: invalid redeclaration of 'floorDiv'
private func floorDiv(_ a: Int, _ b: Int) -> Int {
             ^
/Users/runner/work/pocketcare-app/pocketcare-app/apps/ios/Domain/Sources/Domain/Finance.swift:309:6: note: 'floorDiv' previously declared here
func floorDiv(_ a: Int, _ b: Int) -> Int {
     ^
/Users/runner/work/pocketcare-app/pocketcare-app/apps/ios/Domain/Sources/Domain/Finance.swift:309:6: note: 'floorDiv' previously declared here
func floorDiv(_ a: Int, _ b: Int) -> Int {
     ^
/Users/runner/work/pocketcare-app/pocketcare-app/apps/ios/Domain/Sources/Domain/Budget.swift:182:14: error: invalid redeclaration of 'floorMod'
private func floorMod(_ a: Int, _ b: Int) -> Int {
             ^
/Users/runner/work/pocketcare-app/pocketcare-app/apps/ios/Domain/Sources/Domain/Finance.swift:315:6: note: 'floorMod' previously declared here
func floorMod(_ a: Int, _ b: Int) -> Int {
     ^
/Users/runner/work/pocketcare-app/pocketcare-app/apps/ios/Domain/Sources/Domain/Finance.swift:315:6: note: 'floorMod' previously declared here
func floorMod(_ a: Int, _ b: Int) -> Int {
     ^

Failed frontend command:
/Applications/Xcode_26.6.app/Contents/Developer/Toolchains/XcodeDefault.xctoolchain/usr/bin/swift-frontend -frontend -emit-module -experimental-skip-non-inlinable-function-bodies-without-types /Users/runner/work/pocketcare-app/pocketcare-app/apps/ios/Domain/Sources/Domain/Budget.swift /Users/runner/work/pocketcare-app/pocketcare-app/apps/ios/Domain/Sources/Domain/Diagnostics.swift /Users/runner/work/pocketcare-app/pocketcare-app/apps/ios/Domain/Sources/Domain/Dividends.swift /Users/runner/work/pocketcare-app/pocketcare-app/apps/ios/Domain/Sources/Domain/EmiText.swift /Users/runner/work/pocketcare-app/pocketcare-app/apps/ios/Domain/Sources/Domain/Entitlements.swift /Users/runner/work/pocketcare-app/pocketcare-app/apps/ios/Domain/Sources/Domain/Finance.swift /Users/runner/work/pocketcare-app/pocketcare-app/apps/ios/Domain/Sources/Domain/Guardrail.swift /Users/runner/work/pocketcare-app/pocketcare-app/apps/ios/Domain/Sources/Domain/Insights.swift /Users/runner/work/pocketcare-app/pocketcare-app/apps/ios/Domain/Sources/Domain/InvestmentsModel.swift /Users/runner/work/pocketcare-app/pocketcare-app/apps/ios/Domain/Sources/Domain/Ledger.swift /Users/runner/work/pocketcare-app/pocketcare-app/apps/ios/Domain/Sources/Domain/Mindfulness.swift /Users/runner/work/pocketcare-app/pocketcare-app/apps/ios/Domain/Sources/Domain/Money.swift /Users/runner/work/pocketcare-app/pocketcare-app/apps/ios/Domain/Sources/Domain/MoneyFormat.swift /Users/runner/work/pocketcare-app/pocketcare-app/apps/ios/Domain/Sources/Domain/Placeholder.swift /Users/runner/work/pocketcare-app/pocketcare-app/apps/ios/Domain/Sources/Domain/PocketCareSchema.swift /Users/runner/work/pocketcare-app/pocketcare-app/apps/ios/Domain/Sources/Domain/Push.swift /Users/runner/work/pocketcare-app/pocketcare-app/apps/ios/Domain/Sources/Domain/ReceiptsAllocate.swift /Users/runner/work/pocketcare-app/pocketcare-app/apps/ios/Domain/Sources/Domain/ReceiptsFixtures.swift /Users/runner/work/pocketcare-app/pocketcare-app/apps/ios/Domain/Sources/Domain/ReceiptsMoneyText.swift /Users/runner/work/pocketcare-app/pocketcare-app/apps/ios/Domain/Sources/Domain/ReceiptsParse.swift /Users/runner/work/pocketcare-app/pocketcare-app/apps/ios/Domain/Sources/Domain/ReceiptsReconcile.swift /Users/runner/work/pocketcare-app/pocketcare-app/apps/ios/Domain/Sources/Domain/ReceiptsTypes.swift /Users/runner/work/pocketcare-app/pocketcare-app/apps/ios/Domain/Sources/Domain/Reconcile.swift /Users/runner/work/pocketcare-app/pocketcare-app/apps/ios/Domain/Sources/Domain/Recurring.swift /Users/runner/work/pocketcare-app/pocketcare-app/apps/ios/Domain/Sources/Domain/SplitsInsights.swift /Users/runner/work/pocketcare-app/pocketcare-app/apps/ios/Domain/Sources/Domain/SplitsMath.swift /Users/runner/work/pocketcare-app/pocketcare-app/apps/ios/Domain/Sources/Domain/SyncPolicy.swift /Users/runner/work/pocketcare-app/pocketcare-app/apps/ios/Domain/Sources/Domain/Upi.swift -target arm64-apple-ios17.0-simulator -load-resolved-plugin /Applications/Xcode_26.6.app/Contents/Developer/Platforms/iPhoneOS.platform/Developer/usr/lib/swift/host/plugins/libFoundationMacros.dylib\#/Applications/Xcode_26.6.app/Contents/Developer/Platforms/iPhoneOS.platform/Developer/usr/bin/swift-plugin-server\#FoundationMacros -load-resolved-plugin /Applications/Xcode_26.6.app/Contents/Developer/Platforms/iPhoneOS.platform/Developer/usr/lib/swift/host/plugins/libObservationMacros.dylib\#/Applications/Xcode_26.6.app/Contents/Developer/Platforms/iPhoneOS.platform/Developer/usr/bin/swift-plugin-server\#ObservationMacros -load-resolved-plugin /Applications/Xcode_26.6.app/Contents/Developer/Platforms/iPhoneOS.platform/Developer/usr/lib/swift/host/plugins/libSwiftMacros.dylib\#/Applications/Xcode_26.6.app/Contents/Developer/Platforms/iPhoneOS.platform/Developer/usr/bin/swift-plugin-server\#SwiftMacros -disable-implicit-swift-modules -Xcc -fno-implicit-modules -Xcc -fno-implicit-module-maps -explicit-swift-module-map-file /Users/runner/Library/Developer/Xcode/DerivedData/Sanvya-bwihhsrkmjvgkfalnfskjfhhbvju/Build/Intermediates.noindex/Domain.build/Debug-iphonesimulator/Domain.build/Objects-normal/arm64/Domain-dependencies-1.json -Xllvm -aarch64-use-tbi -enable-objc-interop -sdk /Applications/Xcode_26.6.app/Contents/Developer/Platforms/iPhoneSimulator.platform/Developer/SDKs/iPhoneSimulator26.5.sdk -I /Users/runner/Library/Developer/Xcode/DerivedData/Sanvya-bwihhsrkmjvgkfalnfskjfhhbvju/Build/Products/Debug-iphonesimulator -Isystem /Applications/Xcode_26.6.app/Contents/Developer/Platforms/iPhoneSimulator.platform/Developer/usr/lib -F /Users/runner/Library/Developer/Xcode/DerivedData/Sanvya-bwihhsrkmjvgkfalnfskjfhhbvju/Build/Products/Debug-iphonesimulator -F /Applications/Xcode_26.6.app/Contents/Developer/Platforms/iPhoneSimulator.platform/Developer/Library/Frameworks -F /Applications/Xcode_26.6.app/Contents/Developer/Platforms/iPhoneSimulator.platform/Developer/SDKs/iPhoneSimulator26.5.sdk/Developer/Library/Frameworks -no-color-diagnostics -Xcc -fno-color-diagnostics -enable-testing -g -debug-info-format\=dwarf -dwarf-version\=4 -module-cache-path /Users/runner/Library/Developer/Xcode/DerivedData/Sanvya-bwihhsrkmjvgkfalnfskjfhhbvju/Build/Intermediates.noindex/SwiftExplicitPrecompiledModules -swift-version 6 -Onone -D SWIFT_PACKAGE -D DEBUG -D SWIFT_MODULE_RESOURCE_BUNDLE_UNAVAILABLE -D Xcode -serialize-debugging-options -const-gather-protocols-file /Users/runner/Library/Developer/Xcode/DerivedData/Sanvya-bwihhsrkmjvgkfalnfskjfhhbvju/Build/Intermediates.noindex/Domain.build/Debug-iphonesimulator/Domain.build/Objects-normal/arm64/Domain_const_extract_protocols.json -enable-experimental-feature DebugDescriptionMacro -empty-abi-descriptor -validate-clang-modules-once -clang-build-session-file /Users/runner/Library/Developer/Xcode/DerivedData/ModuleCache.noindex/Session.modulevalidation -Xcc -working-directory -Xcc /Users/runner/work/pocketcare-app/pocketcare-app/apps/ios/Sanvya.xcodeproj -enable-anonymous-context-mangled-names -file-compilation-dir /Users/runner/work/pocketcare-app/pocketcare-app/apps/ios/Sanvya.xcodeproj -Xcc -D_LIBCPP_HARDENING_MODE\=_LIBCPP_HARDENING_MODE_DEBUG -Xcc -ivfsstatcache -Xcc /Users/runner/Library/Developer/Xcode/DerivedData/SDKStatCaches.noindex/iphonesimulator26.5-23F81a-688ef53f1462e2c8f657fdc38a81448ff45c64a1807a658693f2a61704f17a36.sdkstatcache -Xcc -I/Users/runner/Library/Developer/Xcode/DerivedData/Sanvya-bwihhsrkmjvgkfalnfskjfhhbvju/Build/Intermediates.noindex/Domain.build/Debug-iphonesimulator/Domain.build/swift-overrides.hmap -Xcc -I/Users/runner/Library/Developer/Xcode/DerivedData/Sanvya-bwihhsrkmjvgkfalnfskjfhhbvju/Build/Products/Debug-iphonesimulator/include -Xcc -I/Users/runner/Library/Developer/Xcode/DerivedData/Sanvya-bwihhsrkmjvgkfalnfskjfhhbvju/Build/Intermediates.noindex/Domain.build/Debug-iphonesimulator/Domain.build/DerivedSources-normal/arm64 -Xcc -I/Users/runner/Library/Developer/Xcode/DerivedData/Sanvya-bwihhsrkmjvgkfalnfskjfhhbvju/Build/Intermediates.noindex/Domain.build/Debug-iphonesimulator/Domain.build/DerivedSources/arm64 -Xcc -I/Users/runner/Library/Developer/Xcode/DerivedData/Sanvya-bwihhsrkmjvgkfalnfskjfhhbvju/Build/Intermediates.noindex/Domain.build/Debug-iphonesimulator/Domain.build/DerivedSources -Xcc -DSWIFT_PACKAGE -Xcc -DDEBUG\=1 -no-auto-bridging-header-chaining -module-name Domain -package-name domain -frontend-parseable-output -disable-clang-spi -clang-target arm64-apple-ios26.5-simulator -target-sdk-version 26.5 -target-sdk-name iphonesimulator26.5 -in-process-plugin-server-path /Applications/Xcode_26.6.app/Contents/Developer/Toolchains/XcodeDefault.xctoolchain/usr/lib/swift/host/libSwiftInProcPluginServer.dylib -emit-module-doc-path /Users/runner/Library/Developer/Xcode/DerivedData/Sanvya-bwihhsrkmjvgkfalnfskjfhhbvju/Build/Intermediates.noindex/Domain.build/Debug-iphonesimulator/Domain.build/Objects-normal/arm64/Domain.swiftdoc -emit-module-source-info-path /Users/runner/Library/Developer/Xcode/DerivedData/Sanvya-bwihhsrkmjvgkfalnfskjfhhbvju/Build/Intermediates.noindex/Domain.build/Debug-iphonesimulator/Domain.build/Objects-normal/arm64/Domain.swiftsourceinfo -emit-objc-header-path /Users/runner/Library/Developer/Xcode/DerivedData/Sanvya-bwihhsrkmjvgkfalnfskjfhhbvju/Build/Intermediates.noindex/Domain.build/Debug-iphonesimulator/Domain.build/Objects-normal/arm64/Domain-Swift.h -serialize-diagnostics-path /Users/runner/Library/Developer/Xcode/DerivedData/Sanvya-bwihhsrkmjvgkfalnfskjfhhbvju/Build/Intermediates.noindex/Domain.build/Debug-iphonesimulator/Domain.build/Objects-normal/arm64/Domain-primary-emit-module.dia -emit-dependencies-path /Users/runner/Library/Developer/Xcode/DerivedData/Sanvya-bwihhsrkmjvgkfalnfskjfhhbvju/Build/Intermediates.noindex/Domain.build/Debug-iphonesimulator/Domain.build/Objects-normal/arm64/Domain-primary-emit-module.d -o /Users/runner/Library/Developer/Xcode/DerivedData/Sanvya-bwihhsrkmjvgkfalnfskjfhhbvju/Build/Intermediates.noindex/Domain.build/Debug-iphonesimulator/Domain.build/Objects-normal/arm64/Domain.swiftmodule -emit-abi-descriptor-path /Users/runner/Library/Developer/Xcode/DerivedData/Sanvya-bwihhsrkmjvgkfalnfskjfhhbvju/Build/Intermediates.noindex/Domain.build/Debug-iphonesimulator/Domain.build/Objects-normal/arm64/Domain.abi.json
SwiftEmitModule normal arm64 Emitting\ module\ for\ ConcurrencyExtras (in target 'ConcurrencyExtras' from project 'swift-concurrency-extras')

EmitSwiftModule normal arm64 (in target 'ConcurrencyExtras' from project 'swift-concurrency-extras')
    cd /Users/runner/work/pocketcare-app/pocketcare-app/apps/ios/Sanvya.xcodeproj
    

SwiftDriverJobDiscovery normal arm64 Emitting module for HTTPTypes (in target 'HTTPTypes' from project 'swift-http-types')

SwiftDriver\ Compilation\ Requirements HTTPTypes normal arm64 com.apple.xcode.tools.swift.compiler (in target 'HTTPTypes' from project 'swift-http-types')
    cd /Users/runner/work/pocketcare-app/pocketcare-app/apps/ios/Sanvya.xcodeproj
    builtin-Swift-Compilation-Requirements -- /Applications/Xcode_26.6.app/Contents/Developer/Toolchains/XcodeDefault.xctoolchain/usr/bin/swiftc -module-name HTTPTypes -Onone @/Users/runner/Library/Developer/Xcode/DerivedData/Sanvya-bwihhsrkmjvgkfalnfskjfhhbvju/Build/Intermediates.noindex/swift-http-types.build/Debug-iphonesimulator/HTTPTypes.build/Objects-normal/arm64/HTTPTypes.SwiftFileList -DSWIFT_PACKAGE -DDEBUG -DSWIFT_MODULE_RESOURCE_BUNDLE_UNAVAILABLE -DFoundationURL -DXcode -enable-upcoming-feature InternalImportsByDefault -enable-upcoming-feature MemberImportVisibility -plugin-path /Applications/Xcode_26.6.app/Contents/Developer/Toolchains/XcodeDefault.xctoolchain/usr/lib/swift/host/plugins/testing -enable-experimental-feature DebugDescriptionMacro -sdk /Applications/Xcode_26.6.app/Contents/Developer/Platforms/iPhoneSimulator.platform/Developer/SDKs/iPhoneSimulator26.5.sdk -target arm64-apple-ios12.0-simulator -g -module-cache-path /Users/runner/Library/Developer/Xcode/DerivedData/ModuleCache.noindex -Xfrontend -serialize-debugging-options -enable-testing -suppress-warnings -index-store-path /Users/runner/Library/Developer/Xcode/DerivedData/Sanvya-bwihhsrkmjvgkfalnfskjfhhbvju/Index.noindex/DataStore -Xcc -D_LIBCPP_HARDENING_MODE\=_LIBCPP_HARDENING_MODE_DEBUG -swift-version 6 -I /Users/runner/Library/Developer/Xcode/DerivedData/Sanvya-bwihhsrkmjvgkfalnfskjfhhbvju/Build/Products/Debug-iphonesimulator -Isystem /Applications/Xcode_26.6.app/Contents/Developer/Platforms/iPhoneSimulator.platform/Developer/usr/lib -F /Users/runner/Library/Developer/Xcode/DerivedData/Sanvya-bwihhsrkmjvgkfalnfskjfhhbvju/Build/Products/Debug-iphonesimulator -F /Applications/Xcode_26.6.app/Contents/Developer/Platforms/iPhoneSimulator.platform/Developer/Library/Frameworks -F /Applications/Xcode_26.6.app/Contents/Developer/Platforms/iPhoneSimulator.platform/Developer/SDKs/iPhoneSimulator26.5.sdk/Developer/Library/Frameworks -c -j3 -enable-batch-mode -incremental -Xcc -ivfsstatcache -Xcc /Users/runner/Library/Developer/Xcode/DerivedData/SDKStatCaches.noindex/iphonesimulator26.5-23F81a-688ef53f1462e2c8f657fdc38a81448ff45c64a1807a658693f2a61704f17a36.sdkstatcache -output-file-map /Users/runner/Library/Developer/Xcode/DerivedData/Sanvya-bwihhsrkmjvgkfalnfskjfhhbvju/Build/Intermediates.noindex/swift-http-types.build/Debug-iphonesimulator/HTTPTypes.build/Objects-normal/arm64/HTTPTypes-OutputFileMap.json -use-frontend-parseable-output -save-temps -no-color-diagnostics -explicit-module-build -module-cache-path /Users/runner/Library/Developer/Xcode/DerivedData/Sanvya-bwihhsrkmjvgkfalnfskjfhhbvju/Build/Intermediates.noindex/SwiftExplicitPrecompiledModules -clang-scanner-module-cache-path /Users/runner/Library/Developer/Xcode/DerivedData/ModuleCache.noindex -sdk-module-cache-path /Users/runner/Library/Developer/Xcode/DerivedData/ModuleCache.noindex -serialize-diagnostics -emit-dependencies -emit-module -emit-module-path /Users/runner/Library/Developer/Xcode/DerivedData/Sanvya-bwihhsrkmjvgkfalnfskjfhhbvju/Build/Intermediates.noindex/swift-http-types.build/Debug-iphonesimulator/HTTPTypes.build/Objects-normal/arm64/HTTPTypes.swiftmodule -user-module-version 1.6.0 -validate-clang-modules-once -clang-build-session-file /Users/runner/Library/Developer/Xcode/DerivedData/ModuleCache.noindex/Session.modulevalidation -package-name swift_http_types -Xcc -I/Users/runner/Library/Developer/Xcode/DerivedData/Sanvya-bwihhsrkmjvgkfalnfskjfhhbvju/Build/Intermediates.noindex/swift-http-types.build/Debug-iphonesimulator/HTTPTypes.build/swift-overrides.hmap -emit-const-values -Xfrontend -const-gather-protocols-file -Xfrontend /Users/runner/Library/Developer/Xcode/DerivedData/Sanvya-bwihhsrkmjvgkfalnfskjfhhbvju/Build/Intermediates.noindex/swift-http-types.build/Debug-iphonesimulator/HTTPTypes.build/Objects-normal/arm64/HTTPTypes_const_extract_protocols.json -Xcc -I/Users/runner/Library/Developer/Xcode/DerivedData/Sanvya-bwihhsrkmjvgkfalnfskjfhhbvju/Build/Products/Debug-iphonesimulator/include -Xcc -I/Users/runner/Library/Developer/Xcode/DerivedData/Sanvya-bwihhsrkmjvgkfalnfskjfhhbvju/Build/Intermediates.noindex/swift-http-types.build/Debug-iphonesimulator/HTTPTypes.build/DerivedSources-normal/arm64 -Xcc -I/Users/runner/Library/Developer/Xcode/DerivedData/Sanvya-bwihhsrkmjvgkfalnfskjfhhbvju/Build/Intermediates.noindex/swift-http-types.build/Debug-iphonesimulator/HTTPTypes.build/DerivedSources/arm64 -Xcc -I/Users/runner/Library/Developer/Xcode/DerivedData/Sanvya-bwihhsrkmjvgkfalnfskjfhhbvju/Build/Intermediates.noindex/swift-http-types.build/Debug-iphonesimulator/HTTPTypes.build/DerivedSources -Xcc -DSWIFT_PACKAGE -Xcc -DDEBUG\=1 -emit-objc-header -emit-objc-header-path /Users/runner/Library/Developer/Xcode/DerivedData/Sanvya-bwihhsrkmjvgkfalnfskjfhhbvju/Build/Intermediates.noindex/swift-http-types.build/Debug-iphonesimulator/HTTPTypes.build/Objects-normal/arm64/HTTPTypes-Swift.h -working-directory /Users/runner/work/pocketcare-app/pocketcare-app/apps/ios/Sanvya.xcodeproj -experimental-emit-module-separately -disable-cmo

SwiftDriverJobDiscovery normal arm64 Emitting module for ConcurrencyExtras (in target 'ConcurrencyExtras' from project 'swift-concurrency-extras')

SwiftDriver\ Compilation\ Requirements ConcurrencyExtras normal arm64 com.apple.xcode.tools.swift.compiler (in target 'ConcurrencyExtras' from project 'swift-concurrency-extras')
    cd /Users/runner/work/pocketcare-app/pocketcare-app/apps/ios/Sanvya.xcodeproj
    builtin-Swift-Compilation-Requirements -- /Applications/Xcode_26.6.app/Contents/Developer/Toolchains/XcodeDefault.xctoolchain/usr/bin/swiftc -module-name ConcurrencyExtras -Onone @/Users/runner/Library/Developer/Xcode/DerivedData/Sanvya-bwihhsrkmjvgkfalnfskjfhhbvju/Build/Intermediates.noindex/swift-concurrency-extras.build/Debug-iphonesimulator/ConcurrencyExtras.build/Objects-normal/arm64/ConcurrencyExtras.SwiftFileList -DSWIFT_PACKAGE -DDEBUG -DSWIFT_MODULE_RESOURCE_BUNDLE_UNAVAILABLE -DXcode -enable-upcoming-feature ExistentialAny -enable-upcoming-feature ImmutableWeakCaptures -enable-upcoming-feature InferIsolatedConformances -enable-upcoming-feature InternalImportsByDefault -enable-upcoming-feature MemberImportVisibility -enable-upcoming-feature NonisolatedNonsendingByDefault -plugin-path /Applications/Xcode_26.6.app/Contents/Developer/Toolchains/XcodeDefault.xctoolchain/usr/lib/swift/host/plugins/testing -enable-experimental-feature DebugDescriptionMacro -sdk /Applications/Xcode_26.6.app/Contents/Developer/Platforms/iPhoneSimulator.platform/Developer/SDKs/iPhoneSimulator26.5.sdk -target arm64-apple-ios13.0-simulator -g -module-cache-path /Users/runner/Library/Developer/Xcode/DerivedData/ModuleCache.noindex -Xfrontend -serialize-debugging-options -enable-testing -suppress-warnings -index-store-path /Users/runner/Library/Developer/Xcode/DerivedData/Sanvya-bwihhsrkmjvgkfalnfskjfhhbvju/Index.noindex/DataStore -Xcc -D_LIBCPP_HARDENING_MODE\=_LIBCPP_HARDENING_MODE_DEBUG -swift-version 6 -I /Users/runner/Library/Developer/Xcode/DerivedData/Sanvya-bwihhsrkmjvgkfalnfskjfhhbvju/Build/Products/Debug-iphonesimulator -Isystem /Applications/Xcode_26.6.app/Contents/Developer/Platforms/iPhoneSimulator.platform/Developer/usr/lib -F /Users/runner/Library/Developer/Xcode/DerivedData/Sanvya-bwihhsrkmjvgkfalnfskjfhhbvju/Build/Products/Debug-iphonesimulator -F /Applications/Xcode_26.6.app/Contents/Developer/Platforms/iPhoneSimulator.platform/Developer/Library/Frameworks -F /Applications/Xcode_26.6.app/Contents/Developer/Platforms/iPhoneSimulator.platform/Developer/SDKs/iPhoneSimulator26.5.sdk/Developer/Library/Frameworks -c -j3 -enable-batch-mode -incremental -Xcc -ivfsstatcache -Xcc /Users/runner/Library/Developer/Xcode/DerivedData/SDKStatCaches.noindex/iphonesimulator26.5-23F81a-688ef53f1462e2c8f657fdc38a81448ff45c64a1807a658693f2a61704f17a36.sdkstatcache -output-file-map /Users/runner/Library/Developer/Xcode/DerivedData/Sanvya-bwihhsrkmjvgkfalnfskjfhhbvju/Build/Intermediates.noindex/swift-concurrency-extras.build/Debug-iphonesimulator/ConcurrencyExtras.build/Objects-normal/arm64/ConcurrencyExtras-OutputFileMap.json -use-frontend-parseable-output -save-temps -no-color-diagnostics -explicit-module-build -module-cache-path /Users/runner/Library/Developer/Xcode/DerivedData/Sanvya-bwihhsrkmjvgkfalnfskjfhhbvju/Build/Intermediates.noindex/SwiftExplicitPrecompiledModules -clang-scanner-module-cache-path /Users/runner/Library/Developer/Xcode/DerivedData/ModuleCache.noindex -sdk-module-cache-path /Users/runner/Library/Developer/Xcode/DerivedData/ModuleCache.noindex -serialize-diagnostics -emit-dependencies -emit-module -emit-module-path /Users/runner/Library/Developer/Xcode/DerivedData/Sanvya-bwihhsrkmjvgkfalnfskjfhhbvju/Build/Intermediates.noindex/swift-concurrency-extras.build/Debug-iphonesimulator/ConcurrencyExtras.build/Objects-normal/arm64/ConcurrencyExtras.swiftmodule -user-module-version 1.4.1 -validate-clang-modules-once -clang-build-session-file /Users/runner/Library/Developer/Xcode/DerivedData/ModuleCache.noindex/Session.modulevalidation -package-name swift_concurrency_extras -Xcc -I/Users/runner/Library/Developer/Xcode/DerivedData/Sanvya-bwihhsrkmjvgkfalnfskjfhhbvju/Build/Intermediates.noindex/swift-concurrency-extras.build/Debug-iphonesimulator/ConcurrencyExtras.build/swift-overrides.hmap -emit-const-values -Xfrontend -const-gather-protocols-file -Xfrontend /Users/runner/Library/Developer/Xcode/DerivedData/Sanvya-bwihhsrkmjvgkfalnfskjfhhbvju/Build/Intermediates.noindex/swift-concurrency-extras.build/Debug-iphonesimulator/ConcurrencyExtras.build/Objects-normal/arm64/ConcurrencyExtras_const_extract_protocols.json -Xcc -I/Users/runner/Library/Developer/Xcode/DerivedData/Sanvya-bwihhsrkmjvgkfalnfskjfhhbvju/Build/Products/Debug-iphonesimulator/include -Xcc -I/Users/runner/Library/Developer/Xcode/DerivedData/Sanvya-bwihhsrkmjvgkfalnfskjfhhbvju/Build/Intermediates.noindex/swift-concurrency-extras.build/Debug-iphonesimulator/ConcurrencyExtras.build/DerivedSources-normal/arm64 -Xcc -I/Users/runner/Library/Developer/Xcode/DerivedData/Sanvya-bwihhsrkmjvgkfalnfskjfhhbvju/Build/Intermediates.noindex/swift-concurrency-extras.build/Debug-iphonesimulator/ConcurrencyExtras.build/DerivedSources/arm64 -Xcc -I/Users/runner/Library/Developer/Xcode/DerivedData/Sanvya-bwihhsrkmjvgkfalnfskjfhhbvju/Build/Intermediates.noindex/swift-concurrency-extras.build/Debug-iphonesimulator/ConcurrencyExtras.build/DerivedSources -Xcc -DSWIFT_PACKAGE -Xcc -DDEBUG\=1 -emit-objc-header -emit-objc-header-path /Users/runner/Library/Developer/Xcode/DerivedData/Sanvya-bwihhsrkmjvgkfalnfskjfhhbvju/Build/Intermediates.noindex/swift-concurrency-extras.build/Debug-iphonesimulator/ConcurrencyExtras.build/Objects-normal/arm64/ConcurrencyExtras-Swift.h -working-directory /Users/runner/work/pocketcare-app/pocketcare-app/apps/ios/Sanvya.xcodeproj -experimental-emit-module-separately -disable-cmo

SwiftMergeGeneratedHeaders /Users/runner/Library/Developer/Xcode/DerivedData/Sanvya-bwihhsrkmjvgkfalnfskjfhhbvju/Build/Intermediates.noindex/GeneratedModuleMaps-iphonesimulator/HTTPTypes-Swift.h /Users/runner/Library/Developer/Xcode/DerivedData/Sanvya-bwihhsrkmjvgkfalnfskjfhhbvju/Build/Intermediates.noindex/swift-http-types.build/Debug-iphonesimulator/HTTPTypes.build/Objects-normal/arm64/HTTPTypes-Swift.h (in target 'HTTPTypes' from project 'swift-http-types')
    cd /Users/runner/Library/Developer/Xcode/DerivedData/Sanvya-bwihhsrkmjvgkfalnfskjfhhbvju/SourcePackages/checkouts/swift-http-types
    builtin-swiftHeaderTool -arch arm64 /Users/runner/Library/Developer/Xcode/DerivedData/Sanvya-bwihhsrkmjvgkfalnfskjfhhbvju/Build/Intermediates.noindex/swift-http-types.build/Debug-iphonesimulator/HTTPTypes.build/Objects-normal/arm64/HTTPTypes-Swift.h -o /Users/runner/Library/Developer/Xcode/DerivedData/Sanvya-bwihhsrkmjvgkfalnfskjfhhbvju/Build/Intermediates.noindex/GeneratedModuleMaps-iphonesimulator/HTTPTypes-Swift.h

Copy /Users/runner/Library/Developer/Xcode/DerivedData/Sanvya-bwihhsrkmjvgkfalnfskjfhhbvju/Build/Products/Debug-iphonesimulator/HTTPTypes.swiftmodule/arm64-apple-ios-simulator.swiftmodule /Users/runner/Library/Developer/Xcode/DerivedData/Sanvya-bwihhsrkmjvgkfalnfskjfhhbvju/Build/Intermediates.noindex/swift-http-types.build/Debug-iphonesimulator/HTTPTypes.build/Objects-normal/arm64/HTTPTypes.swiftmodule (in target 'HTTPTypes' from project 'swift-http-types')
    cd /Users/runner/Library/Developer/Xcode/DerivedData/Sanvya-bwihhsrkmjvgkfalnfskjfhhbvju/SourcePackages/checkouts/swift-http-types
    builtin-copy -exclude .DS_Store -exclude CVS -exclude .svn -exclude .git -exclude .hg -resolve-src-symlinks -rename /Users/runner/Library/Developer/Xcode/DerivedData/Sanvya-bwihhsrkmjvgkfalnfskjfhhbvju/Build/Intermediates.noindex/swift-http-types.build/Debug-iphonesimulator/HTTPTypes.build/Objects-normal/arm64/HTTPTypes.swiftmodule /Users/runner/Library/Developer/Xcode/DerivedData/Sanvya-bwihhsrkmjvgkfalnfskjfhhbvju/Build/Products/Debug-iphonesimulator/HTTPTypes.swiftmodule/arm64-apple-ios-simulator.swiftmodule

Copy /Users/runner/Library/Developer/Xcode/DerivedData/Sanvya-bwihhsrkmjvgkfalnfskjfhhbvju/Build/Products/Debug-iphonesimulator/HTTPTypes.swiftmodule/arm64-apple-ios-simulator.swiftdoc /Users/runner/Library/Developer/Xcode/DerivedData/Sanvya-bwihhsrkmjvgkfalnfskjfhhbvju/Build/Intermediates.noindex/swift-http-types.build/Debug-iphonesimulator/HTTPTypes.build/Objects-normal/arm64/HTTPTypes.swiftdoc (in target 'HTTPTypes' from project 'swift-http-types')
    cd /Users/runner/Library/Developer/Xcode/DerivedData/Sanvya-bwihhsrkmjvgkfalnfskjfhhbvju/SourcePackages/checkouts/swift-http-types
    builtin-copy -exclude .DS_Store -exclude CVS -exclude .svn -exclude .git -exclude .hg -resolve-src-symlinks -rename /Users/runner/Library/Developer/Xcode/DerivedData/Sanvya-bwihhsrkmjvgkfalnfskjfhhbvju/Build/Intermediates.noindex/swift-http-types.build/Debug-iphonesimulator/HTTPTypes.build/Objects-normal/arm64/HTTPTypes.swiftdoc /Users/runner/Library/Developer/Xcode/DerivedData/Sanvya-bwihhsrkmjvgkfalnfskjfhhbvju/Build/Products/Debug-iphonesimulator/HTTPTypes.swiftmodule/arm64-apple-ios-simulator.swiftdoc

Copy /Users/runner/Library/Developer/Xcode/DerivedData/Sanvya-bwihhsrkmjvgkfalnfskjfhhbvju/Build/Products/Debug-iphonesimulator/HTTPTypes.swiftmodule/arm64-apple-ios-simulator.abi.json /Users/runner/Library/Developer/Xcode/DerivedData/Sanvya-bwihhsrkmjvgkfalnfskjfhhbvju/Build/Intermediates.noindex/swift-http-types.build/Debug-iphonesimulator/HTTPTypes.build/Objects-normal/arm64/HTTPTypes.abi.json (in target 'HTTPTypes' from project 'swift-http-types')
    cd /Users/runner/Library/Developer/Xcode/DerivedData/Sanvya-bwihhsrkmjvgkfalnfskjfhhbvju/SourcePackages/checkouts/swift-http-types
    builtin-copy -exclude .DS_Store -exclude CVS -exclude .svn -exclude .git -exclude .hg -resolve-src-symlinks -rename /Users/runner/Library/Developer/Xcode/DerivedData/Sanvya-bwihhsrkmjvgkfalnfskjfhhbvju/Build/Intermediates.noindex/swift-http-types.build/Debug-iphonesimulator/HTTPTypes.build/Objects-normal/arm64/HTTPTypes.abi.json /Users/runner/Library/Developer/Xcode/DerivedData/Sanvya-bwihhsrkmjvgkfalnfskjfhhbvju/Build/Products/Debug-iphonesimulator/HTTPTypes.swiftmodule/arm64-apple-ios-simulator.abi.json

Copy /Users/runner/Library/Developer/Xcode/DerivedData/Sanvya-bwihhsrkmjvgkfalnfskjfhhbvju/Build/Products/Debug-iphonesimulator/HTTPTypes.swiftmodule/Project/arm64-apple-ios-simulator.swiftsourceinfo /Users/runner/Library/Developer/Xcode/DerivedData/Sanvya-bwihhsrkmjvgkfalnfskjfhhbvju/Build/Intermediates.noindex/swift-http-types.build/Debug-iphonesimulator/HTTPTypes.build/Objects-normal/arm64/HTTPTypes.swiftsourceinfo (in target 'HTTPTypes' from project 'swift-http-types')
    cd /Users/runner/Library/Developer/Xcode/DerivedData/Sanvya-bwihhsrkmjvgkfalnfskjfhhbvju/SourcePackages/checkouts/swift-http-types
    builtin-copy -exclude .DS_Store -exclude CVS -exclude .svn -exclude .git -exclude .hg -resolve-src-symlinks -rename /Users/runner/Library/Developer/Xcode/DerivedData/Sanvya-bwihhsrkmjvgkfalnfskjfhhbvju/Build/Intermediates.noindex/swift-http-types.build/Debug-iphonesimulator/HTTPTypes.build/Objects-normal/arm64/HTTPTypes.swiftsourceinfo /Users/runner/Library/Developer/Xcode/DerivedData/Sanvya-bwihhsrkmjvgkfalnfskjfhhbvju/Build/Products/Debug-iphonesimulator/HTTPTypes.swiftmodule/Project/arm64-apple-ios-simulator.swiftsourceinfo

SwiftMergeGeneratedHeaders /Users/runner/Library/Developer/Xcode/DerivedData/Sanvya-bwihhsrkmjvgkfalnfskjfhhbvju/Build/Intermediates.noindex/GeneratedModuleMaps-iphonesimulator/ConcurrencyExtras-Swift.h /Users/runner/Library/Developer/Xcode/DerivedData/Sanvya-bwihhsrkmjvgkfalnfskjfhhbvju/Build/Intermediates.noindex/swift-concurrency-extras.build/Debug-iphonesimulator/ConcurrencyExtras.build/Objects-normal/arm64/ConcurrencyExtras-Swift.h (in target 'ConcurrencyExtras' from project 'swift-concurrency-extras')
    cd /Users/runner/Library/Developer/Xcode/DerivedData/Sanvya-bwihhsrkmjvgkfalnfskjfhhbvju/SourcePackages/checkouts/swift-concurrency-extras
    builtin-swiftHeaderTool -arch arm64 /Users/runner/Library/Developer/Xcode/DerivedData/Sanvya-bwihhsrkmjvgkfalnfskjfhhbvju/Build/Intermediates.noindex/swift-concurrency-extras.build/Debug-iphonesimulator/ConcurrencyExtras.build/Objects-normal/arm64/ConcurrencyExtras-Swift.h -o /Users/runner/Library/Developer/Xcode/DerivedData/Sanvya-bwihhsrkmjvgkfalnfskjfhhbvju/Build/Intermediates.noindex/GeneratedModuleMaps-iphonesimulator/ConcurrencyExtras-Swift.h

Copy /Users/runner/Library/Developer/Xcode/DerivedData/Sanvya-bwihhsrkmjvgkfalnfskjfhhbvju/Build/Products/Debug-iphonesimulator/ConcurrencyExtras.swiftmodule/arm64-apple-ios-simulator.swiftmodule /Users/runner/Library/Developer/Xcode/DerivedData/Sanvya-bwihhsrkmjvgkfalnfskjfhhbvju/Build/Intermediates.noindex/swift-concurrency-extras.build/Debug-iphonesimulator/ConcurrencyExtras.build/Objects-normal/arm64/ConcurrencyExtras.swiftmodule (in target 'ConcurrencyExtras' from project 'swift-concurrency-extras')
    cd /Users/runner/Library/Developer/Xcode/DerivedData/Sanvya-bwihhsrkmjvgkfalnfskjfhhbvju/SourcePackages/checkouts/swift-concurrency-extras
    builtin-copy -exclude .DS_Store -exclude CVS -exclude .svn -exclude .git -exclude .hg -resolve-src-symlinks -rename /Users/runner/Library/Developer/Xcode/DerivedData/Sanvya-bwihhsrkmjvgkfalnfskjfhhbvju/Build/Intermediates.noindex/swift-concurrency-extras.build/Debug-iphonesimulator/ConcurrencyExtras.build/Objects-normal/arm64/ConcurrencyExtras.swiftmodule /Users/runner/Library/Developer/Xcode/DerivedData/Sanvya-bwihhsrkmjvgkfalnfskjfhhbvju/Build/Products/Debug-iphonesimulator/ConcurrencyExtras.swiftmodule/arm64-apple-ios-simulator.swiftmodule

Copy /Users/runner/Library/Developer/Xcode/DerivedData/Sanvya-bwihhsrkmjvgkfalnfskjfhhbvju/Build/Products/Debug-iphonesimulator/ConcurrencyExtras.swiftmodule/arm64-apple-ios-simulator.swiftdoc /Users/runner/Library/Developer/Xcode/DerivedData/Sanvya-bwihhsrkmjvgkfalnfskjfhhbvju/Build/Intermediates.noindex/swift-concurrency-extras.build/Debug-iphonesimulator/ConcurrencyExtras.build/Objects-normal/arm64/ConcurrencyExtras.swiftdoc (in target 'ConcurrencyExtras' from project 'swift-concurrency-extras')
    cd /Users/runner/Library/Developer/Xcode/DerivedData/Sanvya-bwihhsrkmjvgkfalnfskjfhhbvju/SourcePackages/checkouts/swift-concurrency-extras
    builtin-copy -exclude .DS_Store -exclude CVS -exclude .svn -exclude .git -exclude .hg -resolve-src-symlinks -rename /Users/runner/Library/Developer/Xcode/DerivedData/Sanvya-bwihhsrkmjvgkfalnfskjfhhbvju/Build/Intermediates.noindex/swift-concurrency-extras.build/Debug-iphonesimulator/ConcurrencyExtras.build/Objects-normal/arm64/ConcurrencyExtras.swiftdoc /Users/runner/Library/Developer/Xcode/DerivedData/Sanvya-bwihhsrkmjvgkfalnfskjfhhbvju/Build/Products/Debug-iphonesimulator/ConcurrencyExtras.swiftmodule/arm64-apple-ios-simulator.swiftdoc

Copy /Users/runner/Library/Developer/Xcode/DerivedData/Sanvya-bwihhsrkmjvgkfalnfskjfhhbvju/Build/Products/Debug-iphonesimulator/ConcurrencyExtras.swiftmodule/arm64-apple-ios-simulator.abi.json /Users/runner/Library/Developer/Xcode/DerivedData/Sanvya-bwihhsrkmjvgkfalnfskjfhhbvju/Build/Intermediates.noindex/swift-concurrency-extras.build/Debug-iphonesimulator/ConcurrencyExtras.build/Objects-normal/arm64/ConcurrencyExtras.abi.json (in target 'ConcurrencyExtras' from project 'swift-concurrency-extras')
    cd /Users/runner/Library/Developer/Xcode/DerivedData/Sanvya-bwihhsrkmjvgkfalnfskjfhhbvju/SourcePackages/checkouts/swift-concurrency-extras
    builtin-copy -exclude .DS_Store -exclude CVS -exclude .svn -exclude .git -exclude .hg -resolve-src-symlinks -rename /Users/runner/Library/Developer/Xcode/DerivedData/Sanvya-bwihhsrkmjvgkfalnfskjfhhbvju/Build/Intermediates.noindex/swift-concurrency-extras.build/Debug-iphonesimulator/ConcurrencyExtras.build/Objects-normal/arm64/ConcurrencyExtras.abi.json /Users/runner/Library/Developer/Xcode/DerivedData/Sanvya-bwihhsrkmjvgkfalnfskjfhhbvju/Build/Products/Debug-iphonesimulator/ConcurrencyExtras.swiftmodule/arm64-apple-ios-simulator.abi.json

Copy /Users/runner/Library/Developer/Xcode/DerivedData/Sanvya-bwihhsrkmjvgkfalnfskjfhhbvju/Build/Products/Debug-iphonesimulator/ConcurrencyExtras.swiftmodule/Project/arm64-apple-ios-simulator.swiftsourceinfo /Users/runner/Library/Developer/Xcode/DerivedData/Sanvya-bwihhsrkmjvgkfalnfskjfhhbvju/Build/Intermediates.noindex/swift-concurrency-extras.build/Debug-iphonesimulator/ConcurrencyExtras.build/Objects-normal/arm64/ConcurrencyExtras.swiftsourceinfo (in target 'ConcurrencyExtras' from project 'swift-concurrency-extras')
    cd /Users/runner/Library/Developer/Xcode/DerivedData/Sanvya-bwihhsrkmjvgkfalnfskjfhhbvju/SourcePackages/checkouts/swift-concurrency-extras
    builtin-copy -exclude .DS_Store -exclude CVS -exclude .svn -exclude .git -exclude .hg -resolve-src-symlinks -rename /Users/runner/Library/Developer/Xcode/DerivedData/Sanvya-bwihhsrkmjvgkfalnfskjfhhbvju/Build/Intermediates.noindex/swift-concurrency-extras.build/Debug-iphonesimulator/ConcurrencyExtras.build/Objects-normal/arm64/ConcurrencyExtras.swiftsourceinfo /Users/runner/Library/Developer/Xcode/DerivedData/Sanvya-bwihhsrkmjvgkfalnfskjfhhbvju/Build/Products/Debug-iphonesimulator/ConcurrencyExtras.swiftmodule/Project/arm64-apple-ios-simulator.swiftsourceinfo

SwiftExplicitDependencyGeneratePcm arm64 /Users/runner/Library/Developer/Xcode/DerivedData/ModuleCache.noindex/FileProvider-3SGYK4ZF3WC6VNL2DEKEBBOXJ.pcm

SwiftExplicitDependencyGeneratePcm arm64 /Users/runner/Library/Developer/Xcode/DerivedData/ModuleCache.noindex/CoreTransferable-D379YPY7L1SX3A6VBWVJKTPEG.pcm

SwiftExplicitDependencyGeneratePcm arm64 /Users/runner/Library/Developer/Xcode/DerivedData/ModuleCache.noindex/LocalAuthentication-79KEHA806VTD5TOTM5GLI7TIK.pcm

SwiftExplicitDependencyGeneratePcm arm64 /Users/runner/Library/Developer/Xcode/DerivedData/ModuleCache.noindex/OpenGLES-EAPJH4MSWUOKJ2GAT8JUPMHT6.pcm

SwiftEmitModule normal arm64 Emitting\ module\ for\ Crypto (in target 'Crypto' from project 'swift-crypto')

EmitSwiftModule normal arm64 (in target 'Crypto' from project 'swift-crypto')
    cd /Users/runner/work/pocketcare-app/pocketcare-app/apps/ios/Sanvya.xcodeproj
    

SwiftDriverJobDiscovery normal arm64 Compiling _HashTable+Bucket.swift, _HashTable+BucketIterator.swift, _HashTable+Constants.swift, _HashTable+CustomStringConvertible.swift, _HashTable+Testing.swift, _HashTable+UnsafeHandle.swift, _HashTable.swift, _Hashtable+Header.swift, OrderedDictionary+Codable.swift, OrderedDictionary+CustomReflectable.swift, OrderedDictionary+Deprecations.swift, OrderedDictionary+Descriptions.swift, OrderedDictionary+Elements.SubSequence.swift, OrderedDictionary+Elements.swift, OrderedDictionary+Equatable.swift, OrderedDictionary+ExpressibleByDictionaryLiteral.swift, OrderedDictionary+Hashable.swift, OrderedDictionary+Initializers.swift, OrderedDictionary+Invariants.swift, OrderedDictionary+Move.swift, OrderedDictionary+Partial MutableCollection.swift (in target 'OrderedCollections' from project 'swift-collections')

SwiftExplicitDependencyGeneratePcm arm64 /Users/runner/Library/Developer/Xcode/DerivedData/ModuleCache.noindex/DataDetection-74HZLVOQ5JHDCU0ECV7I1QH34.pcm

SwiftExplicitDependencyGeneratePcm arm64 /Users/runner/Library/Developer/Xcode/DerivedData/ModuleCache.noindex/Accessibility-DMU28UOJV5QAJA08NFA7YSP48.pcm

SwiftExplicitDependencyGeneratePcm arm64 /Users/runner/Library/Developer/Xcode/DerivedData/ModuleCache.noindex/UIUtilities-BUDJL0CMMW2NS3HURC9LCW1GU.pcm

SwiftExplicitDependencyGeneratePcm arm64 /Users/runner/Library/Developer/Xcode/DerivedData/ModuleCache.noindex/IOSurface-D79CRHRM4ZZKYRT0FE2Q3WHCB.pcm

SwiftExplicitDependencyGeneratePcm arm64 /Users/runner/Library/Developer/Xcode/DerivedData/ModuleCache.noindex/UniformTypeIdentifiers-CEYWXJRVRZRN0MCGYC7U9ZW1I.pcm

SwiftDriverJobDiscovery normal arm64 Emitting module for Crypto (in target 'Crypto' from project 'swift-crypto')

SwiftDriver\ Compilation\ Requirements Crypto normal arm64 com.apple.xcode.tools.swift.compiler (in target 'Crypto' from project 'swift-crypto')
    cd /Users/runner/work/pocketcare-app/pocketcare-app/apps/ios/Sanvya.xcodeproj
    builtin-Swift-Compilation-Requirements -- /Applications/Xcode_26.6.app/Contents/Developer/Toolchains/XcodeDefault.xctoolchain/usr/bin/swiftc -module-name Crypto -Onone @/Users/runner/Library/Developer/Xcode/DerivedData/Sanvya-bwihhsrkmjvgkfalnfskjfhhbvju/Build/Intermediates.noindex/swift-crypto.build/Debug-iphonesimulator/Crypto.build/Objects-normal/arm64/Crypto.SwiftFileList -DSWIFT_PACKAGE -DDEBUG -DSWIFT_MODULE_RESOURCE_BUNDLE_AVAILABLE -DCRYPTO_IN_SWIFTPM -DXcode -enable-upcoming-feature MemberImportVisibility -plugin-path /Applications/Xcode_26.6.app/Contents/Developer/Toolchains/XcodeDefault.xctoolchain/usr/lib/swift/host/plugins/testing -enable-experimental-feature DebugDescriptionMacro -sdk /Applications/Xcode_26.6.app/Contents/Developer/Platforms/iPhoneSimulator.platform/Developer/SDKs/iPhoneSimulator26.5.sdk -target arm64-apple-ios12.0-simulator -g -module-cache-path /Users/runner/Library/Developer/Xcode/DerivedData/ModuleCache.noindex -Xfrontend -serialize-debugging-options -enable-testing -suppress-warnings -index-store-path /Users/runner/Library/Developer/Xcode/DerivedData/Sanvya-bwihhsrkmjvgkfalnfskjfhhbvju/Index.noindex/DataStore -Xcc -D_LIBCPP_HARDENING_MODE\=_LIBCPP_HARDENING_MODE_DEBUG -swift-version 6 -I /Users/runner/Library/Developer/Xcode/DerivedData/Sanvya-bwihhsrkmjvgkfalnfskjfhhbvju/Build/Products/Debug-iphonesimulator -Isystem /Applications/Xcode_26.6.app/Contents/Developer/Platforms/iPhoneSimulator.platform/Developer/usr/lib -F /Users/runner/Library/Developer/Xcode/DerivedData/Sanvya-bwihhsrkmjvgkfalnfskjfhhbvju/Build/Products/Debug-iphonesimulator -F /Applications/Xcode_26.6.app/Contents/Developer/Platforms/iPhoneSimulator.platform/Developer/Library/Frameworks -F /Applications/Xcode_26.6.app/Contents/Developer/Platforms/iPhoneSimulator.platform/Developer/SDKs/iPhoneSimulator26.5.sdk/Developer/Library/Frameworks -c -j3 -enable-batch-mode -incremental -Xcc -ivfsstatcache -Xcc /Users/runner/Library/Developer/Xcode/DerivedData/SDKStatCaches.noindex/iphonesimulator26.5-23F81a-688ef53f1462e2c8f657fdc38a81448ff45c64a1807a658693f2a61704f17a36.sdkstatcache -output-file-map /Users/runner/Library/Developer/Xcode/DerivedData/Sanvya-bwihhsrkmjvgkfalnfskjfhhbvju/Build/Intermediates.noindex/swift-crypto.build/Debug-iphonesimulator/Crypto.build/Objects-normal/arm64/Crypto-OutputFileMap.json -use-frontend-parseable-output -save-temps -no-color-diagnostics -explicit-module-build -module-cache-path /Users/runner/Library/Developer/Xcode/DerivedData/Sanvya-bwihhsrkmjvgkfalnfskjfhhbvju/Build/Intermediates.noindex/SwiftExplicitPrecompiledModules -clang-scanner-module-cache-path /Users/runner/Library/Developer/Xcode/DerivedData/ModuleCache.noindex -sdk-module-cache-path /Users/runner/Library/Developer/Xcode/DerivedData/ModuleCache.noindex -serialize-diagnostics -emit-dependencies -emit-module -emit-module-path /Users/runner/Library/Developer/Xcode/DerivedData/Sanvya-bwihhsrkmjvgkfalnfskjfhhbvju/Build/Intermediates.noindex/swift-crypto.build/Debug-iphonesimulator/Crypto.build/Objects-normal/arm64/Crypto.swiftmodule -user-module-version 4.5.1 -validate-clang-modules-once -clang-build-session-file /Users/runner/Library/Developer/Xcode/DerivedData/ModuleCache.noindex/Session.modulevalidation -package-name swift_crypto -Xcc -I/Users/runner/Library/Developer/Xcode/DerivedData/Sanvya-bwihhsrkmjvgkfalnfskjfhhbvju/Build/Intermediates.noindex/swift-crypto.build/Debug-iphonesimulator/Crypto.build/swift-overrides.hmap -emit-const-values -Xfrontend -const-gather-protocols-file -Xfrontend /Users/runner/Library/Developer/Xcode/DerivedData/Sanvya-bwihhsrkmjvgkfalnfskjfhhbvju/Build/Intermediates.noindex/swift-crypto.build/Debug-iphonesimulator/Crypto.build/Objects-normal/arm64/Crypto_const_extract_protocols.json -Xcc -I/Users/runner/Library/Developer/Xcode/DerivedData/Sanvya-bwihhsrkmjvgkfalnfskjfhhbvju/Build/Products/Debug-iphonesimulator/include -Xcc -I/Users/runner/Library/Developer/Xcode/DerivedData/Sanvya-bwihhsrkmjvgkfalnfskjfhhbvju/Build/Intermediates.noindex/swift-crypto.build/Debug-iphonesimulator/Crypto.build/DerivedSources-normal/arm64 -Xcc -I/Users/runner/Library/Developer/Xcode/DerivedData/Sanvya-bwihhsrkmjvgkfalnfskjfhhbvju/Build/Intermediates.noindex/swift-crypto.build/Debug-iphonesimulator/Crypto.build/DerivedSources/arm64 -Xcc -I/Users/runner/Library/Developer/Xcode/DerivedData/Sanvya-bwihhsrkmjvgkfalnfskjfhhbvju/Build/Intermediates.noindex/swift-crypto.build/Debug-iphonesimulator/Crypto.build/DerivedSources -Xcc -DSWIFT_PACKAGE -Xcc -DDEBUG\=1 -emit-objc-header -emit-objc-header-path /Users/runner/Library/Developer/Xcode/DerivedData/Sanvya-bwihhsrkmjvgkfalnfskjfhhbvju/Build/Intermediates.noindex/swift-crypto.build/Debug-iphonesimulator/Crypto.build/Objects-normal/arm64/Crypto-Swift.h -working-directory /Users/runner/work/pocketcare-app/pocketcare-app/apps/ios/Sanvya.xcodeproj -experimental-emit-module-separately -disable-cmo

SwiftExplicitDependencyGeneratePcm arm64 /Users/runner/Library/Developer/Xcode/DerivedData/ModuleCache.noindex/Metal-6K8W5RBL0Q8IFYSOZFWMWZJ8C.pcm

SwiftMergeGeneratedHeaders /Users/runner/Library/Developer/Xcode/DerivedData/Sanvya-bwihhsrkmjvgkfalnfskjfhhbvju/Build/Intermediates.noindex/GeneratedModuleMaps-iphonesimulator/Crypto-Swift.h /Users/runner/Library/Developer/Xcode/DerivedData/Sanvya-bwihhsrkmjvgkfalnfskjfhhbvju/Build/Intermediates.noindex/swift-crypto.build/Debug-iphonesimulator/Crypto.build/Objects-normal/arm64/Crypto-Swift.h (in target 'Crypto' from project 'swift-crypto')
    cd /Users/runner/Library/Developer/Xcode/DerivedData/Sanvya-bwihhsrkmjvgkfalnfskjfhhbvju/SourcePackages/checkouts/swift-crypto
    builtin-swiftHeaderTool -arch arm64 /Users/runner/Library/Developer/Xcode/DerivedData/Sanvya-bwihhsrkmjvgkfalnfskjfhhbvju/Build/Intermediates.noindex/swift-crypto.build/Debug-iphonesimulator/Crypto.build/Objects-normal/arm64/Crypto-Swift.h -o /Users/runner/Library/Developer/Xcode/DerivedData/Sanvya-bwihhsrkmjvgkfalnfskjfhhbvju/Build/Intermediates.noindex/GeneratedModuleMaps-iphonesimulator/Crypto-Swift.h

Copy /Users/runner/Library/Developer/Xcode/DerivedData/Sanvya-bwihhsrkmjvgkfalnfskjfhhbvju/Build/Products/Debug-iphonesimulator/Crypto.swiftmodule/arm64-apple-ios-simulator.swiftmodule /Users/runner/Library/Developer/Xcode/DerivedData/Sanvya-bwihhsrkmjvgkfalnfskjfhhbvju/Build/Intermediates.noindex/swift-crypto.build/Debug-iphonesimulator/Crypto.build/Objects-normal/arm64/Crypto.swiftmodule (in target 'Crypto' from project 'swift-crypto')
    cd /Users/runner/Library/Developer/Xcode/DerivedData/Sanvya-bwihhsrkmjvgkfalnfskjfhhbvju/SourcePackages/checkouts/swift-crypto
    builtin-copy -exclude .DS_Store -exclude CVS -exclude .svn -exclude .git -exclude .hg -resolve-src-symlinks -rename /Users/runner/Library/Developer/Xcode/DerivedData/Sanvya-bwihhsrkmjvgkfalnfskjfhhbvju/Build/Intermediates.noindex/swift-crypto.build/Debug-iphonesimulator/Crypto.build/Objects-normal/arm64/Crypto.swiftmodule /Users/runner/Library/Developer/Xcode/DerivedData/Sanvya-bwihhsrkmjvgkfalnfskjfhhbvju/Build/Products/Debug-iphonesimulator/Crypto.swiftmodule/arm64-apple-ios-simulator.swiftmodule

Copy /Users/runner/Library/Developer/Xcode/DerivedData/Sanvya-bwihhsrkmjvgkfalnfskjfhhbvju/Build/Products/Debug-iphonesimulator/Crypto.swiftmodule/arm64-apple-ios-simulator.swiftdoc /Users/runner/Library/Developer/Xcode/DerivedData/Sanvya-bwihhsrkmjvgkfalnfskjfhhbvju/Build/Intermediates.noindex/swift-crypto.build/Debug-iphonesimulator/Crypto.build/Objects-normal/arm64/Crypto.swiftdoc (in target 'Crypto' from project 'swift-crypto')
    cd /Users/runner/Library/Developer/Xcode/DerivedData/Sanvya-bwihhsrkmjvgkfalnfskjfhhbvju/SourcePackages/checkouts/swift-crypto
    builtin-copy -exclude .DS_Store -exclude CVS -exclude .svn -exclude .git -exclude .hg -resolve-src-symlinks -rename /Users/runner/Library/Developer/Xcode/DerivedData/Sanvya-bwihhsrkmjvgkfalnfskjfhhbvju/Build/Intermediates.noindex/swift-crypto.build/Debug-iphonesimulator/Crypto.build/Objects-normal/arm64/Crypto.swiftdoc /Users/runner/Library/Developer/Xcode/DerivedData/Sanvya-bwihhsrkmjvgkfalnfskjfhhbvju/Build/Products/Debug-iphonesimulator/Crypto.swiftmodule/arm64-apple-ios-simulator.swiftdoc

Copy /Users/runner/Library/Developer/Xcode/DerivedData/Sanvya-bwihhsrkmjvgkfalnfskjfhhbvju/Build/Products/Debug-iphonesimulator/Crypto.swiftmodule/arm64-apple-ios-simulator.abi.json /Users/runner/Library/Developer/Xcode/DerivedData/Sanvya-bwihhsrkmjvgkfalnfskjfhhbvju/Build/Intermediates.noindex/swift-crypto.build/Debug-iphonesimulator/Crypto.build/Objects-normal/arm64/Crypto.abi.json (in target 'Crypto' from project 'swift-crypto')
    cd /Users/runner/Library/Developer/Xcode/DerivedData/Sanvya-bwihhsrkmjvgkfalnfskjfhhbvju/SourcePackages/checkouts/swift-crypto
    builtin-copy -exclude .DS_Store -exclude CVS -exclude .svn -exclude .git -exclude .hg -resolve-src-symlinks -rename /Users/runner/Library/Developer/Xcode/DerivedData/Sanvya-bwihhsrkmjvgkfalnfskjfhhbvju/Build/Intermediates.noindex/swift-crypto.build/Debug-iphonesimulator/Crypto.build/Objects-normal/arm64/Crypto.abi.json /Users/runner/Library/Developer/Xcode/DerivedData/Sanvya-bwihhsrkmjvgkfalnfskjfhhbvju/Build/Products/Debug-iphonesimulator/Crypto.swiftmodule/arm64-apple-ios-simulator.abi.json

Copy /Users/runner/Library/Developer/Xcode/DerivedData/Sanvya-bwihhsrkmjvgkfalnfskjfhhbvju/Build/Products/Debug-iphonesimulator/Crypto.swiftmodule/Project/arm64-apple-ios-simulator.swiftsourceinfo /Users/runner/Library/Developer/Xcode/DerivedData/Sanvya-bwihhsrkmjvgkfalnfskjfhhbvju/Build/Intermediates.noindex/swift-crypto.build/Debug-iphonesimulator/Crypto.build/Objects-normal/arm64/Crypto.swiftsourceinfo (in target 'Crypto' from project 'swift-crypto')
    cd /Users/runner/Library/Developer/Xcode/DerivedData/Sanvya-bwihhsrkmjvgkfalnfskjfhhbvju/SourcePackages/checkouts/swift-crypto
    builtin-copy -exclude .DS_Store -exclude CVS -exclude .svn -exclude .git -exclude .hg -resolve-src-symlinks -rename /Users/runner/Library/Developer/Xcode/DerivedData/Sanvya-bwihhsrkmjvgkfalnfskjfhhbvju/Build/Intermediates.noindex/swift-crypto.build/Debug-iphonesimulator/Crypto.build/Objects-normal/arm64/Crypto.swiftsourceinfo /Users/runner/Library/Developer/Xcode/DerivedData/Sanvya-bwihhsrkmjvgkfalnfskjfhhbvju/Build/Products/Debug-iphonesimulator/Crypto.swiftmodule/Project/arm64-apple-ios-simulator.swiftsourceinfo

SwiftExplicitDependencyGeneratePcm arm64 /Users/runner/Library/Developer/Xcode/DerivedData/ModuleCache.noindex/UserNotifications-DFJHN65VWIOEBNC9QT457MG43.pcm

SwiftExplicitDependencyGeneratePcm arm64 /Users/runner/Library/Developer/Xcode/DerivedData/ModuleCache.noindex/OSLog-BQAN4CYWWU3F9R53LY4ULHU20.pcm

SwiftExplicitDependencyGeneratePcm arm64 /Users/runner/Library/Developer/Xcode/DerivedData/ModuleCache.noindex/CoreData-EA3BM8TCBP4FN52TYES5WKW3L.pcm


Test session results, code coverage, and logs:
	/Users/runner/Library/Developer/Xcode/DerivedData/Sanvya-bwihhsrkmjvgkfalnfskjfhhbvju/Logs/Test/Test-Sanvya-2026.08.24_15-26-28-+0000.xcresult

Testing failed:
	Invalid redeclaration of 'floorDiv'
	Invalid redeclaration of 'floorMod'
	Testing cancelled because the build failed.

** TEST FAILED **


The following build commands failed:
	EmitSwiftModule normal arm64 (in target 'Domain' from project 'Domain')
	SwiftEmitModule normal arm64 Emitting\ module\ for\ Domain (in target 'Domain' from project 'Domain')
	Testing project Sanvya with scheme Sanvya
(3 failures)
